states,flag,Avg0,SD0,frust0,time
'00010111',1,0.2081333333333333,0.0010338708279513883,0.23709599147050991,64.7563369920881
'01010011',1,0.2881666666666667,0.0009741092797468271,0.22477625036606194,66.65393999620296
'11101000',1,0.2108,0.0030822070014844805,0.23709599147050991,64.66538795773893
'10101100',1,0.2929,0.0029131884021921144,0.22477625036606194,65.28364891838788
