states,flag,Avg0,SD0,frust0,time
'01001101',1,0.49996666666666667,0.00043622114676949395,0.21072112548788813,61.6040247274593
'10110010',1,0.5000333333333333,0.00043622114676950766,0.21072112548788813,61.61303293418681
