states,flag,Avg0,SD0,frust0,time
'10101100',1,0.5012666666666666,0.0019067132861433633,0.1949877567432261,64.09204902842572
'01010011',1,0.4987333333333333,0.0019067132861433633,0.1949877567432261,64.33618007609863
