states,flag,Avg0,SD0,frust0,time
'00011110',1,0.5028,0.005803447251418778,0.21337381750865655,74.0913637973245
'11100001',1,0.49720000000000003,0.00580344725141874,0.21337381750865655,76.04759589192612
