states,flag,Avg0,SD0,frust0,time
'00111010',1,0.5005833333333333,0.0013310981264437812,0.2115412518977263,86.65252039412002
'11000101',1,0.49940999999999997,0.0013393530776709373,0.2115412518977263,87.13454812369297
'01011100',0,3.3333333333333337e-6,4.714045207910317e-6,0.2144502111659553,1000.0
'10000111',0,3.3333333333333337e-6,4.714045207910317e-6,0.23755011967689307,1000.0
