states,flag,Avg0,SD0,frust0,time
'1010110',1,0.5000033333333332,0.0013272109436290897,0.19135505482430756,35.57807038322243
'0101001',1,0.49999666666666664,0.0013272109436291153,0.19135505482430756,35.62801658793786
