states,flag,Avg0,SD0,frust0,time
'1010011',1,0.5015666666666667,0.003857748335781159,0.20640734112185954,49.16981198405798
'0101100',1,0.49843333333333334,0.003857748335781159,0.20640734112185954,49.1027489813348
