states,flag,Avg0,SD0,frust0,time
'1100110',1,0.5024333333333334,0.0007946627516681895,0.19425183220706269,80.16982742321548
'0011001',1,0.49754666666666664,0.00079315123960622,0.19425183220706269,79.83369226239496
'1110100',0,6.6666666666666675e-6,4.714045207910318e-6,0.21536827538369524,1000.0
'1110010',0,6.6666666666666675e-6,4.714045207910318e-6,0.21032166422146312,1000.0
'1110001',0,3.3333333333333337e-6,4.714045207910317e-6,0.19666811761294792,1000.0
'0001110',0,3.3333333333333337e-6,4.714045207910317e-6,0.19666811761294792,1000.0
