states,flag,Avg0,SD0,frust0,time
'0011110',1,0.5041333333333333,0.0023156472577277724,0.19003594793017,72.69820230823701
'1100001',1,0.4958666666666667,0.0023156472577277815,0.19003594793017,72.4938136972364
