states,flag,Avg0,SD0,frust0,time
'1100001',0,0.25050666666666666,0.0010002110888318668,0.2229851014457623,1000.0
'0011110',0,0.2503066666666667,0.00048582118338152307,0.2229851014457623,1000.0
'0010110',0,0.2500533333333333,0.0008213944782434881,0.22379123878423865,1000.0
'1101001',0,0.24913333333333335,0.0005292972279877898,0.22379123878423865,1000.0
