states,flag,Avg0,SD0,frust0,time
'011010',1,0.17240000000000003,0.00254689353265241,0.17684162299559428,13.417975408556567
'001110',1,0.1671,0.003488074922742728,0.16621734353798523,11.960887416992078
'110001',1,0.16863333333333333,0.0018856180831641283,0.16621734353798523,11.694561251017296
'100101',1,0.16573333333333332,0.004057366414587449,0.17684162299559428,13.104863767528604
'010011',1,0.16233333333333336,0.0036808815369268454,0.16888167653108802,12.659201994398884
'101100',1,0.16379999999999997,0.003398038649966574,0.16888167653108802,12.897250326791728
