states,flag,Avg0,SD0,frust0,time
'011001',1,0.5002333333333334,0.005947735329985333,0.1443809859452256,15.284492441747105
'100110',1,0.49976666666666664,0.005947735329985323,0.1443809859452256,15.292671744060067
