states,flag,Avg0,SD0,frust0,time
'101001',1,0.50051,0.0010681136019481633,0.19807171530869716,36.56090694301974
'010110',1,0.49949,0.0010681136019481466,0.19807171530869716,36.3555692869112
