states,flag,Avg0,SD0,frust0,time
'011100',1,0.2836633333333333,0.0003842163742245004,0.15883976191396548,16.62358651034554
'011001',1,0.21584666666666666,0.0008964497878979177,0.16168737390037943,16.396861637036583
'100011',1,0.28552,0.0003073543015262038,0.15883976191396548,16.4970042253014
'100110',1,0.21497,0.00045438603264918726,0.16168737390037943,16.431217889701752
