states,flag,Avg0,SD0,frust0,time
'110100',1,0.4991999999999999,0.004065300316909736,0.15227774873694402,32.768206512274595
'001011',1,0.5008,0.0040653003169097614,0.15227774873694402,32.6725178034375
