states,flag,Avg0,SD0,frust0,time
'001110',1,0.14303333333333332,0.0006649979114419996,0.1899351137607023,9.515156939992952
'001011',1,0.2047,0.00417212975189731,0.1828498356018631,9.873188809364507
'101010',1,0.1565,0.001551343503762672,0.1987173129680286,8.945123753525515
'110001',1,0.14226666666666668,0.001840893502864545,0.1899351137607023,9.17461617270888
'010101',1,0.15303333333333335,0.0012970050972229156,0.1987173129680286,9.030721444464135
'110100',1,0.20046666666666665,0.0020038851153585577,0.1828498356018631,9.987053989388478
