states,flag,Avg0,SD0,frust0,time
'010110',1,0.29332,0.0011689311356961906,0.19568117910857002,43.38026777535358
'110100',1,0.20719999999999997,0.002296098139598285,0.18770080718971655,36.60480153475681
'101001',1,0.29250333333333334,0.0028227685385490238,0.19568117910857002,42.91834854103442
'001011',1,0.20697666666666667,0.0012765665757108926,0.18770080718971655,36.604758386948525
