states,flag,Avg0,SD0,frust0,time
'001011',1,0.18155999999999997,0.0007286059749045915,0.11713253225601254,12.435454702015171
'101010',1,0.12694333333333332,0.001199898143825367,0.14482308796615098,9.841920395322006
'010101',1,0.12596,0.0009579144011862511,0.14482308796615098,9.847686153023465
'011010',1,0.10334666666666668,0.0005751135153650567,0.17069005408577737,9.012089157758128
'010011',1,0.08811000000000001,0.0005219833969262468,0.19485380389654458,9.990352877700202
'100101',1,0.10346666666666667,0.0007480790213755625,0.17069005408577737,8.947746198999766
'101100',1,0.08838333333333333,0.0003120185179689738,0.19485380389654458,9.983371521141414
'110100',1,0.18223,0.0006521247324451631,0.11713253225601254,12.39966251574445
