states,flag,Avg0,SD0,frust0,time
'001011',1,0.16894666666666666,0.0005889161419270343,0.1916043083387784,16.257866713793945
'110100',1,0.16872,0.0006669832581607129,0.1916043083387784,16.130599710870083
'011010',1,0.33047,0.0013230520271957182,0.17638729841172715,21.941394599186356
'100101',1,0.33186333333333334,0.0011572764963002006,0.17638729841172715,22.01665169868005
