states,flag,Avg0,SD0,frust0,time
'101010',1,0.22746666666666668,0.0016659998666132964,0.18426082274724773,18.219123012949613
'100011',1,0.2711,0.003440930106817059,0.19405127279477957,18.680961467968068
'011100',1,0.2685,0.005107510809255976,0.19405127279477957,18.461378027994538
'010101',1,0.23293333333333333,0.0035159951965584666,0.18426082274724773,17.618324848633904
