states,flag,Avg0,SD0,frust0,time
'001101',1,0.39205,0.001246220954191768,0.12742934797256977,22.66201971179026
'110010',1,0.39142666666666664,0.0012387448845056397,0.12742934797256977,22.736542778902777
'000111',1,0.10745666666666666,0.0007546448760104912,0.1834947085409833,10.82027547974099
'111000',1,0.10906666666666666,0.0012388256087476088,0.1834947085409833,11.044659014121747
