states,flag,Avg0,SD0,frust0,time
'110100',1,0.50076,0.001957617599702944,0.19413417765556035,27.160025586232692
'001011',1,0.49923999999999996,0.0019576175997029362,0.19413417765556035,27.044830722962434
