states,flag,Avg0,SD0,frust0,time
'100110',1,0.29545333333333335,0.000754379804136416,0.2064537701062503,22.599059405534295
'101100',1,0.13755666666666666,0.00029601051032390535,0.20839325255015517,17.51350274873957
'011001',1,0.29336,0.0012337206599010435,0.2064537701062503,22.586768055630227
'010011',1,0.13712666666666665,0.0007903304512811174,0.20839325255015517,17.6111482319707
'011010',1,0.06778,0.0010121594077350962,0.22192276260000038,9.374917957805696
'100101',1,0.06872333333333332,6.599663291074222e-5,0.22192276260000038,9.202470778373431
