states,flag,Avg0,SD0,frust0,time
'100110',1,0.25734666666666667,0.0008212727250365052,0.15425832536787992,12.567183004571802
'011001',1,0.25743333333333335,0.0007761586321250596,0.15425832536787992,12.506681130788392
'000111',1,0.10594333333333333,0.0009207364202395558,0.17936351668953943,7.224185001746217
'010110',1,0.13658333333333336,0.0004071308825863728,0.17199238338131873,7.109643663481002
'101001',1,0.13599000000000003,0.0004121488404286338,0.17199238338131873,7.16349560171867
'111000',1,0.10670333333333333,0.0016183187434975692,0.17936351668953943,7.326790288256977
