states,flag,Avg0,SD0,frust0,time
'010101',1,0.3464133333333333,0.0008868420879101647,0.1370133863183842,17.874358991623218
'101010',1,0.34713666666666665,0.0010545246427761748,0.1370133863183842,17.789692520898452
'111000',1,0.15329,0.0004169732205629827,0.18835946506092954,13.805177459632477
'000111',1,0.15316,0.0007278736154031214,0.18835946506092954,13.754190397481361
