states,flag,Avg0,SD0,frust0,time
'001110',1,0.5007666666666667,0.005317476427362454,0.1712928094366501,61.555728540830046
'110001',1,0.49923333333333325,0.005317476427362454,0.1712928094366501,61.629879677889164
