states,flag,Avg0,SD0,frust0,time
'001101',1,0.18637666666666666,0.0016723702407727308,0.22780722870413828,13.38741692917256
'110010',1,0.18581999999999999,0.0010160052493302675,0.22780722870413828,13.459986850365704
'011010',1,0.18096333333333336,0.0005421766829692647,0.19276795642771574,13.41110428186756
'100101',1,0.18096,0.001054166337285843,0.19276795642771574,13.431304769623232
'011001',1,0.13288666666666665,0.0009433745574031396,0.2274784530810659,10.045046587259622
'100110',1,0.13299333333333332,0.0006930287792645364,0.2274784530810659,10.061962782571774
