states,flag,Avg0,SD0,frust0,time
'110001',1,0.25520000000000004,0.0020049937655763537,0.1979269901233537,15.981688206327924
'110100',1,0.24756666666666663,0.002397684067780581,0.14867112324027912,15.876698045610373
'001110',1,0.25023333333333336,0.0012229290885229496,0.1979269901233537,16.021163477343933
'001011',1,0.247,0.0033891985286593337,0.14867112324027912,16.083035319531053
