states,flag,Avg0,SD0,frust0,time
'001110',1,0.4968333333333333,0.007956688311658886,0.14856458295930317,15.7909118666931
'110001',1,0.5031666666666667,0.007956688311658838,0.14856458295930317,15.762746815558074
