states,flag,Avg0,SD0,frust0,time
'011010',1,0.5007633333333333,0.0025812314029462096,0.15246041496159907,24.94798213451821
'100101',1,0.4992366666666667,0.0025812314029461637,0.15246041496159907,25.003175151781107
