states,flag,Avg0,SD0,frust0,time
'010011',1,0.1253,0.0003021037349432576,0.18311005437513536,10.731383904235964
'110010',1,0.07011,0.0006160086579478154,0.20105584609803356,8.339181943497342
'110001',1,0.10953,0.0005696197562116921,0.21690221561405082,10.83964483186792
'001110',1,0.10931999999999999,0.0006570134448142326,0.21690221561405082,10.904555143930873
'101100',1,0.12649999999999997,0.0008411103772197029,0.18311005437513536,10.843215731865094
'001101',1,0.07056,0.0006523802572120031,0.20105584609803356,8.33957346249157
'011001',1,0.19435666666666665,0.0012296973430708641,0.19638317540046596,13.034870520254069
'100110',1,0.19432333333333332,0.0007484354050655014,0.19638317540046596,13.009981712186542
