states,flag,Avg0,SD0,frust0,time
'101010',1,0.26727,0.0012136171829150487,0.15941154450433417,12.52241935198903
'010101',1,0.26746,0.0013826303434637355,0.15941154450433417,12.493511459943896
'110010',1,0.23367333333333332,0.0009667930951806033,0.16262790985185985,12.056165686587184
'001101',1,0.23159666666666667,0.0013330249643407055,0.16262790985185985,12.110115901314176
