states,flag,Avg0,SD0,frust0,time
'000111',1,0.5,0.00428096562315872,0.19096633214207775,77.56125040939992
'111000',1,0.5,0.004280965623158714,0.19096633214207775,79.30234171875752
