states,flag,Avg0,SD0,frust0,time
'100110',1,0.5014,0.0017146428199482431,0.15998386837809858,34.47869550352842
'011001',1,0.4986,0.0017146428199482332,0.15998386837809858,33.60160962040035
