states,flag,Avg0,SD0,frust0,time
'100110',1,0.11457666666666666,0.0008878938875538891,0.21697437318717666,8.324626192929061
'010101',1,0.11917333333333334,0.0002948822740612899,0.19447590446431595,7.815084541688786
'110001',1,0.14575666666666667,0.000577196288584356,0.19435728384283218,8.715738661691162
'101010',1,0.12061666666666666,0.00031510139461590807,0.19447590446431595,7.932534969907182
'100101',1,0.11969999999999999,0.0006943102092484777,0.1731713272218066,7.531027439565013
'011010',1,0.11947333333333333,0.0009675513193394722,0.1731713272218066,7.424219490001541
'001110',1,0.14574333333333334,0.0003966806720216657,0.19435728384283218,8.65326367820046
'011001',1,0.11496,0.0007032780389006904,0.21697437318717666,8.270345030045481
