states,flag,Avg0,SD0,frust0,time
'010011',1,0.5045999999999999,0.0070275647749890304,0.1749053767514626,32.36224720801743
'101100',1,0.4954,0.007027564774989053,0.1749053767514626,32.41215572100412
