states,flag,Avg0,SD0,frust0,time
'000111',1,0.2715633333333333,0.0012591355059016684,0.14504224226697263,12.810042395680862
'011100',1,0.12444666666666666,0.001057491791404972,0.19445571116941596,7.576819885640187
'111000',1,0.27175,0.00023537204591877944,0.14504224226697263,12.80860823671049
'101010',1,0.10406,0.00045107279530766213,0.17458340303270212,6.241277243814099
'100011',1,0.12396,0.0008491564441648332,0.19445571116941596,7.590603387689888
'010101',1,0.10422,0.0007805553578489252,0.17458340303270212,6.1714281426732756
