states,flag,Avg0,SD0,frust0,time
'011010',1,0.2721033333333333,0.0011289031057722496,0.1411025506106876,16.421856944600396
'001110',1,0.22907,0.001120386837956721,0.1547772136668331,15.99154036958848
'110001',1,0.22757333333333332,0.0012840128071358594,0.1547772136668331,15.947048413083209
'100101',1,0.27125333333333335,0.0013668048710608126,0.1411025506106876,16.523027716428214
