states,flag,Avg0,SD0,frust0,time
'010101',1,0.4183333333333334,0.0026029897340472956,0.11855587572757073,14.721606060904385
'101010',1,0.4245666666666667,0.0028709270666846145,0.11855587572757073,14.67699848079309
'011010',1,0.0789,0.0007071067811865482,0.1934974587735791,5.496977222191684
'100101',1,0.0782,0.0005887840577551894,0.1934974587735791,5.320463137182364
