states,flag,Avg0,SD0,frust0,time
'001011',1,0.4962,0.0030011109054259447,0.20232069554780166,36.64922079253767
'110100',1,0.5038,0.0030011109054259885,0.20232069554780166,36.950981705548365
