states,flag,Avg0,SD0,frust0,time
'110100',1,0.5078,0.003798245208865094,0.16019544448894976,15.608641406630213
'001011',1,0.49219999999999997,0.00379824520886509,0.16019544448894976,15.576883824704078
