states,flag,Avg0,SD0,frust0,time
'100101',1,0.34765666666666667,0.0009539508489551484,0.1684157053920474,21.66125938106381
'011010',1,0.34857999999999995,0.0010897094413955697,0.1684157053920474,21.658861757125553
'101010',1,0.15256666666666666,0.0006536223850375824,0.2029551719484122,18.108605702809772
'010101',1,0.15119666666666667,0.001280737634681237,0.2029551719484122,17.988580525382577
