states,flag,Avg0,SD0,frust0,time
'001101',1,0.3176333333333334,0.0006798692684790575,0.19335819230976312,17.962393016953026
'110010',1,0.31446666666666667,0.0014429907214608883,0.19335819230976312,17.96135339988024
'110100',1,0.18283333333333332,0.004033471072028264,0.18010326807068985,14.635545427075087
'001011',1,0.18506666666666668,0.0044462218668088254,0.18010326807068985,14.40358107868848
