states,flag,Avg0,SD0,frust0,time
'010011',1,0.11186666666666667,0.004008601862107143,0.20196019852937905,8.044692318721197
'010101',1,0.15836666666666666,0.0032561053764001975,0.18959938409151633,10.74200122248015
'011100',1,0.2335,0.003505234181430206,0.18069498804951614,10.986054006184984
'101010',1,0.15990000000000001,0.003196873472629157,0.18959938409151633,10.778808931782196
'101100',1,0.10776666666666668,0.0029578520735305345,0.20196019852937905,7.9459342546105605
'100011',1,0.2286,0.0014696938456699037,0.18069498804951614,10.941974484092265
