states,flag,Avg0,SD0,frust0,time
'011010',1,0.37349000000000004,0.0004084931659975077,0.13983926751042744,13.923290589832659
'001110',1,0.12681666666666666,0.0004219267972317295,0.20423644437842808,8.413074227590842
'100101',1,0.3726566666666667,0.00042287376629702647,0.13983926751042744,13.869168630606787
'110001',1,0.12703666666666666,0.00017613126418163035,0.20423644437842808,8.438889788210576
