states,flag,Avg0,SD0,frust0,time
'100011',1,0.34013333333333334,0.0036021598459196114,0.16197627012295565,14.26025789795883
'010101',1,0.16393333333333335,0.0029488227406128617,0.14556498890761543,8.44575587443503
'101010',1,0.15803333333333333,0.0011145502331533627,0.14556498890761543,8.39483789733024
'011100',1,0.33790000000000003,0.0043848223073080905,0.16197627012295565,14.125076591462957
