states,flag,Avg0,SD0,frust0,time
'110000',1,0.5029666666666667,0.0047415421776276995,0.22931393650796936,15.909936652084786
'001111',1,0.49703333333333327,0.004741542177627678,0.22931393650796936,15.942542558808322
