states,flag,Avg0,SD0,frust0,time
'001101',1,0.4977766666666666,0.0003817794593159137,0.18605490845109193,18.967903607214826
'110010',1,0.5022233333333334,0.000381779459315911,0.18605490845109193,18.976210118414816
