states,flag,Avg0,SD0,frust0,time
'100110',1,0.18896666666666664,0.0004986871653540883,0.13131759073029073,11.152722348298825
'101010',1,0.12030333333333333,0.0005148678363316995,0.17103557851489196,8.28019520514526
'011001',1,0.18782333333333334,0.0010590037246813052,0.13131759073029073,11.149825019360131
'001101',1,0.19144666666666665,0.0017661508680995737,0.15240838238914448,11.135652226035285
'110010',1,0.1900666666666667,0.0010714890988194295,0.15240838238914448,11.063786341183771
'010101',1,0.12139333333333334,0.001165113251529178,0.17103557851489196,8.245942783920425
