states,flag,Avg0,SD0,frust0,time
'100110',1,0.49965666666666664,0.0003458644564308655,0.12162540164642822,16.0490199496241
'011001',1,0.5003433333333334,0.0003458644564309089,0.12162540164642822,16.112568454926237
