states,flag,Avg0,SD0,frust0,time
'000111',1,0.27560333333333337,0.0006434455860616441,0.15378389476235768,16.92121473941585
'101010',1,0.22419,0.0011380978282496948,0.13194896542362652,14.162271727783255
'010101',1,0.22577666666666665,0.001107138453652281,0.13194896542362652,14.218385907319039
'111000',1,0.27443,0.0006064651680022593,0.15378389476235768,16.82328106608113
