states,flag,Avg0,SD0,frust0,time
'010101',1,0.18105666666666667,0.000589764548122564,0.16910880249719393,11.547590963741191
'101010',1,0.17911999999999997,0.0009976305261301184,0.16910880249719393,11.57537580997885
'010011',1,0.15951,0.0019517684288869951,0.17474726630131396,10.26115517337688
'011001',1,0.1595633333333333,0.0006454627969311849,0.20305139330930908,11.32568343079816
'101100',1,0.16068333333333332,0.00022881336402307537,0.17474726630131396,10.24160157394402
'100110',1,0.16006666666666666,0.001320235669197823,0.20305139330930908,11.306383129448227
