states,flag,Avg0,SD0,frust0,time
'011100',1,0.23383333333333334,0.0018785337071473797,0.18441156211781168,12.148421688104875
'010011',1,0.09733333333333333,0.0018061622912192096,0.16801166081317445,5.657826458318504
'101100',1,0.09970000000000001,0.002434474618201363,0.16801166081317445,5.721324283668525
'100011',1,0.22783333333333333,0.003168946547706695,0.18441156211781168,11.990810094288172
'100101',1,0.1709333333333333,0.0024390344173235677,0.2002063285805445,11.484727909502418
'011010',1,0.17036666666666667,0.0012552113589175148,0.2002063285805445,11.70692243621007
