states,flag,Avg0,SD0,frust0,time
'001011',1,0.15536333333333333,0.0005808805576211254,0.17453543535469543,9.459396901947677
'000110',1,0.3446633333333333,0.0010418359862388188,0.16881913264096535,13.477063115323057
'111001',1,0.34371666666666667,0.0005901600536201068,0.16881913264096535,13.477798651084683
'110100',1,0.15625666666666668,0.00022866763848190206,0.17453543535469543,9.535037738191
