states,flag,Avg0,SD0,frust0,time
'101010',1,0.14841666666666667,0.00025952948879762525,0.1385346453747818,7.872373343629275
'100100',1,0.35133666666666663,0.001863497309421786,0.1415492654939718,11.286804175397611
'011011',1,0.3501533333333333,0.0017202002467413165,0.1415492654939718,11.258192439105427
'010101',1,0.15009333333333333,0.00017133463034528078,0.1385346453747818,7.839557880900872
