states,flag,Avg0,SD0,frust0,time
'101100',1,0.13796333333333333,0.0009400827386754591,0.19070299492711945,10.86315486524443
'110010',1,0.1990333333333333,0.0006390791987087509,0.1882782936511802,13.662530081769388
'001101',1,0.19887666666666667,0.0009131751687868516,0.1882782936511802,13.560836394359105
'011010',1,0.16510666666666665,0.0010546510744738667,0.19273771265842168,13.583670035240317
'010011',1,0.13586,0.0012183869117265889,0.19070299492711945,10.826411458318882
'100101',1,0.16316,0.0002743477112473538,0.19273771265842168,13.558585288410194
