states,flag,Avg0,SD0,frust0,time
'010011',1,0.24149999999999996,0.004784001114827077,0.11478954015105962,14.71023038898223
'011100',1,0.26343333333333335,0.006537243727715477,0.12869373674656762,15.682569470213993
'101100',1,0.2406,0.005880476171195657,0.11478954015105962,14.704663078646801
'100011',1,0.2544666666666667,0.006166756756098696,0.12869373674656762,15.184315642502566
