states,flag,Avg0,SD0,frust0,time
'011100',1,0.22829,0.0014163568288629337,0.15925245255048096,10.25633949462464
'101001',1,0.14970333333333333,0.00084159900718149,0.1641893868043001,9.423033406432088
'100011',1,0.22907999999999998,0.0003556215216584376,0.15925245255048096,10.237739243683174
'101100',1,0.12290333333333332,0.0012934278315992558,0.1375068605464905,6.335556443259932
'010110',1,0.14850666666666668,0.00036590830666833474,0.1641893868043001,9.28843976075901
'010011',1,0.12151666666666666,0.001475857566147752,0.1375068605464905,6.286261894430376
