states,flag,Avg0,SD0,frust0,time
'000111',1,0.37002666666666667,0.0008860524188155629,0.16327592629944884,22.956112885875395
'110001',1,0.1308,0.0009880283396745324,0.19613160316986042,15.745145099684846
'111000',1,0.36854666666666663,0.00014659088951531624,0.16327592629944884,22.873126437185306
'001110',1,0.13062666666666667,0.0013664877931722989,0.19613160316986042,15.688155314164257
