states,flag,Avg0,SD0,frust0,time
'010101',1,0.10926666666666666,0.0009285592184789444,0.15951566407444956,5.668601142507246
'101010',1,0.10776666666666668,0.0016519348924485173,0.15951566407444956,5.672279706600975
'111000',1,0.3927333333333333,0.006249444419750871,0.15926445581171267,16.60253625668052
'000111',1,0.39023333333333327,0.007237095795659722,0.15926445581171267,17.007862149633226
