states,flag,Avg0,SD0,frust0,time
'101001',1,0.34101,0.0003569313659514828,0.17034489809538583,36.156942783150676
'010110',1,0.34002333333333334,0.0015869117457782136,0.17034489809538583,36.032933946976534
'010101',1,0.15896333333333335,0.000865036929205273,0.20190245242662147,27.921237584168633
'101010',1,0.1600033333333333,0.0011154172114305658,0.20190245242662147,27.86434156537688
