states,flag,Avg0,SD0,frust0,time
'011001',1,0.5003833333333333,0.0006968660001910176,0.16193991880780478,17.181180668684746
'100110',1,0.49961666666666665,0.0006968660001910068,0.16193991880780478,17.28278318843633
