states,flag,Avg0,SD0,frust0,time
'010101',1,0.11311,0.00098390378933444,0.21541573348992596,7.838065300647344
'110001',1,0.31506666666666666,0.0007208482657412859,0.19002918306734146,13.284115909078631
'001110',1,0.31507666666666667,0.0012799045103270485,0.19002918306734146,13.251448473878886
'011001',1,0.07146333333333334,0.0009357468793547856,0.2505784126897581,5.373954173006733
'101010',1,0.11381666666666666,0.00028662790435607616,0.21541573348992596,7.791045265774188
'100110',1,0.07146666666666666,0.0005105117258420456,0.2505784126897581,5.415863607577456
