states,flag,Avg0,SD0,frust0,time
'010011',1,0.2754666666666667,0.0029408993333483865,0.19560155633110923,14.66206691652472
'101100',1,0.27886666666666665,0.004416886786967604,0.19560155633110923,14.410725597984486
'110010',1,0.21960000000000002,0.002647010892812238,0.21537944000885453,14.58511070126979
'001101',1,0.22606666666666664,0.0006182412330330387,0.21537944000885453,14.229257846090867
