states,flag,Avg0,SD0,frust0,time
'011010',1,0.13826666666666668,0.001132352516764206,0.1906485518286928,8.84537041988978
'101001',1,0.18686666666666665,0.0004496912521077421,0.1937634565270873,10.62864961542378
'011001',1,0.17120000000000002,0.0014988884770611474,0.18791638559093787,10.20428217768383
'100110',1,0.17433333333333334,0.002192917893786473,0.18791638559093787,10.079796761040914
'010110',1,0.1885,0.003225936556516063,0.1937634565270873,10.500708006246716
'100101',1,0.14083333333333334,0.0024850665092821115,0.1906485518286928,8.843094903266824
