states,flag,Avg0,SD0,frust0,time
'010110',1,0.22413333333333332,0.002288133640230733,0.22271446655988678,14.359790825645826
'000111',1,0.2758666666666667,0.0037508517551202787,0.20014619196657257,14.615617973571014
'111000',1,0.2755,0.0034477045503735876,0.20014619196657257,14.557609415526708
'101001',1,0.2245,0.0015769168230019821,0.22271446655988678,14.677981866577843
