states,flag,Avg0,SD0,frust0,time
'110001',1,0.19023333333333334,0.0019362047641943542,0.18232105192298362,16.7418415818024
'001110',1,0.19323333333333334,0.0009463379711052238,0.18232105192298362,16.235065410756604
'001011',1,0.19716666666666668,0.0014884742374510706,0.20104830506335172,15.60381747356241
'110100',1,0.19356666666666666,0.0027824849006278943,0.20104830506335172,16.130956392053637
'001101',1,0.11176666666666668,0.0011953614051360734,0.19726391728825987,12.107445863775263
'110010',1,0.11403333333333333,0.0014055445761538715,0.19726391728825987,12.312324708740382
