states,flag,Avg0,SD0,frust0,time
'101001',1,0.22968333333333332,0.0006038947664029644,0.22055402975534621,17.653412897731396
'010110',1,0.23096333333333333,0.00043698461706970834,0.22055402975534621,17.678748597711976
'001011',1,0.2693433333333333,0.0013276880490369711,0.21765719075319662,17.665168905659446
'110100',1,0.27001000000000003,0.0008515084654110507,0.21765719075319662,17.757112669344213
