states,flag,Avg0,SD0,frust0,time
'111001',1,0.41518000000000005,0.0009232912144424653,0.1654704977253358,13.440618097854335
'000110',1,0.41595333333333334,0.0008586164581594132,0.1654704977253358,13.43885685788242
'101010',1,0.08418666666666667,0.0005169998925424337,0.20463520981078992,6.0987796054973975
'010101',1,0.08467999999999999,0.00041856899072912983,0.20463520981078992,6.070931178137049
