states,flag,Avg0,SD0,frust0,time
'100011',1,0.20468333333333333,0.0016908051993716575,0.16609344735182557,12.664861689844441
'011100',1,0.20357,0.0010690494219944406,0.16609344735182557,12.637702450577924
'010110',1,0.09890333333333334,0.0009958692462143596,0.16735971453520712,5.948795709525171
'101100',1,0.19611333333333333,0.0014008648122578573,0.17976933925855285,12.793962161231752
'010011',1,0.19729333333333332,0.0007813805446487296,0.17976933925855285,12.819653349717006
'101001',1,0.09943666666666667,0.00037419543319263646,0.16735971453520712,5.919563041925379
