states,flag,Avg0,SD0,frust0,time
'001011',1,0.12386666666666667,0.0007466517855659952,0.1425930936285008,7.00886531285263
'110010',1,0.37666,0.0012164703037887783,0.13675157890018844,13.291810153258789
'001101',1,0.3757533333333334,0.001377687273013072,0.13675157890018844,13.317230923718805
'110100',1,0.12372000000000001,0.001042976509802598,0.1425930936285008,7.021243855417388
