states,flag,Avg0,SD0,frust0,time
'000111',1,0.21223333333333336,0.0023626726862225824,0.1752217080725617,10.53160198038902
'111000',1,0.21673333333333333,0.0018571184369578792,0.1752217080725617,10.555966524315602
'011010',1,0.1922,0.0037665191711534697,0.17530954079610542,10.520853503273024
'010110',1,0.09316666666666666,0.0013912424503139472,0.18562231952557645,5.888732014671572
'100101',1,0.19100000000000003,0.0012832251036613404,0.17530954079610542,10.499282378951792
'101001',1,0.09466666666666668,0.0018263503375736969,0.18562231952557645,6.081281440961625
