states,flag,Avg0,SD0,frust0,time
'011010',1,0.26,0.0007071539200673866,0.17564946686339142,20.682308815128067
'110001',1,0.23884333333333332,0.0004028509512076258,0.16950534943369203,19.66982132992855
'100101',1,0.26155333333333336,0.0017515199748282134,0.17564946686339142,20.887801188496567
'001110',1,0.2396033333333333,0.0020241266978351085,0.16950534943369203,19.599159281214256
