states,flag,Avg0,SD0,frust0,time
'010101',1,0.36379999999999996,0.005061620293937507,0.20003537518705372,16.867751182944325
'101010',1,0.3602,0.0018779421361337669,0.20003537518705372,17.031484583125735
'010011',1,0.13603333333333334,0.000984321537348899,0.2342966164217642,8.567281741307623
'101100',1,0.13996666666666666,0.005456698228375421,0.2342966164217642,8.18901968683002
