states,flag,Avg0,SD0,frust0,time
'010011',1,0.37013333333333337,0.0004496912521077373,0.2225809779709139,21.504881314523516
'000111',1,0.13570000000000002,0.0029063149634316497,0.24199637071105723,14.20319745091993
'111000',1,0.13366666666666668,0.003953338954464805,0.24199637071105723,14.145640766792736
'101100',1,0.36050000000000004,0.002174089847882699,0.2225809779709139,21.230161380596382
