states,flag,Avg0,SD0,frust0,time
'110001',1,0.12719999999999998,0.0014306175822583187,0.18670917618319813,8.12527067373959
'110100',1,0.1527,0.002122891110412089,0.17990679047897876,8.867323541398337
'001101',1,0.10516666666666667,0.0029238483012784507,0.2184144365386513,7.795015577117675
'110010',1,0.1025,0.002192411153654046,0.2184144365386513,7.666992611884443
'001110',1,0.1213,0.0027652606869274887,0.18670917618319813,8.06525645689408
'101100',1,0.12,0.0011430952132988152,0.19650501638504103,8.248155485052132
'010011',1,0.11986666666666666,0.0016438437341250618,0.19650501638504103,8.304390696907943
'001011',1,0.15126666666666666,0.004166799997866743,0.17990679047897876,8.87123442740821
