states,flag,Avg0,SD0,frust0,time
'111000',1,0.14273333333333335,0.003171049598406744,0.21116395626975554,14.908215363586637
'001011',1,0.22263333333333332,0.0013912424503139413,0.21874589454552804,18.71167618017585
'011010',1,0.13523333333333332,0.004041726803676311,0.19372061964876655,16.0535547642685
'110100',1,0.2232666666666667,0.003087969487471584,0.21874589454552804,19.147482449566724
'000111',1,0.1406,0.002303620339089463,0.21116395626975554,14.475404209401532
'100101',1,0.13553333333333334,0.0029465610840812718,0.19372061964876655,16.71912332435092
