states,flag,Avg0,SD0,frust0,time
'110100',1,0.19063333333333332,0.004099864496405814,0.10628286829007104,8.066403348835323
'101100',1,0.30929999999999996,0.001651262143533451,0.09750946876944032,12.546458751623419
'010011',1,0.30739999999999995,0.004198412398355686,0.09750946876944032,12.538758962296038
'001011',1,0.19266666666666665,0.003143600200760627,0.10628286829007104,8.090214094886287
