states,flag,Avg0,SD0,frust0,time
'110100',1,0.17808333333333334,0.00032561053764002315,0.13337854469978389,9.25554179456278
'100011',1,0.14486000000000002,0.0014375210143391494,0.17070961484772668,9.171624301598335
'011100',1,0.14451666666666665,0.0006207701310111074,0.17070961484772668,9.194862584174016
'001011',1,0.17720666666666665,0.00022895899681432436,0.13337854469978389,9.210705183176737
'010110',1,0.07923333333333332,0.00045565581552551627,0.1643464040644715,4.700888915039401
'101001',1,0.07845333333333333,0.00031201851796897935,0.1643464040644715,4.673700457486478
'110001',1,0.09863333333333334,0.0007579064732684555,0.13495683969213274,5.72739197260389
'001110',1,0.09901333333333333,0.0005149325737953994,0.13495683969213274,5.7162030149774425
