states,flag,Avg0,SD0,frust0,time
'110100',1,0.50071,0.0016494241419355903,0.1574699986681015,16.57294441188625
'001011',1,0.49929,0.0016494241419355796,0.1574699986681015,16.595442586551354
