states,flag,Avg0,SD0,frust0,time
'011100',1,0.2812766666666667,0.00133062224374747,0.13324378365991085,11.736049364133576
'110100',1,0.12102,0.000224499443206436,0.15459233601786268,5.916618166701269
'100011',1,0.28067666666666663,0.0020936783155224613,0.13324378365991085,11.704543176484663
'100110',1,0.09728999999999999,0.001152041665913174,0.16970862858899557,5.38404978922538
'001011',1,0.12253666666666667,0.0006064285246882407,0.15459233601786268,5.943862500741072
'011001',1,0.0972,0.0005027922035990582,0.16970862858899557,5.359950962211175
