states,flag,Avg0,SD0,frust0,time
'001101',1,0.22062,0.001434596342762194,0.15371708297301806,12.503619626234189
'010011',1,0.2804866666666667,0.0008008467740807641,0.20435963195862314,14.644200633138297
'110010',1,0.21878,0.000809979423606961,0.15371708297301806,12.422554588894386
'101100',1,0.2801133333333334,0.0002463511495586884,0.20435963195862314,14.613610311367573
