states,flag,Avg0,SD0,frust0,time
'011100',1,0.2013666666666667,0.0013072447700751752,0.16652156327800977,10.730261479498337
'010011',1,0.2009,0.0032567877834864594,0.1347458470193422,9.699870050866926
'110100',1,0.0968,0.0009416297927883659,0.1527044256314303,5.708651953512802
'100011',1,0.20036666666666667,0.006343675765849187,0.16652156327800977,10.504750281366837
'101100',1,0.19843333333333335,0.004502098276236189,0.1347458470193422,9.904673378233172
'001011',1,0.10213333333333334,0.0013695092389449425,0.1527044256314303,5.634534776311756
