states,flag,Avg0,SD0,frust0,time
'100011',1,0.2169,0.003137939876203288,0.1666323241934754,11.660551817378847
'011100',1,0.22340000000000002,0.004409837487557411,0.1666323241934754,11.530226270271532
'101010',1,0.14993333333333334,0.0007133644853010931,0.18713602328867174,9.712254306708969
'111000',1,0.12933333333333333,0.002684937408746973,0.20490645454664333,8.422565299019114
'000111',1,0.12993333333333332,0.0025940101944458252,0.20490645454664333,8.610425370981906
'010101',1,0.1505,0.0011343133018115758,0.18713602328867174,9.44053575792274
