states,flag,Avg0,SD0,frust0,time
'101100',1,0.13805333333333333,0.00020368821489936064,0.12025983893966524,7.9585341860732015
'100101',1,0.13494333333333333,0.0005076963221804569,0.11746530409935613,8.200490912725146
'011010',1,0.1370733333333333,0.000320659043568433,0.11746530409935613,8.251546752898303
'100011',1,0.22593333333333332,0.00023328570942563284,0.0768128358249069,10.487760183209579
'010011',1,0.13737,0.0011625259853726589,0.12025983893966524,8.01066857556094
'011100',1,0.22662666666666667,0.0006773149603807294,0.0768128358249069,10.48222927150964
