states,flag,Avg0,SD0,frust0,time
'01',1,0.49792,0.0009899831648400089,0.0,2.0
'10',1,0.50208,0.0009899831648399985,0.0,2.0
