states,flag,Avg0,SD0,frust0,time
'01',1,0.49976666666666664,0.0015084944665313185,0.0,2.0
'10',1,0.5002333333333333,0.0015084944665312923,0.0,2.0
