states,flag,Avg0,SD0,frust0,time
'01',1,0.5032333333333333,0.005149325737954011,0.0,2.0
'10',1,0.49676666666666663,0.005149325737953992,0.0,2.0
