states,flag,Avg0,SD0,frust0,time
'10',1,0.5036999999999999,0.004459446901429227,0.0,2.0
'01',1,0.4963,0.004459446901429213,0.0,2.0
