states,flag,Avg0,SD0,frust0,time
'10',1,0.4993266666666667,0.0008161835305588962,0.0,2.0
'01',1,0.5006733333333334,0.0008161835305588823,0.0,2.0
