states,flag,Avg0,SD0,frust0,time
'01',1,0.4997,0.003455430508634185,0.0,2.0
'10',1,0.5003000000000001,0.003455430508634185,0.0,2.0
