states,flag,Avg0,SD0,frust0,time
'01',1,0.49639999999999995,0.00347275107083707,0.0,2.0
'10',1,0.5035999999999999,0.0034727510708370624,0.0,2.0
