states,flag,Avg0,SD0,frust0,time
'01',1,0.49970000000000003,0.004373404470966139,0.0,2.0
'10',1,0.5003000000000001,0.0043734044709661185,0.0,2.0
