states,flag,Avg0,SD0,frust0,time
'01',1,0.5006033333333333,0.0006191571331701886,0.0,2.0
'10',1,0.4993966666666667,0.0006191571331701963,0.0,2.0
