states,flag,Avg0,SD0,frust0,time
'10',1,0.49971666666666664,0.002224624812312298,0.0,2.0
'01',1,0.5002833333333333,0.0022246248123123083,0.0,2.0
