states,flag,Avg0,SD0,frust0,time
'10',1,0.5001500000000001,0.001838169379210394,0.0,2.0
'01',1,0.49985000000000007,0.001838169379210373,0.0,2.0
