states,flag,Avg0,SD0,frust0,time
'10',1,0.4988666666666666,0.005561974070018266,0.0,2.0
'01',1,0.5011333333333333,0.00556197407001829,0.0,2.0
