states,flag,Avg0,SD0,frust0,time
'01',1,0.5011,0.0026063895845914262,0.0,2.0
'10',1,0.49890000000000007,0.0026063895845914427,0.0,2.0
