states,flag,Avg0,SD0,frust0,time
'10',1,0.5001966666666666,0.001039786302831276,0.0,2.0
'01',1,0.4998033333333334,0.0010397863028312963,0.0,2.0
