states,flag,Avg0,SD0,frust0,time
'10',1,0.5006766666666667,0.0008115965062079173,0.0,2.0
'01',1,0.49932333333333334,0.0008115965062079173,0.0,2.0
