states,flag,Avg0,SD0,frust0,time
'01',1,0.4971666666666667,0.0027047283700134144,0.0,2.0
'10',1,0.5028333333333334,0.0027047283700134383,0.0,2.0
