states,flag,Avg0,SD0,frust0,time
'10',1,0.5004366666666668,0.0006123905797954626,0.0,2.0
'01',1,0.49956333333333336,0.0006123905797954853,0.0,2.0
