states,flag,Avg0,SD0,frust0,time
'01',1,0.49813,0.0007451621747422896,0.0,2.0
'10',1,0.50187,0.0007451621747423152,0.0,2.0
