states,flag,Avg0,SD0,frust0,time
'10',1,0.5001000000000001,0.0016309506430300178,0.0,2.0
'01',1,0.4999,0.0016309506430300122,0.0,2.0
