states,flag,Avg0,SD0,frust0,time
'01',1,0.5006333333333334,0.0013318742016004616,0.0,2.0
'10',1,0.4993666666666667,0.0013318742016004616,0.0,2.0
