states,flag,Avg0,SD0,frust0,time
'01',1,0.49974333333333326,0.001451122171133638,0.0,2.0
'10',1,0.5002566666666667,0.001451122171133601,0.0,2.0
