states,flag,Avg0,SD0,frust0,time
'01',1,0.5007,0.0026993826454703995,0.0,2.0
'10',1,0.4993,0.0026993826454703843,0.0,2.0
