states,flag,Avg0,SD0,frust0,time
'10',1,0.49893666666666664,0.000625690729425396,0.0,2.0
'01',1,0.5010633333333333,0.0006256907294254364,0.0,2.0
