states,flag,Avg0,SD0,frust0,time
'01',1,0.49606666666666666,0.00746830339203995,0.0,2.0
'10',1,0.5039333333333332,0.007468303392039959,0.0,2.0
