states,flag,Avg0,SD0,frust0,time
'10',1,0.5005000000000001,0.005107510809255994,0.0,2.0
'01',1,0.4995,0.005107510809255994,0.0,2.0
