states,flag,Avg0,SD0,frust0,time
'01',1,0.49396666666666667,0.006387661717891944,0.0,2.0
'10',1,0.5060333333333333,0.006387661717891944,0.0,2.0
