states,flag,Avg0,SD0,frust0,time
'01',1,0.5019333333333333,0.0028075295585660797,0.0,2.0
'10',1,0.49806666666666666,0.0028075295585660797,0.0,2.0
