states,flag,Avg0,SD0,frust0,time
'01',1,0.5008033333333333,0.0015933472802736924,0.0,2.0
'10',1,0.4991966666666667,0.0015933472802736933,0.0,2.0
