states,flag,Avg0,SD0,frust0,time
'01',1,0.4993999999999999,0.0010043903623591622,0.0,2.0
'10',1,0.5005999999999999,0.0010043903623591617,0.0,2.0
