states,flag,Avg0,SD0,frust0,time
'01',1,0.4965,0.00502195181179591,0.0,2.0
'10',1,0.5035,0.005021951811795884,0.0,2.0
