states,flag,Avg0,SD0,frust0,time
'10',1,0.4996333333333333,0.0057973173872825495,0.0,2.0
'01',1,0.5003666666666666,0.005797317387282568,0.0,2.0
