states,flag,Avg0,SD0,frust0,time
'01',1,0.5006766666666667,0.0015778748013986499,0.0,2.0
'10',1,0.49932333333333334,0.001577874801398671,0.0,2.0
