states,flag,Avg0,SD0,frust0,time
'10',1,0.50099,0.00037478882943152246,0.0,2.0
'01',1,0.49901,0.0003747888294315476,0.0,2.0
