states,flag,Avg0,SD0,frust0,time
'01',1,0.49710000000000004,0.0026318561257535856,0.0,2.0
'10',1,0.5029,0.002631856125753607,0.0,2.0
