states,flag,Avg0,SD0,frust0,time
'01',1,0.5008400000000001,0.0006642790578263403,0.0,2.0
'10',1,0.49916,0.0006642790578263662,0.0,2.0
