states,flag,Avg0,SD0,frust0,time
'01',1,0.49878,0.0005158165048412659,0.0,2.0
'10',1,0.50122,0.0005158165048412554,0.0,2.0
