states,flag,Avg0,SD0,frust0,time
'10',1,0.501,0.00939467934524643,0.0,2.0
'01',1,0.49899999999999994,0.009394679345246409,0.0,2.0
