states,flag,Avg0,SD0,frust0,time
'10',1,0.50142,0.0010130153009703293,0.0,2.0
'01',1,0.49858,0.0010130153009703293,0.0,2.0
