states,flag,Avg0,SD0,frust0,time
'01',1,0.4926,0.0066377707101104326,0.0,2.0
'10',1,0.5074,0.006637770710110432,0.0,2.0
