states,flag,Avg0,SD0,frust0,time
'10',1,0.4981333333333333,0.0027812866726670943,0.0,2.0
'01',1,0.5018666666666667,0.0027812866726670943,0.0,2.0
