states,flag,Avg0,SD0,frust0,time
'10',1,0.4997466666666666,0.000606098635170524,0.0,2.0
'01',1,0.5002533333333333,0.0006060986351705132,0.0,2.0
