states,flag,Avg0,SD0,frust0,time
'10',1,0.49947,0.00016512621435333817,0.0,2.0
'01',1,0.50053,0.00016512621435336395,0.0,2.0
