states,flag,Avg0,SD0,frust0,time
'01',1,0.5012333333333333,0.0003858612300930002,0.0,2.0
'10',1,0.49876666666666664,0.0003858612300930162,0.0,2.0
