states,flag,Avg0,SD0,frust0,time
'10',1,0.49889333333333336,0.0006462369706402066,0.0,2.0
'01',1,0.5011066666666667,0.0006462369706401824,0.0,2.0
