states,flag,Avg0,SD0,frust0,time
'10',1,0.5010100000000001,0.0010030287466801081,0.0,2.0
'01',1,0.49899000000000004,0.0010030287466801337,0.0,2.0
