states,flag,Avg0,SD0,frust0,time
'01',1,0.4987000000000001,0.005639739946723325,0.0,2.0
'10',1,0.5013,0.0056397399467233,0.0,2.0
