states,flag,Avg0,SD0,frust0,time
'01',1,0.4993666666666667,0.0007349074015744421,0.0,2.0
'10',1,0.5006333333333334,0.0007349074015744328,0.0,2.0
