states,flag,Avg0,SD0,frust0,time
'10',1,0.5003633333333334,0.0021783837025546446,0.0,2.0
'01',1,0.4996366666666667,0.002178383702554603,0.0,2.0
