states,flag,Avg0,SD0,frust0,time
'01',1,0.49954666666666664,0.0013192506290399238,0.0,2.0
'10',1,0.5004533333333333,0.0013192506290399461,0.0,2.0
