states,flag,Avg0,SD0,frust0,time
'10',1,0.49793333333333334,0.0032704060230429283,0.0,2.0
'01',1,0.5020666666666667,0.0032704060230429283,0.0,2.0
