states,flag,Avg0,SD0,frust0,time
'01',1,0.5014500000000001,0.0006864886500639735,0.0,2.0
'10',1,0.49855,0.0006864886500639735,0.0,2.0
