states,flag,Avg0,SD0,frust0,time
'01',1,0.5008333333333334,0.002735365098523809,0.0,2.0
'10',1,0.4991666666666667,0.0027353650985238193,0.0,2.0
