states,flag,Avg0,SD0,frust0,time
'01',1,0.5001433333333333,0.00039852505846209275,0.0,2.0
'10',1,0.49985666666666667,0.0003985250584621109,0.0,2.0
