states,flag,Avg0,SD0,frust0,time
'10',1,0.5009666666666667,0.00183223603525553,0.0,2.0
'01',1,0.4990333333333334,0.0018322360352555267,0.0,2.0
