states,flag,Avg0,SD0,frust0,time
'01',1,0.49767999999999996,7.348469228350085e-5,0.0,2.0
'10',1,0.50232,7.348469228352352e-5,0.0,2.0
