states,flag,Avg0,SD0,frust0,time
'10',1,0.4997766666666667,0.0015686158087803099,0.0,2.0
'01',1,0.5002233333333334,0.0015686158087803237,0.0,2.0
