states,flag,Avg0,SD0,frust0,time
'10',1,0.5015999999999999,0.003636848452529548,0.0,2.0
'01',1,0.49839999999999995,0.003636848452529552,0.0,2.0
