states,flag,Avg0,SD0,frust0,time
'01',1,0.5012633333333333,0.001275965865095498,0.0,2.0
'10',1,0.49873666666666666,0.001275965865095507,0.0,2.0
