states,flag,Avg0,SD0,frust0,time
'10',1,0.5017333333333333,0.0026132142830026257,0.0,2.0
'01',1,0.49826666666666664,0.0026132142830026022,0.0,2.0
