states,flag,Avg0,SD0,frust0,time
'01',1,0.4990666666666666,0.004579179936286527,0.0,2.0
'10',1,0.5009333333333333,0.004579179936286486,0.0,2.0
