states,flag,Avg0,SD0,frust0,time
'10',1,0.4986,0.007979974937304016,0.0,2.0
'01',1,0.5014,0.00797997493730399,0.0,2.0
