states,flag,Avg0,SD0,frust0,time
'01',1,0.4984333333333333,0.0066614979963635435,0.0,2.0
'10',1,0.5015666666666667,0.006661497996363569,0.0,2.0
