states,flag,Avg0,SD0,frust0,time
'10',1,0.5003366666666667,0.0005122716293356575,0.0,2.0
'01',1,0.49966333333333335,0.0005122716293356598,0.0,2.0
