states,flag,Avg0,SD0,frust0,time
'01',1,0.49881000000000003,0.00189252917194602,0.0,2.0
'10',1,0.5011900000000001,0.0018925291719460455,0.0,2.0
