states,flag,Avg0,SD0,frust0,time
'10',1,0.4997933333333333,0.0011422297881288428,0.0,2.0
'01',1,0.5002066666666667,0.0011422297881288712,0.0,2.0
