states,flag,Avg0,SD0,frust0,time
'10',1,0.4989233333333334,0.001517109825366028,0.0,2.0
'01',1,0.5010766666666666,0.001517109825366073,0.0,2.0
