states,flag,Avg0,SD0,frust0,time
'10',1,0.4998533333333333,0.0011482547142898582,0.0,2.0
'01',1,0.5001466666666666,0.0011482547142898398,0.0,2.0
