states,flag,Avg0,SD0,frust0,time
'10',1,0.49853333333333333,0.005406374837993464,0.0,2.0
'01',1,0.5014666666666666,0.005406374837993454,0.0,2.0
