states,flag,Avg0,SD0,frust0,time
'01',1,0.5001666666666666,0.00033993463423950696,0.0,2.0
'10',1,0.49983333333333335,0.00033993463423950696,0.0,2.0
