states,flag,Avg0,SD0,frust0,time
'10',1,0.5008333333333334,0.002478350706058818,0.0,2.0
'01',1,0.4991666666666667,0.002478350706058814,0.0,2.0
