states,flag,Avg0,SD0,frust0,time
'10',1,0.5,0.001964688270438838,0.0,2.0
'01',1,0.5,0.0019646882704388363,0.0,2.0
