states,flag,Avg0,SD0,frust0,time
'10',1,0.5031666666666667,0.0042034377465223404,0.0,2.0
'01',1,0.4968333333333333,0.004203437746522366,0.0,2.0
