states,flag,Avg0,SD0,frust0,time
'001',1,0.2502166666666667,0.0017382430465527246,0.07118653622165402,3.203751795449868
'110',1,0.24935333333333334,0.0015910234302346272,0.07118653622165402,3.193924302309339
'011',1,0.24970666666666666,0.0011487481108677455,0.09660342265158665,3.1965503064008285
'100',1,0.25072333333333335,0.0003916063783387079,0.09660342265158665,3.189508268888409
