states,flag,Avg0,SD0,frust0,time
'100',1,0.16506666666666667,0.0034567164895155703,0.14471592253192803,2.0
'010',1,0.33236666666666664,0.005279730632859547,0.06138898456873403,3.3701484100655095
'011',1,0.16576666666666667,0.004401009985093078,0.14471592253192803,2.0
'101',1,0.33680000000000004,0.006375473838599502,0.06138898456873403,3.3409916568069007
