states,flag,Avg0,SD0,frust0,time
'110',1,0.16466666666666666,0.004126607430915736,0.17133017534313189,2.0
'010',1,0.3343,0.0011575836902790152,0.09701387847145565,3.3516212394781224
'101',1,0.3342,0.00244948974278318,0.09701387847145565,3.329593310114318
'001',1,0.16683333333333336,0.0023570226039551605,0.17133017534313189,2.0
