states,flag,Avg0,SD0,frust0,time
'010',1,0.2512933333333333,0.0015329564754276446,0.07908467563501237,3.186419283499055
'011',1,0.24897333333333335,0.0014189276075810056,0.06818660648729785,3.2056918898096853
'100',1,0.24983333333333335,0.00052569530676576,0.06818660648729785,3.210979265240965
'101',1,0.2499,0.00039757598854391963,0.07908467563501237,3.200981034313493
