states,flag,Avg0,SD0,frust0,time
'101',1,0.16575333333333334,0.00073218091267725,0.11144910589503255,2.0
'011',1,0.16717666666666667,0.0005275309364282771,0.12763030561336677,2.0
'110',1,0.16757999999999998,0.0010711053480711651,0.06520610495905652,2.0
'001',1,0.1667533333333333,0.0014108468693975601,0.06520610495905652,2.0
'100',1,0.16615,0.00044030292602555723,0.12763030561336677,2.0
'010',1,0.16658666666666666,0.00023683092891108696,0.11144910589503255,2.0
