states,flag,Avg0,SD0,frust0,time
'101',1,0.3085333333333333,0.004289781139198388,0.14327681817317522,3.754844896288008
'110',1,0.18933333333333335,0.003697146046464605,0.08483791638721333,2.250209513949756
'001',1,0.18873333333333334,0.0023683092891108814,0.08483791638721333,2.257559535229348
'010',1,0.3134,0.0025019992006393506,0.14327681817317522,3.7692490799130476
