states,flag,Avg0,SD0,frust0,time
'001',1,0.16620000000000001,0.0030099833886584764,0.059986710265215105,2.0
'110',1,0.16463333333333333,0.00481271464167804,0.059986710265215105,2.0
'101',1,0.16563333333333333,0.0021746008573733425,0.13080741896683787,2.0
'010',1,0.16833333333333333,0.003641733408999374,0.13080741896683787,2.0
'011',1,0.16896666666666668,0.001840893502864545,0.10450279167056244,2.0
'100',1,0.16623333333333334,0.0026948510575210407,0.10450279167056244,2.0
