states,flag,Avg0,SD0,frust0,time
'100',1,0.12508333333333332,0.0005542763049438589,0.09946577121565646,2.0
'010',1,0.18756666666666666,0.00042240054713769406,0.106780682361565,2.25091963571165
'011',1,0.12460666666666669,0.0004620485784946131,0.09946577121565646,2.0
'001',1,0.18698333333333336,0.0012880562444586323,0.10593511326043602,2.2494339813697075
'110',1,0.18789666666666668,0.0008775091009341281,0.10593511326043602,2.253066750796151
'101',1,0.18786333333333335,0.0006993489035445011,0.106780682361565,2.2505716829505418
