states,flag,Avg0,SD0,frust0,time
'011',1,0.3349333333333333,0.005720334100576843,0.09012287403816802,3.3491848276049603
'100',1,0.3285333333333333,0.0007930251502246947,0.09012287403816802,3.3398458461415075
'101',1,0.17163333333333333,0.0031678944988044644,0.15698362192184837,2.0
'010',1,0.16490000000000002,0.003212475680841803,0.15698362192184837,2.0
