states,flag,Avg0,SD0,frust0,time
'110',1,0.33399,0.001595577220527629,0.037287878750720566,3.3415539404092844
'001',1,0.3320333333333333,0.0007570703768841844,0.037287878750720566,3.3377519013320023
'101',1,0.16680666666666666,0.00022647050335283429,0.1655848057462658,2.0
'010',1,0.16717,0.0008247827996913264,0.1655848057462658,2.0
