states,flag,Avg0,SD0,frust0,time
'101',1,0.31213,0.0008843453322467869,0.06679155724405146,3.1138064737695488
'010',1,0.31312333333333336,0.0014435219276324016,0.06679155724405146,3.114165810370995
'001',1,0.18839333333333333,0.0014337906247271724,0.1154577081800989,2.2518065937634684
'110',1,0.18635333333333334,0.001058059019567856,0.1154577081800989,2.246666018321546
