states,flag,Avg0,SD0,frust0,time
'110',1,0.18815,0.0006732508200267231,0.11270956620146919,2.2484852604626067
'001',1,0.18791333333333335,0.0008965985104208438,0.11270956620146919,2.2452076844353037
'101',1,0.12520333333333333,0.0013185935267886401,0.2025122400178213,2.0
'011',1,0.18655,0.0006394268266711056,0.1048700543660256,2.248378392723245
'100',1,0.18730666666666665,0.0005204058245467857,0.1048700543660256,2.2493583701289004
'010',1,0.12487666666666665,0.0008246750201678806,0.2025122400178213,2.0
