states,flag,Avg0,SD0,frust0,time
'100',1,0.18700333333333333,0.0012670262647457489,0.08031546182998808,2.2487244964924167
'101',1,0.18788666666666667,0.0015232494506445392,0.11372730856589003,2.2491672566531604
'001',1,0.12527,0.000406037765074464,0.11470420523423089,2.0
'010',1,0.18672333333333335,0.0010357069512602931,0.11372730856589003,2.2494145599475046
'011',1,0.18839666666666666,0.0011396588183409122,0.08031546182998808,2.2487496940257303
'110',1,0.12472,0.0011344014574508686,0.11470420523423089,2.0
