states,flag,Avg0,SD0,frust0,time
'100',1,0.49979,0.0016083117442419873,0.080310781328122,3.7981516207762613
'011',1,0.5002099999999999,0.001608311744241962,0.080310781328122,3.7964644454914143
