states,flag,Avg0,SD0,frust0,time
'011',1,0.5071333333333333,0.003623380864453667,0.08979395815440766,4.8405982943722305
'100',1,0.49286666666666673,0.0036233808644536548,0.08979395815440766,4.874468551803378
