states,flag,Avg0,SD0,frust0,time
'100',1,0.5012666666666666,0.004045024378445992,0.06391446309567567,4.834774909824398
'011',1,0.4987333333333333,0.004045024378445967,0.06391446309567567,4.842878713521343
