states,flag,Avg0,SD0,frust0,time
'110',1,0.31159333333333333,0.0015222206001613552,0.025313268439130954,3.1090541672109517
'001',1,0.31356,0.0010249227613174942,0.025313268439130954,3.1058174578878917
'010',1,0.18800333333333333,0.0007345898326428287,0.0370581407510744,2.2470575729852857
'101',1,0.18684333333333333,0.0008944396135135277,0.0370581407510744,2.249386600146558
