states,flag,Avg0,SD0,frust0,time
'110',1,0.16611666666666666,0.0006144012442116989,0.09685626772420203,2.0
'101',1,0.33392333333333335,0.0014624484796243332,0.07768869450161707,3.356196690790854
'010',1,0.33401,0.0016802380783686641,0.07768869450161707,3.3467333287053926
'001',1,0.16595000000000001,0.0007424733440782043,0.09685626772420203,2.0
