states,flag,Avg0,SD0,frust0,time
'101',1,0.32773333333333327,0.006636431437317966,0.05817660426633602,3.385464397527936
'110',1,0.16863333333333333,0.006839753081962988,0.07908538839480264,2.0
'010',1,0.3349333333333333,0.0020270394394014454,0.05817660426633602,3.339345983636519
'001',1,0.1687,0.0017048949136725864,0.07908538839480264,2.0
