states,flag,Avg0,SD0,frust0,time
'100',1,0.33290000000000003,0.002024960904972415,0.03177752253858652,3.347321284528222
'011',1,0.3327833333333334,0.0009898596982513474,0.03177752253858652,3.3471197630463454
'110',1,0.16710666666666665,0.0012463368547690292,0.1826129590274824,2.0
'001',1,0.16721,0.00024385788210896255,0.1826129590274824,2.0
