states,flag,Avg0,SD0,frust0,time
'101',1,0.1655,0.0029063149634316367,0.04276621192800018,2.0
'010',1,0.16503333333333334,0.003021405118299905,0.04276621192800018,2.0
'001',1,0.3376666666666666,0.0017913371790059117,0.07335739064267072,3.371853328511462
'110',1,0.33180000000000004,0.003080043289739082,0.07335739064267072,3.385981449950181
