states,flag,Avg0,SD0,frust0,time
'010',1,0.33351,0.0011845955709298597,0.07303525421459593,3.3504580952313483
'101',1,0.33247,0.002000549924395799,0.07303525421459593,3.34525589895771
'110',1,0.16696333333333332,0.0005209179931194094,0.13042593076512787,2.0
'001',1,0.16705666666666666,0.0013346743256523487,0.13042593076512787,2.0
