states,flag,Avg0,SD0,frust0,time
'011',1,0.2502766666666667,0.0006066483513718763,0.07057062084341521,3.2049472531344096
'101',1,0.12421666666666668,0.0004986871653540807,0.10998597459479087,2.0
'010',1,0.12492666666666667,0.0011212592127702817,0.10998597459479087,2.0
'001',1,0.12513666666666667,0.0008090048756891983,0.12123511007766008,2.0
'100',1,0.2495666666666667,0.0006075817274700983,0.07057062084341521,3.1869814080452685
'110',1,0.12587666666666666,0.0006219503374243137,0.12123511007766008,2.0
