states,flag,Avg0,SD0,frust0,time
'011',1,0.3315666666666666,0.0021746008573733577,0.08778689829704082,3.3573527233101124
'010',1,0.16703333333333334,0.002854625875467545,0.14785098342151573,2.0
'100',1,0.3308333333333333,0.004049965706302004,0.08778689829704082,3.33505358626889
'101',1,0.17056666666666664,0.004524255617103104,0.14785098342151573,2.0
