states,flag,Avg0,SD0,frust0,time
'011',1,0.33406,0.0007094129028053301,0.13123791043254232,3.368637933623732
'100',1,0.3338733333333333,0.00026106618998935905,0.13123791043254232,3.348403921965224
'010',1,0.16645333333333334,0.0008826223553832156,0.20062852219910485,2.0
'101',1,0.16561333333333336,0.0008966728624321247,0.20062852219910485,2.0
