states,flag,Avg0,SD0,frust0,time
'110',1,0.18503333333333336,0.0017556258776351636,0.045280918662363216,2.2518091970233054
'010',1,0.18873333333333334,0.0006944222218666468,0.050359106734822676,2.241262857989666
'101',1,0.18763333333333332,0.0035405586502069916,0.050359106734822676,2.251834733636176
'001',1,0.19136666666666668,0.0004921607686744495,0.045280918662363216,2.251199728137284
'100',1,0.12406666666666666,0.000262466929133724,0.1156422362151842,2.0
'011',1,0.12316666666666666,0.002922708028904392,0.1156422362151842,2.0
