states,flag,Avg0,SD0,frust0,time
'011',1,0.31346666666666667,0.0004913473539383465,0.12374165580877977,3.7594928246241017
'100',1,0.31121,0.0019711079794538663,0.12374165580877977,3.768796624225425
'001',1,0.18798333333333336,0.001724825272954402,0.06578453925903985,2.253232233275636
'110',1,0.18733999999999998,0.0008730406634286824,0.06578453925903985,2.252048439349728
