states,flag,Avg0,SD0,frust0,time
'011',1,0.18736333333333333,0.0015595797154646853,0.0721024853214721,2.2467446629914254
'100',1,0.18619666666666668,0.001270704091788828,0.0721024853214721,2.2478999998791065
'010',1,0.12473666666666666,0.0008865789430288895,0.12816866843367586,2.0
'110',1,0.18762666666666664,0.0018792965587036974,0.04799863094038584,2.2479264670827077
'101',1,0.12526333333333334,0.0003315954697452291,0.12816866843367586,2.0
'001',1,0.18881333333333336,0.0014188336367907544,0.04799863094038584,2.2492708624824345
