states,flag,Avg0,SD0,frust0,time
'001',1,0.16695333333333331,0.0003518838192105765,0.08763522638420686,2.0
'011',1,0.16679333333333335,0.0017656412118233098,0.09696998824325082,2.0
'110',1,0.16604333333333335,0.0009268345171724111,0.08763522638420686,2.0
'100',1,0.16695666666666667,0.0005067763039273145,0.09696998824325082,2.0
'101',1,0.16616333333333333,0.0005358067645046058,0.12020257685908338,2.0
'010',1,0.16709,0.00036110940170536133,0.12020257685908338,2.0
