states,flag,Avg0,SD0,frust0,time
'011',1,0.18691333333333335,0.0005508982563857752,0.1092039321848644,2.247404346917422
'001',1,0.18769333333333335,0.0008975646061550292,0.07488462576976761,2.2467922713052526
'110',1,0.18730333333333335,0.0004834827355299763,0.07488462576976761,2.2526848566761912
'100',1,0.18772,0.00031968734726291697,0.1092039321848644,2.2492407647457973
'010',1,0.12465333333333334,0.0018654817667890025,0.12871845453172576,2.0
'101',1,0.12571666666666667,0.0005468901982015093,0.12871845453172576,2.0
