states,flag,Avg0,SD0,frust0,time
'101',1,0.16753333333333334,0.0052002136708237555,0.16581288952919881,2.0
'010',1,0.16763333333333333,0.002131248981752763,0.16581288952919881,2.0
'100',1,0.16356666666666667,0.0035424410918022168,0.16085745691482428,2.0
'001',1,0.16920000000000002,0.0016268579122549944,0.1164256807220884,2.0
'110',1,0.16513333333333333,0.0010077477638554037,0.1164256807220884,2.0
'011',1,0.1669333333333333,0.0006342099196813509,0.16085745691482428,2.0
