states,flag,Avg0,SD0,frust0,time
'001',1,0.16634333333333332,0.0005066447363674922,0.18094103994253785,2.0
'011',1,0.16638,0.0019068822721919666,0.15634656441895023,2.0
'010',1,0.16687,0.0003595367389664988,0.09678830082695966,2.0
'100',1,0.16745999999999997,0.00034727510708371117,0.15634656441895023,2.0
'110',1,0.16555,0.0009780593029055042,0.18094103994253785,2.0
'101',1,0.16739666666666667,0.0009876009090495727,0.09678830082695966,2.0
