states,flag,Avg0,SD0,frust0,time
'100',1,0.16419999999999998,0.002860069929215025,0.1333169317565348,2.0
'110',1,0.33403333333333335,0.0017594190960528969,0.13622012687426877,3.3202752111906104
'011',1,0.1667,0.0030408332191468016,0.1333169317565348,2.0
'001',1,0.3350666666666666,0.004620485784946081,0.13622012687426877,3.339874049157258
