states,flag,Avg0,SD0,frust0,time
'100',1,0.12716666666666668,0.0019362047641943447,0.044891396041423275,2.0
'010',1,0.1259333333333333,0.0013474255287605145,0.057385064790195894,2.0
'011',1,0.12336666666666667,0.0012814921857827394,0.044891396041423275,2.0
'000',1,0.1234,0.005798850460795365,0.20062907146811984,2.0
'101',1,0.12426666666666668,0.0004027681991198176,0.057385064790195894,2.0
'001',1,0.12396666666666667,0.002522344588319013,0.09835261063650065,2.0
'110',1,0.12416666666666669,0.0011115554667022064,0.09835261063650065,2.0
'111',1,0.12773333333333334,0.0025525586292102194,0.20062907146811984,2.0
