states,flag,Avg0,SD0,frust0,time
'100',1,0.16624,0.0005515432893255091,0.1714889732278549,2.0
'001',1,0.16793333333333335,0.0006438081149604223,0.0884907563275628,2.0
'011',1,0.16721,0.000773175271203114,0.1714889732278549,2.0
'110',1,0.16639666666666666,0.0009398699673654688,0.0884907563275628,2.0
'010',1,0.1667266666666667,0.001013289472734988,0.11983074277327566,2.0
'101',1,0.16549333333333333,0.001087269771287489,0.11983074277327566,2.0
