states,flag,Avg0,SD0,frust0,time
'001',1,0.18583333333333332,0.00295559732635479,0.028926266242247946,2.2449805709933197
'100',1,0.3161,0.0011224972160321974,0.03886444560743382,3.10044346630065
'011',1,0.3121333333333333,0.004392670663224787,0.03886444560743382,3.0907219131909396
'110',1,0.1859333333333333,0.006527037783115877,0.028926266242247946,2.241455183532034
