states,flag,Avg0,SD0,frust0,time
'010',1,0.49976,0.00028390139133155454,0.08128085219238079,3.797171054307876
'101',1,0.5002399999999999,0.00028390139133157536,0.08128085219238079,3.7983068852875554
