states,flag,Avg0,SD0,frust0,time
'110',1,0.2508966666666667,0.0008270563597616793,0.0390394107887195,3.184765827172757
'011',1,0.12518333333333334,0.0010061588122933466,0.14544364328653417,2.0
'010',1,0.12530666666666668,0.0007993886552999235,0.06915285257689074,2.0
'101',1,0.12454,0.0001349073756323192,0.06915285257689074,2.0
'100',1,0.12500999999999998,0.00045985504962614516,0.14544364328653417,2.0
'001',1,0.24906333333333333,0.0007875842106650506,0.0390394107887195,3.210682289314102
