states,flag,Avg0,SD0,frust0,time
'001',1,0.5051333333333333,0.007703390307015637,0.11672390017437999,4.752688536281565
'110',1,0.4948666666666666,0.007703390307015637,0.11672390017437999,4.825207090830113
