states,flag,Avg0,SD0,frust0,time
'011',1,0.1681,0.0022992752481307394,0.16575607608868026,2.0
'101',1,0.16686666666666664,0.004353032148846236,0.11319257183297474,2.0
'110',1,0.16566666666666666,0.007237095795659725,0.16112062944377953,2.0
'100',1,0.16603333333333334,0.004699172503986438,0.16575607608868026,2.0
'001',1,0.16686666666666664,0.002615764175575131,0.16112062944377953,2.0
'010',1,0.16646666666666668,0.0020853989759489376,0.11319257183297474,2.0
