states,flag,Avg0,SD0,frust0,time
'001',1,0.12713333333333332,0.0015923427883328197,0.06657766368103928,2.0
'100',1,0.25383333333333336,0.001506283137025998,0.0669736319907466,3.1839680967949024
'110',1,0.12593333333333334,0.0018190351532856365,0.06657766368103928,2.0
'011',1,0.2447,0.0028994252303976794,0.0669736319907466,3.2212236128088403
'101',1,0.12386666666666668,0.002094967514996091,0.034640776549899416,2.0
'010',1,0.12453333333333334,0.0013123346456686365,0.034640776549899416,2.0
