states,flag,Avg0,SD0,frust0,time
'101',1,0.31132,0.0011052903087726148,0.03857471358769403,3.7868606177787587
'110',1,0.18887333333333334,0.0010361574311957742,0.10666477426047659,2.249192943388708
'010',1,0.31184666666666666,0.00039203174474637903,0.03857471358769403,3.7710079278020885
'001',1,0.18796000000000002,0.00027796882319185953,0.10666477426047659,2.2490594949430758
