states,flag,Avg0,SD0,frust0,time
'101',1,0.5016799999999999,0.0013660893089399559,0.08045282312790908,3.8025523231029035
'010',1,0.49832000000000004,0.001366089308939944,0.08045282312790908,3.790069926854752
