states,flag,Avg0,SD0,frust0,time
'010',1,0.16600666666666666,0.00045638677554118604,0.14033805047992476,2.0
'110',1,0.16831,0.0009278290072349793,0.1213466055754203,2.0
'101',1,0.16703666666666664,0.0012401702392100108,0.14033805047992476,2.0
'001',1,0.16690666666666668,0.0003518838192105695,0.1213466055754203,2.0
'011',1,0.16598333333333334,0.0009877359071240855,0.09882994101319978,2.0
'100',1,0.16575666666666666,0.001176019652141161,0.09882994101319978,2.0
