states,flag,Avg0,SD0,frust0,time
'100',1,0.31183333333333335,0.003842163742245023,0.17477543690759745,3.7697557264969297
'010',1,0.1858,0.004390899680020025,0.15103961417900852,2.2448963480715274
'101',1,0.18986666666666666,0.006201791855764125,0.15103961417900852,2.2518906226343245
'011',1,0.31249999999999994,0.005057667446560727,0.17477543690759745,3.769428087129155
