states,flag,Avg0,SD0,frust0,time
'100',1,0.16333333333333333,0.003549021774454972,0.0807638175076511,2.0
'110',1,0.3342333333333334,0.0015173075568988101,0.061843665820061684,3.375170654038142
'011',1,0.16766666666666666,0.0006236095644623241,0.0807638175076511,2.0
'001',1,0.33476666666666666,0.00288944439103592,0.061843665820061684,3.3324564129070446
