states,flag,Avg0,SD0,frust0,time
'001',1,0.49993333333333334,0.0009156903892085486,0.11385534197196288,4.805904397217948
'110',1,0.5000666666666667,0.0009156903892085486,0.11385534197196288,4.8211845589765
