states,flag,Avg0,SD0,frust0,time
'100',1,0.18606666666666669,0.0012498888839501843,0.03930201910468391,2.2504275050495743
'011',1,0.19099999999999998,0.0014966629547095748,0.03930201910468391,2.2380013220327126
'110',1,0.31229999999999997,0.0031790984046843654,0.045602050915354214,3.111873088599228
'001',1,0.3106333333333334,0.002984776187403144,0.045602050915354214,3.1024688366872546
