states,flag,Avg0,SD0,frust0,time
'011',1,0.12525333333333333,0.001733788401801733,0.08121640675458934,2.0
'001',1,0.18662666666666664,0.0012707565550577498,0.1089095737284818,2.247474476497684
'101',1,0.18797666666666668,0.0004907364080870917,0.0793072213551515,2.2446526927286494
'110',1,0.1873566666666667,0.0007514578423896436,0.1089095737284818,2.2498520955679453
'010',1,0.18818000000000001,0.0006974716242734696,0.0793072213551515,2.248526609992035
'100',1,0.12460666666666666,0.0009236281117900653,0.08121640675458934,2.0
