states,flag,Avg0,SD0,frust0,time
'101',1,0.16656666666666667,0.0015839472494022322,0.16684332567046478,2.0
'100',1,0.3299666666666667,0.0034179265969622803,0.0819878723150212,3.3778424011475088
'011',1,0.33790000000000003,0.0016673332000533118,0.0819878723150212,3.3371133166053863
'010',1,0.16556666666666667,0.0015520595635763745,0.16684332567046478,2.0
