states,flag,Avg0,SD0,frust0,time
'101',1,0.3161,0.001416568624058386,0.10183445467424884,3.1212777568003744
'010',1,0.30833333333333335,0.0012256517540566833,0.10183445467424884,3.110712847948488
'100',1,0.19176666666666664,0.002673740617354065,0.08544519996586852,2.2533537472874055
'011',1,0.1838,0.0015641824275533338,0.08544519996586852,2.2474598715414813
