states,flag,Avg0,SD0,frust0,time
'011',1,0.18689999999999998,0.0039757598854390985,0.09711192499848835,2.267656219919869
'100',1,0.18916666666666668,0.00160485374896142,0.09711192499848835,2.2646199861358656
'001',1,0.18999999999999997,0.0024097026095903787,0.07005671636349037,2.246334581048783
'110',1,0.18603333333333336,0.003517890782209646,0.07005671636349037,2.251670669804886
'010',1,0.12240000000000001,0.0025152865973218034,0.1657684001282389,2.0
'101',1,0.12549999999999997,0.003374413529291668,0.1657684001282389,2.0
