states,flag,Avg0,SD0,frust0,time
'001',1,0.5017433333333333,0.0015970250119797535,0.08600814718207217,4.217356994407982
'110',1,0.4982566666666666,0.001597025011979759,0.08600814718207217,4.212789848676518
