states,flag,Avg0,SD0,frust0,time
'001',1,0.49994333333333335,0.0011075598804980741,0.06794495358826415,4.816755689504054
'110',1,0.5000566666666667,0.0011075598804980568,0.06794495358826415,4.815465421058691
