states,flag,Avg0,SD0,frust0,time
'100',1,0.49885333333333337,0.0007305401350294723,0.04752640806360537,4.82210623550936
'011',1,0.5011466666666666,0.0007305401350294771,0.04752640806360537,4.825119810220045
