states,flag,Avg0,SD0,frust0,time
'001',1,0.4991933333333334,0.0007633406113190224,0.12632192960259367,4.816213709509891
'110',1,0.5008066666666667,0.000763340611318998,0.12632192960259367,4.811827940364529
