states,flag,Avg0,SD0,frust0,time
'100',1,0.3125666666666667,0.002948822740612872,0.05669199664495249,3.1505186218202983
'011',1,0.31570000000000004,0.0047840011148270545,0.05669199664495249,3.112567462191439
'001',1,0.18686666666666665,0.005016195991209093,0.07658030108028309,2.2397219776617243
'110',1,0.18486666666666665,0.005571554740126145,0.07658030108028309,2.241840870552424
