states,flag,Avg0,SD0,frust0,time
'010',1,0.33453333333333335,0.004870546398734157,0.05748272727876041,3.3400076895912654
'110',1,0.16790000000000002,0.007257180352359074,0.16362178270414285,2.0
'101',1,0.33063333333333333,0.00348934887272047,0.05748272727876041,3.3407651944687884
'001',1,0.16693333333333335,0.0025837096500101416,0.16362178270414285,2.0
