states,flag,Avg0,SD0,frust0,time
'101',1,0.1691,0.0010708252269472755,0.1650813739316714,2.0
'001',1,0.3354,0.0012675435561221224,0.09139174667322401,3.3605530222096167
'010',1,0.16383333333333336,0.0025037749277618477,0.1650813739316714,2.0
'110',1,0.3316666666666666,0.0033589019369761643,0.09139174667322401,3.392223338997892
