states,flag,Avg0,SD0,frust0,time
'101',1,0.1667,0.0023366642891095896,0.16101737526152773,2.0
'011',1,0.1662,0.004364248694410834,0.15530479263525224,2.0
'010',1,0.16483333333333333,0.003070649587447075,0.16101737526152773,2.0
'001',1,0.16689999999999997,0.0030243456592569974,0.17176063395903438,2.0
'100',1,0.1666,0.0028717010057919827,0.15530479263525224,2.0
'110',1,0.16876666666666665,0.003706151043273269,0.17176063395903438,2.0
