states,flag,Avg0,SD0,frust0,time
'010',1,0.16453333333333334,0.0025590796956892242,0.10207436404206904,2.0
'110',1,0.3337666666666667,0.003441253001774519,0.10560147394502156,3.3436861356577885
'001',1,0.33373333333333327,0.004289781139198389,0.10560147394502156,3.332020065847201
'101',1,0.16796666666666668,0.0043713715111951814,0.10207436404206904,2.0
