states,flag,Avg0,SD0,frust0,time
'110',1,0.16690999999999998,0.0007860449520648688,0.15880131475018613,2.0
'100',1,0.16569333333333333,0.0005287931752795477,0.09794330335573465,2.0
'001',1,0.16676333333333335,0.0006209848808322372,0.15880131475018613,2.0
'011',1,0.16652,0.0003194787421201443,0.09794330335573465,2.0
'010',1,0.16624333333333333,0.0005405141585153524,0.09963699299790894,2.0
'101',1,0.16787,0.0009336309049440654,0.09963699299790894,2.0
