states,flag,Avg0,SD0,frust0,time
'010',1,0.16734000000000002,0.0012465418832380603,0.1885135992084592,2.0
'100',1,0.16622666666666666,0.001661772815064948,0.06815137030806558,2.0
'001',1,0.16658666666666666,0.0008694953836693035,0.11220922460332315,2.0
'101',1,0.16617666666666667,0.0018545859076594157,0.1885135992084592,2.0
'011',1,0.16671,0.0006419241907473769,0.06815137030806558,2.0
'110',1,0.16696,0.0017152453663154626,0.11220922460332315,2.0
