states,flag,Avg0,SD0,frust0,time
'011',1,0.49643333333333334,0.0064251242962469046,0.11785379916487651,4.809619906560729
'100',1,0.5035666666666666,0.0064251242962468785,0.11785379916487651,4.840909923373456
