states,flag,Avg0,SD0,frust0,time
'110',1,0.16766666666666666,0.003118047822311621,0.18815825694576122,2.0
'100',1,0.16446666666666668,0.004030991055421592,0.09923168690932996,2.0
'010',1,0.16846666666666665,0.0013695092389449425,0.1510285772021812,2.0
'101',1,0.16503333333333334,0.0022647050335283993,0.1510285772021812,2.0
'011',1,0.16926666666666668,0.0039852505846210305,0.09923168690932996,2.0
'001',1,0.16510000000000002,0.0027580186124583446,0.18815825694576122,2.0
