states,flag,Avg0,SD0,frust0,time
'100',1,0.1907,0.004089824772122472,0.1341546072155978,2.262240546306678
'011',1,0.1869333333333333,0.005094005191289939,0.1341546072155978,2.25139223265039
'010',1,0.1877,0.0008524474568362996,0.08277445476686081,2.2529400300623985
'001',1,0.12490000000000001,0.0034880749227427232,0.15787713866281378,2.0
'110',1,0.12346666666666667,0.004707676945396978,0.15787713866281378,2.0
'101',1,0.1863,0.0012832251036613482,0.08277445476686081,2.239112683416293
