states,flag,Avg0,SD0,frust0,time
'011',1,0.33224333333333333,0.000278607649252897,0.06356192539226851,3.350786888748847
'100',1,0.3330066666666667,0.0006449978466802928,0.06356192539226851,3.346624270122465
'010',1,0.16701333333333335,0.0010065231685802867,0.13679854050946225,2.0
'101',1,0.16773666666666667,0.0008754935116201015,0.13679854050946225,2.0
