states,flag,Avg0,SD0,frust0,time
'101',1,0.49977,0.001030372101071588,0.07741223162535121,3.806666879667077
'010',1,0.5002300000000001,0.0010303721010715729,0.07741223162535121,3.793208845783281
