states,flag,Avg0,SD0,frust0,time
'001',1,0.49796666666666667,0.003662725154247244,0.05695358502103079,3.769640368798644
'110',1,0.5020333333333333,0.003662725154247244,0.05695358502103079,3.7765511171335953
