states,flag,Avg0,SD0,frust0,time
'101',1,0.5007199999999999,0.00016083117442422038,0.0318934177660182,3.8063212245031295
'010',1,0.49928,0.00016083117442419506,0.0318934177660182,3.801662024614807
