states,flag,Avg0,SD0,frust0,time
'001',1,0.4994766666666666,0.0016746210184861367,0.05945688312702632,3.7998068667484746
'110',1,0.5005233333333333,0.0016746210184861376,0.05945688312702632,3.8109826437195635
