states,flag,Avg0,SD0,frust0,time
'101',1,0.49923333333333336,0.00259529488797623,0.05717750459554728,4.93560462130278
'010',1,0.5007666666666667,0.00259529488797621,0.05717750459554728,4.973429129020017
