states,flag,Avg0,SD0,frust0,time
'010',1,0.31318666666666667,0.0001302134998974822,0.07127037952895053,3.096023757258562
'101',1,0.31368666666666667,0.0009474644525726979,0.07127037952895053,3.1077672201486095
'100',1,0.18720666666666666,0.0010773527225977943,0.11076801850968904,2.251819304081666
'011',1,0.18592,0.0003753220839048285,0.11076801850968904,2.2507148272248667
