states,flag,Avg0,SD0,frust0,time
'011',1,0.16573333333333332,0.0025037749277618576,0.1419735905205145,2.0
'001',1,0.3356333333333333,0.003887015421745717,0.07610279071883863,3.3159443501283516
'110',1,0.33280000000000004,0.004814561246884295,0.07610279071883863,3.3822154220599514
'100',1,0.16583333333333333,0.0013912424503139508,0.1419735905205145,2.0
