states,flag,Avg0,SD0,frust0,time
'101',1,0.16641333333333333,0.0007901195408853641,0.11674063288503264,2.0
'001',1,0.33377999999999997,0.000700285656000472,0.11021897841201984,3.3389691067999707
'110',1,0.3345933333333333,0.000930424037140521,0.11021897841201984,3.3496271452555493
'010',1,0.16521333333333332,0.0004582818152864268,0.11674063288503264,2.0
