states,flag,Avg0,SD0,frust0,time
'001',1,0.5064333333333333,0.006218431384914421,0.00938879998047231,3.7944579104683203
'110',1,0.4935666666666667,0.006218431384914421,0.00938879998047231,3.800555258945994
