states,flag,Avg0,SD0,frust0,time
'010',1,0.33405666666666667,0.0008946631892629675,0.11300372354940559,3.354008122758136
'101',1,0.33225333333333334,0.00017782638224464434,0.11300372354940559,3.349290855385389
'011',1,0.16637666666666667,0.0008816020770292072,0.15735082949829782,2.0
'100',1,0.16731333333333334,0.0002407396011369089,0.15735082949829782,2.0
