states,flag,Avg0,SD0,frust0,time
'001',1,0.16876333333333335,0.0007951659505341616,0.14229006703637895,2.0
'011',1,0.16584000000000002,0.001364429062526399,0.17236677943772322,2.0
'101',1,0.16678,0.0009932774033471162,0.10258767140280074,2.0
'010',1,0.16674000000000003,0.0009930088955627068,0.10258767140280074,2.0
'110',1,0.16625333333333334,0.0010227522780332607,0.14229006703637895,2.0
'100',1,0.16562333333333332,0.0004282003684673297,0.17236677943772322,2.0
