states,flag,Avg0,SD0,frust0,time
'110',1,0.3102333333333333,0.0027084230754362533,0.054522941321935484,3.7185893146565765
'001',1,0.3195333333333334,0.002380942857123809,0.054522941321935484,3.765542950945921
'100',1,0.18499999999999997,0.003699549522126535,0.11175273918109443,2.250536735653974
'011',1,0.18523333333333336,0.0022837590843947527,0.11175273918109443,2.2554513157349665
