states,flag,Avg0,SD0,frust0,time
'001',1,0.4998,0.0033536050254415356,0.04544827234929812,4.944300414606446
'110',1,0.5002,0.0033536050254415356,0.04544827234929812,4.916321134162906
