states,flag,Avg0,SD0,frust0,time
'010',1,0.18724333333333334,0.0008041696891134876,0.036881734836739316,2.24714217002114
'001',1,0.18767333333333336,0.00034296096311712263,0.11836370188338069,2.2512517082316283
'110',1,0.18716333333333335,0.0002932954520994565,0.11836370188338069,2.2500885185851818
'101',1,0.18766333333333332,0.000865345146298414,0.036881734836739316,2.246102540863786
'011',1,0.12511000000000003,0.00022375581929117992,0.09791929242368441,2.0
'100',1,0.12514666666666666,0.0004733802793620479,0.09791929242368441,2.0
