states,flag,Avg0,SD0,frust0,time
'1100011',1,0.11769999999999999,0.0007531710739710265,0.1675702525938052,15.466087924614037
'1001101',1,0.015443333333333331,0.0004089281382128429,0.19575364672839896,2.6924325249776335
'0100111',1,0.012763333333333335,1.6996731711976052e-5,0.18583205544712367,2.4951509054261827
'1010011',1,0.07697,0.0005727710420985571,0.17225303963613503,10.906335665185608
'0110010',1,0.015393333333333334,0.00011085526098877305,0.19575364672839896,2.7103420600446193
'1000101',1,0.055466666666666664,0.0008290288830245218,0.17268839094375493,8.237908269225494
'1100001',1,0.02860666666666667,0.0004999555535800705,0.19450094182275252,5.790151172261084
'0100011',1,0.031893333333333336,0.0002179194550490831,0.18832851017741456,7.185162542620193
'0101100',1,0.07709333333333333,0.00042757715353164,0.17225303963613503,11.007276019525383
'1011001',1,0.09629,0.0002619160170741759,0.16453218525306518,12.137874971625068
'0100101',1,0.020949999999999996,0.00030800432897390727,0.1937225204408218,3.8298356318005573
'0011001',1,0.0241,0.00039293765408776973,0.19979530884505298,4.665257803534238
'0011100',1,0.11782999999999999,0.0006609588993777639,0.1675702525938052,15.433515696313401
'0111010',1,0.056343333333333336,0.000610045535641035,0.17268839094375493,8.247667596665872
'0100110',1,0.09653666666666666,0.0014994739818423738,0.16453218525306518,12.124777115663898
'1100110',1,0.023809999999999998,9.626352718795808e-5,0.19979530884505298,4.651225130895381
'0011110',1,0.029086666666666667,0.00011953614051360683,0.19450094182275252,5.886615164284983
'0000111',1,0.019523333333333334,0.00024997777679003455,0.21413967105871687,3.733115188727084
'1011010',1,0.02029,0.0006790189000806001,0.1937225204408218,3.81951114157545
'1011100',1,0.03155666666666667,0.0009619540298556671,0.18832851017741456,7.236206483696186
'1111000',1,0.019323333333333335,0.00011813363431112908,0.21413967105871687,3.7202288152509753
'1011000',1,0.01303,0.00048805737367649737,0.18583205544712367,2.51723804156774
