states,flag,Avg0,SD0,frust0,time
'0111010',1,0.34580000000000005,0.0033744135292916697,0.1931291069548153,22.49396846650222
'0010101',1,0.1307,0.005289612462175281,0.17888783800493935,16.747331948528288
'1000101',1,0.3417666666666667,0.0003091206165165154,0.1931291069548153,22.48578732585644
'0011001',1,0.023733333333333332,0.0001247219128924655,0.20399004191321662,4.319689150334072
'1101010',1,0.1318,0.0020116328359486096,0.17888783800493935,16.573200899831093
'1100110',1,0.0262,8.164965809277211e-5,0.20399004191321662,4.137514489819529
