states,flag,Avg0,SD0,frust0,time
'0011011',1,0.10819000000000001,0.001015513006645742,0.16266910020674571,16.1494172407143
'1100100',1,0.10845333333333333,0.0009918445218659781,0.16266910020674571,16.338855916239172
'1100010',1,0.09909000000000001,0.00037585458180880004,0.18082500869712168,17.261649806186412
'1011010',1,0.02025,0.00019304576314093606,0.1971456620997719,3.8050757160701174
'1101100',1,0.02466,0.00031843366656181325,0.17949347527828755,4.373221781392945
'1000110',1,0.06938333333333334,0.00037862323694611504,0.1817223870145835,11.153280854196986
'0101011',1,0.05216333333333333,0.00045065384597148045,0.16857645894726406,10.279979773795445
'0111001',1,0.07080333333333333,0.0007558806490151436,0.1817223870145835,11.29102926487611
'1010100',1,0.05131666666666667,0.0004866438350808753,0.16857645894726406,10.279274314473165
'0100101',1,0.02088,0.000387900330841141,0.1971456620997719,3.8173019564764985
'1101010',1,0.016843333333333335,0.0001319932658214891,0.18198598273645966,2.933760820329674
'1001011',1,0.02706,0.0002578113005022603,0.18780896171770178,4.242734205992586
'0011101',1,0.09873666666666665,0.00040614720921798233,0.18082500869712168,17.240652357891097
'1001101',1,0.04800000000000001,0.00039302247603243757,0.20087540856059835,8.62217084133532
'0010011',1,0.025073333333333336,0.0002286676384818988,0.17949347527828755,4.314564234403268
'1001110',1,0.016716666666666668,0.0003282614134429375,0.191698610724283,2.9341464576720413
'1100110',1,0.0167,5.0990195135928484e-5,0.1774093443099147,2.9337229977077186
'0110010',1,0.04898333333333333,0.0004803008316554188,0.20087540856059835,8.639296392096389
'0110001',1,0.016666666666666666,0.0003840428216864469,0.191698610724283,2.936145516006057
'0110100',1,0.02716666666666667,0.0004873283173476475,0.18780896171770178,4.227281860772243
'0010101',1,0.016313333333333332,0.00047366185782217544,0.18198598273645966,2.9487355044822934
'0011001',1,0.01655,0.00012355835328567018,0.1774093443099147,2.9483681968158373
