states,flag,Avg0,SD0,frust0,time
'1101001',1,0.03184333333333333,0.0003739280976634729,0.19185839464746152,6.924036976762825
'1000011',1,0.23138333333333336,0.000757466537581399,0.15855645506824553,19.84904274903163
'1110100',1,0.17247333333333334,0.0009539508489551385,0.14866561941257372,17.544208125096052
'0111100',1,0.2324733333333333,0.001294767246350555,0.15855645506824553,19.910313150321343
'1010100',1,0.06380999999999999,0.000767202711152667,0.1577702344389457,8.837811850790544
'0101011',1,0.06411,0.0009134914704947546,0.1577702344389457,8.878045242590638
'0001011',1,0.17167333333333334,0.0006164594246357389,0.14866561941257372,17.446268087234746
'0010110',1,0.03223333333333333,0.00035405586502070034,0.19185839464746152,6.844117541268901
