states,flag,Avg0,SD0,frust0,time
'0111100',1,0.18836666666666668,0.004252319628417203,0.1347715232838143,19.00122582391129
'0011100',1,0.3115,0.008263574690572284,0.10913076324224273,21.260246378781137
'1000011',1,0.1909,0.0036887215490826455,0.1347715232838143,18.64761054393484
'1100011',1,0.30923333333333336,0.0052828864164289075,0.10913076324224273,21.354367283088234
