states,flag,Avg0,SD0,frust0,time
'0101011',1,0.05567666666666667,0.0003646307112073179,0.16918658214069995,10.423747141924274
'0001011',1,0.07073666666666667,0.0009024534460138244,0.15109395510621926,12.16237980253176
'1011000',1,0.05447333333333334,0.00020853989759489573,0.16269042502192324,8.920375874168686
'0000111',1,0.09523,0.0005310994884827801,0.14057878265303425,15.037873099329639
'1110100',1,0.07010333333333334,0.0008605553762283691,0.15109395510621926,12.211339414256999
'1100100',1,0.029313333333333334,0.0004439469437769434,0.1721735695446141,5.93709414609794
'0010011',1,0.017253333333333332,0.00032663265129023543,0.1677187633636442,3.1099166927900774
'0101100',1,0.06375666666666667,0.0005266455691976842,0.176458171267196,11.310700145443093
'1111000',1,0.09448,0.00018991226044325651,0.14057878265303425,15.118785950096546
'1010011',1,0.06301666666666667,0.0005986837414046071,0.176458171267196,11.46191977711252
'0011101',1,0.02723333333333333,0.00019014614262602187,0.190328909301763,6.776978004287372
'0100011',1,0.025480000000000003,0.00023338094752285758,0.16572563376577598,5.679643262091034
'0100111',1,0.05510333333333334,0.00016779617264870987,0.16269042502192324,8.84488464905413
'1001100',1,0.031180000000000003,0.00020832666655999722,0.1898178098160693,8.429580053530835
'1010100',1,0.05511666666666667,0.0002509094568874508,0.16918658214069995,10.431564324467756
'1011100',1,0.02544333333333333,5.249338582674488e-5,0.16572563376577598,5.602227175915897
'1101100',1,0.01789,0.00024589970855344004,0.1677187633636442,3.1015734693524917
'1100010',1,0.02777,0.00017454703282114768,0.190328909301763,6.795023307044793
'0010111',1,0.01743,0.00031016124838541677,0.17720666092549744,3.8486953976506393
'1101000',1,0.017433333333333332,0.000186249533929321,0.17720666092549744,3.892072156127559
'0110011',1,0.030376666666666666,0.0004937835783237647,0.1898178098160693,8.391316015086439
'1010110',1,0.012549999999999999,0.00014165686240583808,0.21053076218936229,2.5165144625717626
'0011011',1,0.03013,0.00046676189504571436,0.1721735695446141,6.03391611844679
'0101001',1,0.012823333333333334,0.0001844511377634259,0.21053076218936229,2.4848283155703013
