states,flag,Avg0,SD0,frust0,time
'1100011',1,0.013953333333333333,0.00011145502331533637,0.1482816787627883,2.8409360124004785
'1000011',1,0.04465666666666667,4.0276819911981224e-5,0.15352660874483937,8.947889611403673
'0101011',1,0.019710000000000002,0.000439621048934952,0.14483012569535206,3.6300474819738615
'1011100',1,0.09194999999999999,0.0006013872850889601,0.12734230329651008,12.269463796136932
'0010110',1,0.0412,7.874007874011754e-5,0.14663459210081903,5.279263602703214
'0001110',1,0.04754333333333333,0.0005912886116121475,0.13204280866614293,6.664094656023458
'0100011',1,0.09238333333333333,0.0005086146762421325,0.12734230329651008,12.042754729454117
'1111000',1,0.030526666666666664,0.00019430788855719636,0.14384348418399986,4.625226260661733
'0110101',1,0.0416,0.0005604165117719749,0.13224911060404965,7.262510820346384
'0000111',1,0.030619999999999998,0.00024124676163629516,0.14384348418399986,4.580516868282899
'1001010',1,0.041,3.741657386773974e-5,0.13224911060404965,7.219366604117912
'1110010',1,0.02981666666666667,0.0008165101890906752,0.13875321694605183,6.205200997137395
'1010010',1,0.043456666666666664,0.0006906196895220652,0.13452901616161078,6.8962780064736995
'1110001',1,0.04741333333333333,0.00012036980056845022,0.13204280866614293,6.572797834384043
'0101101',1,0.04358666666666666,0.000636989446973462,0.13452901616161078,6.942357068758647
'1100010',1,0.014233333333333334,0.00017326921891156028,0.15976428910357637,2.8412207211575278
'0010101',1,0.022236666666666665,0.00040778534658431287,0.14595410133906572,4.049420879360521
'0101010',1,0.05915666666666666,0.001106716866331324,0.1458621689879627,9.985039503043195
'0011101',1,0.013886666666666667,0.0001697710877099577,0.15976428910357637,2.840315638478368
'0111100',1,0.04562333333333333,0.00037366057086909884,0.15352660874483937,8.889393104700519
'1010101',1,0.05795666666666666,0.000825523402992846,0.1458621689879627,9.854932334299752
'1010100',1,0.019743333333333335,0.0004805783552715996,0.14483012569535206,3.6126202032056773
'0001101',1,0.030270000000000002,0.00026770630673681736,0.13875321694605183,6.204829310381986
'1101001',1,0.041236666666666665,0.0008026760796790256,0.14663459210081903,5.315480540944883
'1101010',1,0.022183333333333333,0.00017594190960528735,0.14595410133906572,4.029937262881497
'0011100',1,0.014056666666666667,0.0002900957696271279,0.1482816787627883,2.8240881210685687
