states,flag,Avg0,SD0,frust0,time
'0010101',1,0.030516666666666664,0.0003242769735204084,0.18205759363372634,5.919719927682531
'0000111',1,0.11718333333333335,0.0004419150245113748,0.14827091915020094,12.81425958252943
'0100011',1,0.133,0.0013823410095438386,0.137696091498008,13.127250265873215
'0011110',1,0.02197666666666666,0.00020853989759489402,0.17263422035191545,3.9256181205481098
'1011100',1,0.13339,0.0005107510809255984,0.137696091498008,13.083846158856675
'1011000',1,0.09037,0.0012084149397730362,0.1557280257457854,16.930698033808742
'0100111',1,0.09038666666666667,0.0004099864496405821,0.1557280257457854,17.008281141577026
'1111000',1,0.11562333333333334,0.00048609555530665653,0.14827091915020094,12.734612003218425
'1101010',1,0.030506666666666668,0.00047147522616664575,0.18205759363372634,5.9781774241256045
'1100100',1,0.08852666666666666,0.00023328570942563633,0.17862879220009006,12.514683440004982
'0011011',1,0.08990333333333334,0.0002411546299691485,0.17862879220009006,12.366132445203519
'0011001',1,0.018233333333333334,0.0006201791855764119,0.18085568666199348,3.379489781476217
'1100110',1,0.018603333333333333,0.000502946871503895,0.18085568666199348,3.366006832317255
'1100001',1,0.021780000000000004,0.0003505234181430205,0.17263422035191545,3.8903952794224828
