states,flag,Avg0,SD0,frust0,time
'0101110',1,0.11176666666666667,0.000668048567762025,0.18253709658646522,16.198222153831736
'1101001',1,0.05535,0.00039631637193871617,0.17402241423693932,11.51884841711914
'0001111',1,0.06848333333333333,0.00036114016977099303,0.17450649186170872,8.773911374337056
'0010011',1,0.08945000000000002,0.0009289061667717928,0.16522782730471045,12.182023960127147
'1100101',1,0.07357999999999999,0.0014111697275664568,0.16390777676287202,13.055458658533666
'1010001',1,0.11217,0.00017720045146669373,0.18253709658646522,16.1560767382741
'0010110',1,0.054790000000000005,0.0006138403701289128,0.17402241423693932,11.477917891849643
'0111010',1,0.06406,0.0008420609637470857,0.17888941532605318,12.689765182728104
'0011010',1,0.07362333333333333,0.0006368847793928019,0.16390777676287202,13.096094820880632
'1101100',1,0.08876666666666666,0.0005460362218347411,0.16522782730471045,12.204297117870928
'1000101',1,0.06257333333333333,0.00048451579494951266,0.17888941532605318,12.788378814805583
'1110001',1,0.01797,0.0002099206199177828,0.17715010889380922,3.1247343350191734
'0001110',1,0.018186666666666667,0.0008066942144056535,0.17715010889380922,3.0989063345901435
'1110000',1,0.06728,0.0005080026246651338,0.17450649186170872,8.721526175210641
'0010111',1,0.020786666666666665,0.00046147107770212043,0.1717780044914344,4.032627168041965
'1101000',1,0.021163333333333336,0.00031982634176829286,0.1717780044914344,3.9826750684184535
