states,flag,Avg0,SD0,frust0,time
'0101010',1,0.19823666666666664,0.0003896437118987268,0.13815796233883312,15.075536179657412
'0011010',1,0.018433333333333333,0.00047842333648024396,0.17154073022300753,3.971775501984926
'1101001',1,0.020043333333333333,0.0007083470586905515,0.18813003406446116,3.7302750434039673
'0110011',1,0.01301,0.000155134350376268,0.18617172986396613,2.6290202723567915
'0110001',1,0.014056666666666667,0.0004606034688922308,0.1944880025761119,2.8108748494755145
'1010101',1,0.19659000000000001,0.001356392273643583,0.13815796233883312,15.09326165438587
'0100101',1,0.13553,0.0002913188402192145,0.1555094435975003,17.295625773742188
'1001100',1,0.013206666666666667,0.00030444849956747807,0.18617172986396613,2.611943335536442
'1011010',1,0.13576,0.0003505234181430167,0.1555094435975003,17.24506519073562
'1100101',1,0.018256666666666668,0.00023669013968102248,0.17154073022300753,3.967593577532354
'0010110',1,0.01989,0.0004572380853195264,0.18813003406446116,3.7553625219389044
'0100011',1,0.022416666666666668,0.0007377593705869757,0.17003305941197758,4.1583825954029985
'0110100',1,0.010173333333333335,0.00010656244908763794,0.22363719295087955,2.3084378470495532
'0011100',1,0.025683333333333332,3.299831645537239e-5,0.17109225424071242,3.9945851041715166
'1110001',1,0.018053333333333334,0.00011440668201153776,0.18458359291631837,3.137738096445681
'1011001',1,0.010206666666666668,0.00025170529504870424,0.2160529471895079,2.302904248976997
'1100011',1,0.02502333333333333,0.0004553631029799784,0.17109225424071242,4.017425266315065
'1011100',1,0.022433333333333333,0.0004220847729491729,0.17003305941197758,4.164373586714356
'1001110',1,0.014476666666666667,0.00014839886193034695,0.1944880025761119,2.817948107329014
'0011110',1,0.015093333333333334,0.00016858891488535734,0.17315882530249727,2.719342750823394
'1100001',1,0.015316666666666668,0.00025940101944458297,0.17315882530249727,2.6585393484860718
'0001110',1,0.017586666666666667,0.00014383632673594345,0.18458359291631837,3.1217592632153646
'1001011',1,0.010416666666666666,0.0002321398046197355,0.22363719295087955,2.329289798195111
'0100110',1,0.010106666666666667,0.00016779617264870914,0.2160529471895079,2.30575570548863
