states,flag,Avg0,SD0,frust0,time
'0000111',1,0.0519,0.0004294958284624723,0.1856023759112528,8.378986190938532
'1100010',1,0.03214999999999999,0.000707153920067384,0.18659533185237717,4.648051295127842
'1001101',1,0.09365666666666667,0.0008618326725969207,0.18151263213235727,11.890960448343089
'1100100',1,0.018513333333333337,0.00034315529364349856,0.2039808165697561,2.9144984461149703
'0010011',1,0.14381,0.0005452216674589043,0.17706979289833724,17.363256612072306
'1011001',1,0.03197333333333333,0.00044917207788948107,0.2061529877101326,4.371567191722952
'0001111',1,0.033433333333333336,0.00014817407180595205,0.1868592098466908,4.865252440845126
'0110010',1,0.09155333333333333,0.0009555917305814039,0.18151263213235727,11.96668439660633
'0110100',1,0.029446666666666666,0.0007506589697651591,0.2279097250659676,4.0519130510817325
'1010100',1,0.04669333333333333,0.00035462029772075163,0.20695550841782312,8.670087433091261
'1101100',1,0.14398333333333332,0.0008183044801430754,0.17706979289833724,17.529278351466754
'1001011',1,0.029836666666666668,0.00034373762603991397,0.2279097250659676,4.052896778371853
'0011101',1,0.03227333333333333,0.00017556258776351463,0.18659533185237717,4.690676702226482
'0101011',1,0.04681666666666667,0.0003465384378231196,0.20695550841782312,8.625090598361378
'0100110',1,0.032069999999999994,0.00035327043465311443,0.2061529877101326,4.381960505657522
'1101001',1,0.019156666666666666,0.00045565581552551416,0.21671483268930852,3.552957468482113
'0010110',1,0.019379999999999998,0.0007427426651719065,0.21671483268930852,3.526204356635739
'0011011',1,0.01867666666666667,0.0001811690432226823,0.2039808165697561,2.9523968075736793
'1111000',1,0.05081333333333334,0.00032396844839514106,0.1856023759112528,8.403335903052321
'1110000',1,0.03386333333333333,0.0002852289528704211,0.1868592098466908,4.785256075200031
