states,flag,Avg0,SD0,frust0,time
'0010011',1,0.07442,0.0003244482495971682,0.16408050804584104,12.231329266032823
'1101100',1,0.07406666666666667,0.0006712343521867412,0.16408050804584104,12.009816295851875
'0101100',1,0.04148333333333333,0.00016539514973406836,0.1742131534160271,6.451069895499512
'1011000',1,0.011966666666666667,0.00045755388268001326,0.2016128415099284,2.4076407881249273
'1001100',1,0.08098666666666667,0.00043376901175113606,0.16650043890583133,11.648146617875247
'1001011',1,0.03427,0.0002728858125052784,0.17853410971811753,5.296248529216165
'0010101',1,0.017766666666666667,8.055363982396379e-5,0.20044559639631876,3.0438338118393364
'0110100',1,0.03439333333333333,2.86744175568092e-5,0.17853410971811753,5.300821721229917
'1100110',1,0.02787666666666667,0.0003368811198166042,0.19696525267921486,5.032160638680921
'0011001',1,0.02767,0.0006083310502240269,0.19696525267921486,5.07786203816701
'1100011',1,0.03553333333333333,0.0008165510122188047,0.17313456530826946,5.716907620370507
'1000111',1,0.06864333333333335,0.0003549021774454975,0.17134618304353566,9.230661261321119
'1010011',1,0.04174666666666666,0.00014817407180595205,0.1742131534160271,6.418758325552307
'0100011',1,0.022196666666666667,3.299831645537216e-5,0.18410293854430274,3.66627622489953
'0100101',1,0.03777666666666666,0.0003468268860525221,0.1781639978315032,6.040296562170602
'1011010',1,0.038413333333333334,0.000427187182496021,0.1781639978315032,6.039313558889536
'0111000',1,0.06933666666666667,0.000177826382244657,0.17134618304353566,9.046311476408436
'0110011',1,0.08157333333333333,0.001185758079130066,0.16650043890583133,11.689909204595109
'0101001',1,0.030420000000000003,0.0008369388667439629,0.1812051410375876,6.613444355876955
'1010110',1,0.029566666666666668,0.0005781772123569798,0.1812051410375876,6.557481512868221
'0011100',1,0.036096666666666666,0.0006013503323539629,0.17313456530826946,5.790566381850308
'1100101',1,0.0163,0.00039217343102255115,0.17572718206035118,2.81443265699532
'0100111',1,0.0124,0.00016990193249832836,0.2016128415099284,2.393948850454647
'1011100',1,0.02197666666666667,0.00034198765409814894,0.18410293854430274,3.6796866071984566
'1101010',1,0.01725,9.273618495495749e-5,0.20044559639631876,3.054715334910682
'0011010',1,0.015870000000000002,0.0006337717780610519,0.17572718206035118,2.7772943514963253
