states,flag,Avg0,SD0,frust0,time
'0111100',1,0.16304333333333335,0.0004457453184149908,0.15105262897853017,12.396867407339302
'0110101',1,0.26450333333333337,0.0008662691395993735,0.1417427000902692,21.523621134163978
'1000011',1,0.16349999999999998,0.0007921279357948862,0.15105262897853017,12.350886779486927
'1001010',1,0.2676133333333333,0.0013317240288021018,0.1417427000902692,21.658751659219565
'0110010',1,0.019780000000000002,0.0006040419411486808,0.18943256612088163,3.349781845288499
'1010101',1,0.021066666666666668,0.000559900784861826,0.17891217710806964,3.247736280158659
'1001101',1,0.01945,0.0004071854614300471,0.18943256612088163,3.3760744475760442
'0011010',1,0.030119999999999997,0.0002140093455903269,0.1902899064925182,4.076053869142646
'0101010',1,0.02066666666666667,0.00017913371790059224,0.17891217710806964,3.2142020716424913
'1100101',1,0.030256666666666668,0.0002800396797281096,0.1902899064925182,4.084561919430766
