states,flag,Avg0,SD0,frust0,time
'1001011',1,0.15100000000000002,0.0034938040395343733,0.1377356130102396,20.241829123124464
'1001001',1,0.06036666666666667,0.0028193773938387356,0.137170170850297,9.8485487756954
'0110100',1,0.15166666666666664,0.0031541859312489685,0.1377356130102396,20.45887919656167
'1010001',1,0.11786666666666668,0.0035649528592800357,0.14432216173682919,13.753074557300422
'1110000',1,0.16736666666666666,0.0031584102892999173,0.15721797627813255,21.418166791875347
'0001111',1,0.16889999999999997,0.002084866102814919,0.15721797627813255,21.315105847482076
'0101110',1,0.12063333333333333,0.001968643074697786,0.14432216173682919,13.824468078691362
'0110110',1,0.062200000000000005,0.0028178005607210756,0.137170170850297,9.626944016728935
