states,flag,Avg0,SD0,frust0,time
'0110001',1,0.11328,0.0009406735175748677,0.16220631043734074,12.441807294727353
'0010101',1,0.11640333333333334,0.00037561800927124196,0.15995024858248308,15.731186631204904
'1101010',1,0.11564666666666668,0.0001528252451513027,0.15995024858248308,15.746097256286339
'1001110',1,0.11388,0.0003470830832331999,0.16220631043734074,12.369442511186685
'0110100',1,0.09885333333333333,0.0005546370184383852,0.158242312756975,14.555849645252144
'1010011',1,0.017916666666666668,0.0004949298491256677,0.19615781905422044,3.13582836139677
'1001001',1,0.027653333333333335,0.0002176133165859931,0.17085740102775693,4.982504573505259
'0110110',1,0.02681,0.00028647280266487165,0.17085740102775693,4.993291686736805
'1001011',1,0.09807,0.00038192494899739934,0.158242312756975,14.595208824683459
'0101010',1,0.06623666666666668,0.000790456970506446,0.16826082559828914,13.449077022940058
'1101001',1,0.06048333333333333,0.00027764885897278404,0.1631178105672946,9.68961371824266
'0010110',1,0.06090333333333334,0.0006737127643802568,0.1631178105672946,9.695974998826626
'1010101',1,0.06613000000000001,0.0003353605025441515,0.16826082559828914,13.465576097210686
'0101100',1,0.017733333333333334,0.00043759443425264195,0.19615781905422044,3.1019709317978896
