states,flag,Avg0,SD0,frust0,time
'0010111',1,0.14860666666666666,0.0006362564123230675,0.13586313753016596,17.160144347916965
'1101000',1,0.15037999999999999,0.0010271319292087053,0.13586313753016596,17.04609152692783
'1101001',1,0.05640666666666667,0.0007292614224146402,0.13940633800784982,7.741066658905406
'0001101',1,0.039016666666666665,0.0007214953607304465,0.16549982645062103,7.733492533230375
'1110010',1,0.038696666666666664,0.00038177945931591934,0.16549982645062103,7.9354293586037485
'1000110',1,0.08558666666666666,0.0005112294548982471,0.14432204133795934,10.463336767927624
'0000111',1,0.03757,0.00023366642891095636,0.1456159928541819,8.353197732012761
'0111001',1,0.08539666666666666,0.0005197649041206533,0.14432204133795934,10.47004795857031
'1010011',1,0.05298333333333333,0.0007751272296998872,0.1475887746059511,8.771316599428596
'0101100',1,0.053,0.0010088607436113273,0.1475887746059511,8.819224995409106
'1110001',1,0.07943666666666667,0.0005470730197047598,0.14547168438297933,9.573913389363078
'1111000',1,0.03841666666666666,0.0004490236321422555,0.1456159928541819,8.455377049121074
'0001110',1,0.07958333333333334,0.0007636025726049435,0.14547168438297933,9.528778410121644
'0010110',1,0.05492,0.000702187059597847,0.13940633800784982,7.766171838171857
