states,flag,Avg0,SD0,frust0,time
'0101011',1,0.10827333333333333,0.0016424033879923938,0.16117767441655437,12.05577533835602
'1001001',1,0.08111,0.001094470952865661,0.1672159442924864,12.025864647244608
'1001011',1,0.10514333333333332,0.0003736605708690957,0.16212218841475207,14.317987196652538
'1010100',1,0.10852333333333332,0.000996839449905995,0.16117767441655437,12.040332210828085
'1110010',1,0.05288,0.00010677078252031461,0.18300622240850567,8.948471743574284
'0110100',1,0.10572333333333334,0.0003583604640891954,0.16212218841475207,14.325510875487012
'0101001',1,0.09052,0.0003395094500402986,0.15547409995343905,12.400374698165402
'0110110',1,0.08061333333333333,0.000534436359375201,0.1672159442924864,12.09592031561987
'0001101',1,0.05245666666666667,2.0548046676563917e-5,0.18300622240850567,8.904603632741363
'0110001',1,0.049383333333333335,0.0008085515169459255,0.17848690097134137,8.001080985221359
'1010110',1,0.09025666666666665,0.00016131404843417203,0.15547409995343905,12.271992069507675
'1001110',1,0.04868,0.00023622023622035703,0.17848690097134137,7.982801063625598
'1011000',1,0.013293333333333332,0.00045762672804614685,0.19160006074372912,2.628768778594278
'0100111',1,0.013143333333333333,0.00022095751225568777,0.19160006074372912,2.6077034277588216
