states,flag,Avg0,SD0,frust0,time
'1010100',1,0.45980333333333334,0.00025328946988681985,0.09417145005941766,25.93438966789211
'0101011',1,0.4625733333333333,0.000726376088691135,0.09417145005941766,25.974023943727627
'1100101',1,0.03825666666666667,0.000595613595845123,0.10756414661861705,8.587961265130852
'0011010',1,0.03936666666666667,6.01849002842262e-5,0.10756414661861705,8.589830512959146
