states,flag,Avg0,SD0,frust0,time
'1110010',1,0.07643666666666667,0.00035705586242055804,0.20018291939009233,14.253472513962874
'1010011',1,0.1372433333333333,0.0003299831645537251,0.19181871058868707,15.319019324531107
'0001101',1,0.07541666666666667,0.0005257587110283814,0.20018291939009233,14.357291767880179
'0101100',1,0.13857,0.000949139961579253,0.19181871058868707,15.200461046157736
'1100011',1,0.07547,0.0005678614854580893,0.20091074716170507,12.643900915172532
'0011100',1,0.07468999999999999,0.00016673332000533038,0.20091074716170507,12.676756887421258
'1010100',1,0.015473333333333334,0.00010873004286866716,0.19847902032363493,2.781857543291228
'0101011',1,0.016196666666666668,0.0004711923410054772,0.19847902032363493,2.789178447914427
'0010110',1,0.07749666666666667,0.0003660904563386198,0.18414021210482176,10.394039006610994
'1111000',1,0.041833333333333333,0.00042757715353164123,0.19562430273384038,7.137054944510695
'1101001',1,0.07684333333333333,0.00018660713336371516,0.18414021210482176,10.345086738564351
'1011010',1,0.018703333333333332,0.0003087969487471595,0.20657582176604675,3.268840909312926
'0000111',1,0.041876666666666666,0.0005915704147061059,0.19562430273384038,7.100518313805806
'0100101',1,0.018756666666666668,0.0002007209228976617,0.20657582176604675,3.2496112119584883
'0101101',1,0.015253333333333332,0.0002922708028904393,0.19579488442306223,2.6445749177716977
'0111010',1,0.021156666666666667,0.0004437967502760193,0.20322807795902323,3.2317370150628837
'1000101',1,0.020953333333333334,0.00011145502331533637,0.20322807795902323,3.180415115794126
'0100110',1,0.021343333333333336,0.00039550249331985534,0.2169638113525934,3.463431643735211
'1010010',1,0.014956666666666667,0.0001697710877099577,0.19579488442306223,2.68055429497081
'1011001',1,0.02133,0.0006621681558838855,0.2169638113525934,3.528604889643956
