states,flag,Avg0,SD0,frust0,time
'0110110',1,0.060623333333333335,0.0006753928897727262,0.1511491701893888,8.056596442152863
'1001100',1,0.17362999999999998,0.0017900465543294302,0.14914954065193683,18.293365396685083
'0010101',1,0.06376,0.0007176350047203666,0.15683389121841632,10.060251110270288
'1100001',1,0.07975333333333333,0.000856050361966059,0.1611839791524049,12.665843908770727
'0110011',1,0.1761633333333333,0.0008786479512422657,0.14914954065193683,18.4713668627557
'0011110',1,0.07893,0.00015297058540778412,0.1611839791524049,12.628316884497375
'1001001',1,0.06103,0.0010404806581575628,0.1511491701893888,8.080251952574606
'0101110',1,0.07976333333333334,0.0006711846905948408,0.15323739717212526,10.39418918301638
'1101010',1,0.06463666666666668,0.0004739432689913614,0.15683389121841632,10.097280092912293
'1010001',1,0.07868333333333334,0.0004289781139198361,0.15323739717212526,10.298052043990442
'0111100',1,0.016213333333333333,0.00021296843793284424,0.16993281398120305,2.8783866456689764
'0111001',1,0.02551,0.00045321076774498635,0.16291641181817004,4.02758284636855
'1000110',1,0.02501666666666667,0.00047953681355611876,0.16291641181817004,3.99789792402237
'1000011',1,0.016286666666666668,0.0002927266453346682,0.16993281398120305,2.869248099100485
