states,flag,Avg0,SD0,frust0,time
'0010110',1,0.07132666666666666,0.00028546258754675566,0.12238425027305924,10.122628961477073
'0101110',1,0.03299,5.656854249492477e-5,0.14940344451317394,6.735618487722202
'1010010',1,0.026913333333333334,0.00027133415233291503,0.12273340742169814,4.801190979200016
'1001010',1,0.08234666666666668,0.001258049636893907,0.11881379163736738,9.495115225943115
'0110101',1,0.08443333333333332,0.0009258629608220754,0.11881379163736738,9.458618845089436
'0011110',1,0.03399,0.00019949937343260202,0.12323474234981636,5.925793725534954
'0001110',1,0.05949000000000001,0.0003558089374931423,0.1195909592820493,8.308148285458172
'1010001',1,0.03249666666666667,0.0009553475225743204,0.14940344451317394,6.761662348423395
'1110100',1,0.010353333333333332,0.0002951082663852185,0.15178863261376882,2.319678625335167
'0110110',1,0.04098666666666667,0.0004305293898859353,0.13118976038954155,6.690776260361912
'1110001',1,0.059286666666666675,0.0002800396797281083,0.1195909592820493,8.368871849136157
'1010011',1,0.013333333333333334,7.930251502246911e-5,0.1570147463214638,2.641496629658956
'1100101',1,0.06823333333333333,0.00019955506062794653,0.1201924735083343,8.715604454359337
'1101001',1,0.07099333333333334,0.0007602777270328414,0.12238425027305924,10.14619717910494
'1001001',1,0.040703333333333334,0.0004540435612973241,0.13118976038954155,6.654436366440213
'0011010',1,0.06863666666666667,0.0008244728955857536,0.1201924735083343,8.683855240476367
'1100001',1,0.03385,0.000567274184147315,0.12323474234981636,5.903999989581958
'1100100',1,0.0135,0.000298775277870621,0.1657692061199416,2.668953542332666
'1001101',1,0.030196666666666667,0.0010003110627310994,0.1456952565067276,6.12834154031442
'0011011',1,0.012833333333333334,0.00014290634073484067,0.1657692061199416,2.626488293535242
'0101101',1,0.02701666666666667,0.0005282255410544076,0.12273340742169814,4.755999646715762
'0010011',1,0.01605,0.0004178516483155227,0.15780305515389317,3.4345293072731273
'0101100',1,0.013136666666666666,0.00013719410418171131,0.1570147463214638,2.631552623441275
'0110010',1,0.03054,0.0005000666622228144,0.1456952565067276,6.161590161534565
'1101100',1,0.015703333333333333,0.00035264083081168506,0.15780305515389317,3.449252547983201
'0001011',1,0.010660000000000001,0.00016872067646458392,0.15178863261376882,2.3171922374008163
