states,flag,Avg0,SD0,frust0,time
'0001110',1,0.19556666666666667,0.00537049552855435,0.16395131005325395,19.29356120589874
'0101011',1,0.2207,0.0015121728296285013,0.17594158669623722,20.92910428508313
'1100001',1,0.08543333333333332,0.0016779617264870983,0.16870634541982232,15.30980559609241
'1110001',1,0.19340000000000002,0.0030506829836393426,0.16395131005325395,19.435271647771945
'0011110',1,0.08393333333333335,0.0018372685039360907,0.16870634541982232,15.29395883945008
'1010100',1,0.22096666666666664,0.0020677416559027753,0.17594158669623722,21.227885786498405
