states,flag,Avg0,SD0,frust0,time
'0101101',1,0.18136,0.0019565445731356784,0.13140980089011045,18.513791394530482
'0001101',1,0.058456666666666664,0.0009185616776001238,0.1424262160271849,9.795298016708541
'0111100',1,0.07812333333333334,0.0009586564672614577,0.15655154252832684,11.537872970773039
'0011110',1,0.01229,0.00037318449414018595,0.19505200967934644,2.3692519160017467
'1110010',1,0.05854,0.0005219833969262492,0.1424262160271849,9.80671775214409
'1000011',1,0.07788,0.0008178426906604141,0.15655154252832684,11.714572939625603
'1010010',1,0.18159,0.0009716309313039928,0.13140980089011045,18.53999583092999
'1101100',1,0.024380000000000002,0.00038401388863772444,0.16921815431471746,5.929549777054525
'1010101',1,0.036283333333333334,0.00014974051630144226,0.16354389642764014,8.5043814038277
'0101010',1,0.03619,0.0002041241452319317,0.16354389642764014,8.509322896541468
'1000101',1,0.0521,0.0010729709533191802,0.13150110833813042,7.357349182416011
'0110011',1,0.030403333333333334,0.0004777958652907005,0.16795487956475594,5.432172455895928
'1100101',1,0.02702,0.0005383926695885327,0.16134891041255248,5.680438550675494
'1001100',1,0.02979,0.0001823915202707261,0.16795487956475594,5.294306989661508
'0111010',1,0.05126333333333333,0.0005557177541002478,0.13150110833813042,7.310188149915613
'1100001',1,0.01217,0.00011045361017187235,0.19505200967934644,2.4106560788862184
'0011010',1,0.026686666666666664,0.00020336065390226177,0.16134891041255248,5.79290098731002
'0010011',1,0.025473333333333334,0.00019737161790783192,0.16921815431471746,5.939806986997785
