states,flag,Avg0,SD0,frust0,time
'1100110',1,0.13895666666666665,0.0005470730197047694,0.19158621837432196,20.887306505044194
'0101001',1,0.09725333333333334,0.00042240054713768815,0.19282005212876713,17.043893584977095
'0110110',1,0.17258666666666667,0.0011656281091707108,0.19785052909159598,22.849330447381575
'0011010',1,0.03196000000000001,0.00046568945303352777,0.18694812708154995,4.7601913607004045
'1110100',1,0.05942666666666666,5.7927157323276324e-5,0.19468644643172667,10.917082067814912
'0011001',1,0.13849666666666668,9.392668535737245e-5,0.19158621837432196,20.807920988647258
'0001011',1,0.059359999999999996,0.0008286535263104044,0.19468644643172667,11.104323936416733
'1010110',1,0.09712,0.0005435071296680486,0.19282005212876713,17.07724071383421
'1100101',1,0.03207,0.0004688283267892423,0.18694812708154995,4.7373974253826905
'1001001',1,0.17277,0.0014890489134567282,0.19785052909159598,23.009411296756948
