states,flag,Avg0,SD0,frust0,time
'0011110',1,0.19853333333333334,0.0011891827258901676,0.15146597523412503,19.64522353523822
'1100001',1,0.19676333333333332,0.0006234491870945795,0.15146597523412503,19.7013916962719
'0001111',1,0.07289333333333332,0.0004170797951897855,0.16605263297090445,13.769550554362398
'1000101',1,0.06436666666666667,0.0004419150245113764,0.15517636104652519,8.880517539166505
'1110000',1,0.07231666666666668,0.0002671246067953208,0.16605263297090445,13.893069683274055
'0111010',1,0.06420666666666668,0.0008173670466130194,0.15517636104652519,9.101104323015024
'1111000',1,0.061393333333333334,0.0008020529215013737,0.1716568672545937,12.13584494244666
'0101011',1,0.042429999999999995,0.0005352258090438708,0.177203772504149,9.610561302917572
'0010101',1,0.043083333333333335,9.568466729604814e-5,0.1697341790323065,8.687511654438746
'0000111',1,0.06138,0.00034215006454283597,0.1716568672545937,12.202922626396559
'1010100',1,0.04243666666666667,0.00037721199462489044,0.177203772504149,9.806075502016222
'0011101',1,0.01894,0.0002619160170741759,0.16007812628511395,3.503043102357108
'1101010',1,0.04238666666666666,0.00051441444596961,0.1697341790323065,8.84813924935377
'1100010',1,0.01887,0.0004944357052910586,0.16007812628511395,3.4841934032815245
