states,flag,Avg0,SD0,frust0,time
'1100011',1,0.07531666666666667,0.0007236174557196802,0.1698124461697839,12.971590549147132
'1000101',1,0.11052666666666666,0.0007903726266065153,0.14483520587298435,12.382059594645936
'1101100',1,0.03775333333333333,0.00045382326466979894,0.1609216961915459,6.790946449121784
'0110011',1,0.07417333333333334,0.00021545816814922924,0.14957329899967856,10.9014374366468
'0111010',1,0.11020333333333333,0.00035140985883849653,0.14483520587298435,12.373203491301558
'0110100',1,0.07659333333333333,0.00043392267616349444,0.16615541398117234,12.317369534092443
'1001011',1,0.07797666666666667,0.00076708684138253,0.16615541398117234,12.257992008336403
'0010101',1,0.05668,0.00041044691089916384,0.15768295385802217,7.56003570375459
'1001100',1,0.07542,0.0010686751923136718,0.14957329899967856,10.867255329718233
'0011100',1,0.07593,0.0011148393008262073,0.1698124461697839,13.083249437245806
'0010011',1,0.03776000000000001,0.0002758018612458357,0.1609216961915459,6.8973680271178
'1100100',1,0.033723333333333334,0.0002192917893786466,0.155316102590249,6.673278466774012
'1011010',1,0.03404666666666666,0.000582084377236001,0.1782125444929854,6.999885558833281
'1101010',1,0.05640666666666666,0.00034874377732401423,0.15768295385802217,7.569146579776677
'0011011',1,0.03360666666666667,0.0008379870059984361,0.155316102590249,6.5855363184638245
'0100101',1,0.03388333333333333,0.0003132978703335788,0.1782125444929854,6.940054991805716
