states,flag,Avg0,SD0,frust0,time
'1000101',1,0.08054333333333334,0.0005391557185905468,0.1645138277393257,10.347776939245286
'0011010',1,0.04033333333333333,0.001047674673847862,0.17982693406007297,8.090751102009847
'0111100',1,0.04192333333333333,0.0004817560470703897,0.18476546717211403,5.771668525207232
'0001101',1,0.07256666666666667,0.00021359359124801332,0.1705417448884,10.321894056309626
'1100101',1,0.03987333333333333,0.0009777979795892852,0.17982693406007297,8.161766149475204
'0111010',1,0.08045000000000001,0.0007333939368897593,0.1645138277393257,10.252974565342567
'0100101',1,0.050616666666666664,0.0003387558937576671,0.16714828465930678,9.372921032809323
'0011011',1,0.043783333333333334,0.00033905096306537276,0.18555179783326545,7.539377042869447
'1000110',1,0.01453,0.000180554700852678,0.19927373432050183,3.0635151950125272
'1001010',1,0.01919333333333333,0.00032714251057027464,0.20998865393455832,4.0568034124456025
'1000011',1,0.041786666666666666,0.00038386919068291554,0.18476546717211403,5.791048830793038
'1110010',1,0.07090666666666666,0.0006145639827462136,0.1705417448884,10.303375232015467
'1111000',1,0.0263,9.201449161228126e-5,0.18444134998466244,4.879218813644813
'1100100',1,0.04369666666666667,0.0003382635395992627,0.18555179783326545,7.584901895583907
'0110110',1,0.024499999999999997,0.0006827884006044626,0.1966980139998087,4.194072711471622
'0100111',1,0.04982333333333333,0.0006364659369431224,0.1747624615246721,10.782654298918075
'1011000',1,0.05000333333333334,0.00023098821518760632,0.1747624615246721,10.814361295241694
'0100110',1,0.014826666666666667,4.496912521077374e-5,0.19541659644746934,2.5935288379403914
'1001001',1,0.02374,0.00048297688005396984,0.1966980139998087,4.2005738610484
'1011010',1,0.05116333333333333,0.0001322455628325153,0.16714828465930678,9.534275379712733
'0110101',1,0.018920000000000003,4.96655480858374e-5,0.20998865393455832,4.025869208901976
'1011001',1,0.015093333333333334,0.0002269116323349005,0.19541659644746934,2.5770877460714687
'0000111',1,0.026400000000000003,0.0003144307024873154,0.18444134998466244,4.826518917972179
'1110100',1,0.022363333333333332,0.00033479678745305946,0.18573326887031635,3.9298169625417976
'0001011',1,0.02199,0.0007031832383288632,0.18573326887031635,3.9734045826485533
'0111001',1,0.014673333333333335,4.189935029992164e-5,0.19927373432050183,3.0571651923002876
