states,flag,Avg0,SD0,frust0,time
1_0_1_0_0_1,1,0.7652066666666668,8.498365855987038e-5,0.47368421052631576,13.744651905663481
0_1_1_1_1_1,1,0.23479333333333333,8.498365855988308e-5,0.7368421052631579,10.276841116805011
