states,flag,Avg0,SD0,frust0,time
1_0_1_0_0_1,1,0.7499133333333333,0.0016945861507230227,0.42105263157894735,13.716548823006514
0_1_1_1_1_1,1,0.2500866666666666,0.001694586150723009,0.5789473684210527,10.257559007325124
