states,flag,Avg0,SD0,frust0,time
1_0_1_1_0_1,1,1.0,0.0,0.3157894736842105,14.001666666666667
