states,flag,Avg0,SD0,frust0,time
1_0_1_0_0_1,1,0.6619666666666667,0.0011296410442653132,0.7368421052631579,15.318293119200774
1_0_1_1_0_1,1,0.33803333333333335,0.0011296410442653427,0.6842105263157895,12.574608567383374
