states,flag,Avg0,SD0,frust0,time
0_1_1_1_1_1,1,0.24966333333333335,0.0011058129237001327,0.5789473684210527,10.257276682951495
1_0_1_0_0_1,1,0.7503366666666667,0.0011058129237001464,0.42105263157894735,13.714522182447913
