states,flag,Avg0,SD0,frust0,time
0_1_1_1_0_0,1,0.8069100000000001,0.001392647359049205,0.3684210526315789,14.389225152961238
1_0_1_1_1_1,1,0.19308999999999998,0.0013926473590491794,0.631578947368421,10.225660331054272
