states,flag,Avg0,SD0,frust0,time
0_0_1_1_0_1,1,0.5634466666666667,0.0019677454668280206,0.3684210526315789,13.64233889398602
1_0_1_1_0_1,1,0.43655333333333335,0.0019677454668280063,0.3157894736842105,12.402807817925838
