states,flag,Avg0,SD0,frust0,time
0_0_1_1_1_0_1,1,0.7647666666666666,0.0015480166522216477,0.36363636363636365,15.100941593734811
1_1_1_1_0_1_1,1,0.23523333333333332,0.0015480166522216512,0.6363636363636364,10.528792737226711
