states,flag,Avg0,SD0,frust0,time
1_0_1_0_0_1,1,0.7662466666666666,0.0009665172298285854,0.47368421052631576,13.759525622226398
0_1_1_1_1_1,1,0.23375333333333334,0.0009665172298285985,0.7368421052631579,10.265837611236881
