states,flag,Avg0,SD0,frust0,time
0_0_1_1_0_1,1,1.0,0.0,0.3684210526315789,14.902133333333333
