states,flag,Avg0,SD0,frust0,time
1_0_1_0_1_1,1,0.28080333333333335,0.0010391449476479348,0.3684210526315789,11.912198318574363
1_0_1_1_0_1,1,0.3585966666666667,0.0013659022252302086,0.3157894736842105,12.040761631924761
1_1_1_0_0_1,1,0.36060000000000003,0.0018137989598262213,0.3157894736842105,12.043483302665956
