states,flag,Avg0,SD0,frust0,time
1_0_1_0_0_1,1,0.7656200000000001,0.0004283300907788791,0.47368421052631576,13.748636525956732
0_1_1_1_1_1,1,0.23438,0.00042833009077891194,0.7368421052631579,10.265812200238598
