states,flag,Avg0,SD0,frust0,time
1_0_1_0_0_1,1,0.6632133333333333,0.0021253130488366823,0.8421052631578947,15.322589051895525
1_0_1_1_0_1,1,0.3367866666666666,0.0021253130488367005,0.7894736842105263,12.617399350464916
