states,flag,Avg0,SD0,frust0,time
0_1_1_1_0_0,1,0.6667866666666667,0.0008911540582612749,0.3684210526315789,15.577515391232348
1_1_1_1_0_0,1,0.3332133333333333,0.0008911540582612749,0.3157894736842105,12.52713091225756
