states,flag,Avg0,SD0,frust0,time
1_0_1_1_0_1,1,0.44699333333333335,0.0005073022329494914,0.3157894736842105,12.333974843928155
0_0_1_1_0_1,1,0.5530066666666666,0.0005073022329495131,0.3684210526315789,13.117741569809453
