states,flag,Avg0,SD0,frust0,time
0_1_1_1_0_1,1,1.0,0.0,0.15384615384615385,13.736133333333333
