states,flag,Avg0,SD0,frust0,time
0_1_1_1_1_1,1,0.2323466666666667,0.0005633431951799511,0.7368421052631579,10.28392104834669
1_0_1_0_0_1,1,0.7676533333333332,0.0005633431951799251,0.47368421052631576,13.757415343907526
