states,flag,Avg0,SD0,frust0,time
0_1_1_1_0_0,1,0.76565,0.00027820855486489394,0.3684210526315789,13.775613138771353
1_0_1_1_1_1,1,0.23434999999999997,0.00027820855486486597,0.8421052631578947,10.267970378389379
