states,flag,Avg0,SD0,frust0,time
1_0_1_1_1_1,1,0.24885333333333337,0.0011888463128409625,0.631578947368421,10.24579186466778
0_1_1_1_0_0,1,0.7511466666666666,0.0011888463128409525,0.3684210526315789,13.705836281636286
