states,flag,Avg0,SD0,frust0,time
0_0_1_1_1_0_1,1,1.0,0.0,0.36363636363636365,17.607366666666667
