states,flag,Avg0,SD0,frust0,time
1_0_1_1_1_0_1,1,1.0,0.0,0.2727272727272727,19.367566666666665
