states,flag,Avg0,SD0,frust0,time
1_0_1_1_0_1,1,1.0,0.0,0.42105263157894735,13.575533333333333
