states,flag,Avg0,SD0,frust0,time
0_0_1_1_0_1,1,0.5606033333333332,0.0014111539801012153,0.3684210526315789,13.4412741925945
1_0_1_1_0_1,1,0.43939666666666666,0.0014111539801012387,0.3157894736842105,12.352686608972602
