states,flag,Avg0,SD0,frust0,time
0_1_1_1_0_0,1,0.8217233333333334,0.00041667999978665026,0.3684210526315789,14.453891747565352
1_0_1_1_1_1,1,0.17827666666666667,0.0004166799997866691,0.8421052631578947,10.225659502864731
