states,flag,Avg0,SD0,frust0,time
0_0_1_1_0_1,1,0.5550533333333333,0.0008288278202109139,0.3684210526315789,13.126519737210431
1_0_1_1_0_1,1,0.44494666666666666,0.0008288278202109139,0.3157894736842105,12.317602950243497
