states,flag,Avg0,SD0,frust0,time
1_1_1_1_0_1_1,1,0.23283999999999996,0.0005639739946723313,0.6363636363636364,10.544014506461982
0_0_1_1_1_0_1,1,0.76716,0.0005639739946723368,0.36363636363636365,15.08680425317518
