states,flag,Avg0,SD0,frust0,time
0_0_1_1_1_0_1,1,0.7651933333333334,0.002227948732703578,0.36363636363636365,15.08046109195194
1_1_1_1_0_1_1,1,0.23480666666666664,0.0022279487327035944,0.6363636363636364,10.526251724530647
