states,flag,Avg0,SD0,frust0,time
1_0_1_0_0_1,1,0.8063899999999999,0.0017799063645783497,0.42105263157894735,14.414455632773171
0_1_1_1_1_1,1,0.19360999999999998,0.0017799063645783958,0.5789473684210527,10.221562314338085
