states,flag,Avg0,SD0,frust0,time
1_0_1_0_0_1,1,0.7489699999999999,0.0018441438844804447,0.42105263157894735,13.718857868832478
0_1_1_1_1_1,1,0.25103000000000003,0.0018441438844804627,0.5789473684210527,10.253596605436599
