states,flag,Avg0,SD0,frust0,time
0_0_1_1_0_1,1,0.6509633333333333,0.0008614845068575304,0.3684210526315789,15.55803382574951
1_0_1_1_0_1,1,0.34903666666666666,0.0008614845068575138,0.3157894736842105,13.120775189668636
