states,flag,Avg0,SD0,frust0,time
0_0_1_1_1_0_1,1,0.7657400000000001,0.0014136713432289481,0.36363636363636365,15.133042222869214
1_1_1_1_0_1_1,1,0.23426,0.001413671343228923,0.6363636363636364,10.50414010672875
