states,flag,Avg0,SD0,frust0,time
'10011',1,0.049550000000000004,0.0003975759885439087,0.4,2.2636986256757523
'10101',1,0.051050000000000005,0.000310590834807899,0.4,2.25875860412804
'00110',1,0.04977,0.00020461345670963745,0.4,2.2524768057357054
'01010',1,0.04988,0.0002453568829277061,0.4,2.255824563369812
'00111',1,0.05027333333333334,0.00048451579494951006,0.4,2.26393432508438
'01110',1,0.049466666666666666,0.0008185081279715882,0.4,2.255650870020482
'01100',1,0.04954333333333333,0.00032704060230429364,0.4,2.2578557627114226
'11000',1,0.049966666666666666,0.00040285095120762385,0.4,2.252213557589201
'01101',1,0.049646666666666665,0.00017931970208417107,0.4,2.269189598298381
'11100',1,0.049993333333333334,0.001034225421376897,0.4,2.2631449662261605
'10010',1,0.05038666666666666,0.0005990177144477647,0.4,2.259584346833412
'00101',1,0.050186666666666664,0.0005522278112840324,0.4,2.2550825883864243
'01001',1,0.05004666666666666,0.0005478645412467916,0.4,2.2558318856473143
'10001',1,0.04983333333333334,9.17726659862435e-5,0.4,2.2616760835129557
'00011',1,0.049773333333333336,0.0002945429604583262,0.4,2.25951388585837
'10100',1,0.050056666666666666,0.0004506538459714832,0.4,2.255196576212566
'11010',1,0.049826666666666665,0.0005104464277037856,0.4,2.268315071713992
'11001',1,0.049949999999999994,0.00047017727153347784,0.4,2.2554848788895288
'01011',1,0.05073,0.0006468384651518488,0.4,2.2591307513200096
'10110',1,0.05007,0.000868600406784767,0.4,2.2528321093273087
