states,flag,Avg0,SD0,frust0,time
'00111',1,0.43861333333333336,0.001515285085021597,0.4,14.669448249757894
'11000',1,0.4372466666666666,0.0020722344354719,0.4,14.662996423756761
'11010',1,0.06216,9.797958971132879e-5,0.4,2.86368376148231
'00101',1,0.06198,0.001063234060151701,0.4,2.8822494093229096
