states,flag,Avg0,SD0,frust0,time
'11110',1,0.33802,0.0006280658139611429,0.25,9.711469261785362
'00001',1,0.33876333333333336,0.0011482547142898493,0.25,9.766683218483108
'00000',1,0.16194666666666668,0.0013167215178448157,0.25,5.896913814775181
'11111',1,0.16127,0.0010889444430272853,0.25,5.907875284643886
