states,flag,Avg0,SD0,frust0,time
'111111',1,0.5007266666666667,0.0010923166004211421,0.16666666666666666,12.516261822393297
'000000',1,0.4992733333333333,0.001092316600421097,0.16666666666666666,12.495553559945785
