states,flag,Avg0,SD0,frust0,time
'11110',1,0.27085,0.0009178598295309768,0.25,8.179653633545398
'11001',1,0.13088666666666665,0.0005546370184383787,0.35,5.786888360872063
'10001',1,0.055766666666666666,0.0006625372106950331,0.35,2.5361922317104866
'11011',1,0.04182,0.000602052046476605,0.45,2.237337258934467
'00001',1,0.27202,0.001171181739384074,0.25,8.20969775414261
'00110',1,0.13220666666666667,0.0008042525860836455,0.35,5.723092530887883
'01110',1,0.055323333333333335,0.00029318177903061345,0.35,2.553622700475159
'00100',1,0.041126666666666666,0.000465498538009399,0.45,2.2437411494460884
