states,flag,Avg0,SD0,frust0,time
'100010',1,0.49960333333333334,0.0011804330655408681,0.36666666666666664,30.76846563738798
'011101',1,0.5003966666666666,0.001180433065540878,0.36666666666666664,30.75708414821815
