states,flag,Avg0,SD0,frust0,time
'00101',1,0.05050666666666667,0.0003896437118987345,0.4,2.2533300814758155
'10011',1,0.049499999999999995,0.00033256578296631987,0.4,2.2507217551691547
'01100',1,0.04975333333333334,0.0006284548954026522,0.4,2.258124585851291
'00011',1,0.05014,0.0006060253020020425,0.4,2.258281199477906
'01011',1,0.04972666666666667,0.0008037550760164572,0.4,2.250012579804077
'01101',1,0.049363333333333335,0.0005409456740026887,0.4,2.2547758965882925
'11000',1,0.04988666666666667,0.0002369716344956818,0.4,2.269410252957217
'10110',1,0.05017666666666667,0.0005344363593752042,0.4,2.2527372078507217
'01110',1,0.050006666666666665,0.0002735365098523835,0.4,2.2551539634885898
'00111',1,0.04987666666666666,0.0006128258770283418,0.4,2.2615568580079786
'10001',1,0.05026,0.0006631741852635704,0.4,2.254204409112491
'00110',1,0.05014333333333334,0.0003910953279643684,0.4,2.250605683901728
'11100',1,0.05007,0.0008224759368313867,0.4,2.2613284669729015
'01001',1,0.05070333333333334,0.0005356823270890642,0.4,2.257253806445361
'11001',1,0.049766666666666674,0.00018354533197248148,0.4,2.2533177958547483
'10100',1,0.049850000000000005,0.0004390899680020014,0.4,2.2575898257947116
'10010',1,0.04955333333333333,0.000400860186210714,0.4,2.2519138661974556
'10101',1,0.05007,0.0004838043681765048,0.4,2.2548872025894093
'01010',1,0.04988,0.0009297669959009446,0.4,2.254223871731711
'11010',1,0.05076666666666666,7.039570693981076e-5,0.4,2.258167880611649
