states,flag,Avg0,SD0,frust0,time
'11100',1,0.15058333333333332,0.0005317476427362563,0.35,7.790946203441481
'10011',1,0.29711,0.0011473738129601438,0.25,10.037847040328202
'01100',1,0.2978366666666667,0.00033638602164113695,0.25,9.990419106439173
'00011',1,0.15002333333333334,0.0005483510635431286,0.35,7.706608671699475
'01011',1,0.052296666666666665,0.0003591038228083286,0.45,2.9353976065074376
'10100',1,0.052149999999999995,0.0004336665385600615,0.45,2.9377027794749755
