states,flag,Avg0,SD0,frust0,time
'00000',1,0.46997,0.0009841070402485058,0.1,8.029621149970795
'11111',1,0.46764,0.00037416573867739744,0.1,8.061721472203313
'10011',1,0.031133333333333332,0.0007835957007425575,0.5,2.0
'01100',1,0.03125666666666666,0.00049358101890391,0.5,2.0
