states,flag,Avg0,SD0,frust0,time
'000110',1,0.5002633333333333,0.0008025099514786065,0.3333333333333333,24.313270730044948
'111001',1,0.49973666666666666,0.0008025099514786083,0.3333333333333333,24.25852278162644
