states,flag,Avg0,SD0,frust0,time
'11001',1,0.04991,0.0005322280213091631,0.4,2.2662713399652716
'00101',1,0.04987666666666667,0.0002000555478416477,0.4,2.258698563690939
'01011',1,0.05019666666666667,0.0003858612300930068,0.4,2.2641222851424154
'11000',1,0.049436666666666663,0.0005366770185337003,0.4,2.2631079273636203
'10001',1,0.04995666666666667,0.00030269162892657494,0.4,2.2543738307699157
'10011',1,0.050359999999999995,0.0005889538748209972,0.4,2.2609457540340805
'01001',1,0.04928,0.00037318449414018643,0.4,2.258108148816384
'01101',1,0.050506666666666665,0.00047394326899136477,0.4,2.2682536310295007
'10100',1,0.050026666666666664,0.00046161552063258063,0.4,2.276128387346088
'11100',1,0.05018999999999999,0.00023252240035460576,0.4,2.2520992465958343
'10101',1,0.05006666666666667,0.0006744050876307348,0.4,2.2643962915029126
'01010',1,0.04964666666666667,0.00033068951533962346,0.4,2.2540154796513074
'01110',1,0.04942666666666667,0.000247835070605883,0.4,2.256663345241657
'00110',1,0.050583333333333334,0.0005839139967114639,0.4,2.25775256979434
'10110',1,0.049723333333333335,0.0008305152349930482,0.4,2.266598102851926
'10010',1,0.0497,0.0005791372894228088,0.4,2.2665918561147294
'01100',1,0.05014,0.00045173738683738256,0.4,2.2547916084931194
'00011',1,0.05056666666666667,0.0006540302405512715,0.4,2.266951743112443
'00111',1,0.05006333333333334,0.00016579773487261323,0.4,2.2538338732202523
'11010',1,0.05034333333333333,0.00038317387987990965,0.4,2.2628137266443797
