states,flag,Avg0,SD0,frust0,time
'001101',1,0.29638666666666663,0.0010939327625082247,0.36666666666666664,20.92678374506386
'100011',1,0.20316666666666663,0.001494932179806907,0.36666666666666664,18.095852941312742
'011100',1,0.20441333333333334,0.00047988424530181237,0.36666666666666664,17.96658988596808
'110010',1,0.2960333333333333,0.0013257534545390564,0.36666666666666664,20.993279160875463
