states,flag,Avg0,SD0,frust0,time
'01010',1,0.17618999999999999,0.0009609717304201388,0.35,6.626767839306012
'10101',1,0.17809,0.0010739646176667038,0.35,6.599755122968683
'00011',1,0.32386000000000004,0.0008549074023931986,0.25,8.164747055994003
'11100',1,0.32186,0.0006886218120274646,0.25,8.155914342999745
