states,flag,Avg0,SD0,frust0,time
'10110',1,0.19940666666666665,0.0013168227755556998,0.45,9.157076249496116
'01001',1,0.20043999999999998,0.0006864886500639867,0.45,9.194606826238903
'01100',1,0.14870666666666665,0.00047779586529069076,0.35,5.673215662068158
'11010',1,0.15081666666666665,0.0003887015421745724,0.35,5.65709752317602
'10011',1,0.14987666666666669,0.0005662939951022702,0.35,5.6733789352443145
'00101',1,0.15075333333333335,0.0005215574965641182,0.35,5.658655325810282
