states,flag,Avg0,SD0,frust0,time
'10110',1,0.28211,0.0014637167303363935,0.35,9.132839006855415
'11000',1,0.21731333333333333,0.001669178107799028,0.45,9.481158375234058
'00111',1,0.21807333333333334,0.0006159184650224003,0.45,9.447819510534714
'01001',1,0.2825033333333334,0.00017441967269268466,0.35,9.178124675228588
