states,flag,Avg0,SD0,frust0,time
'111111',1,0.5010500000000001,0.0007377443098165253,0.3,21.41156360798111
'000000',1,0.49895,0.0007377443098165299,0.3,21.394812641825766
