states,flag,Avg0,SD0,frust0,time
'11110',1,0.16155,0.00015556349186103901,0.3,6.126648213920423
'00000',1,0.29658333333333337,0.0008788755442167064,0.2,8.298043725801493
'00001',1,0.16174,0.00046676189504571674,0.3,6.185664885286424
'11111',1,0.29657,0.0010206207261596358,0.2,8.282013051181677
'11000',1,0.041873333333333325,0.0005996851025515173,0.4,2.237028742017466
'00111',1,0.04168333333333333,0.0007901195408853585,0.4,2.2455968385943748
