states,flag,Avg0,SD0,frust0,time
'01110',1,0.09559333333333332,0.000868728317075533,0.4,4.181472572012914
'00010',1,0.042890000000000005,0.0002570343686487601,0.4,2.3600351377276954
'11111',1,0.36197000000000007,0.0011386249016540376,0.3,10.610886567535756
'00000',1,0.36025666666666667,0.0006614294285023115,0.3,10.60092880629673
'11101',1,0.04333666666666667,0.0006706381703687604,0.4,2.389699463966719
'10001',1,0.09595333333333333,0.0004929052196473001,0.4,4.182956455913826
