states,flag,Avg0,SD0,frust0,time
'000000',1,0.5009366666666666,0.0007815085127850769,0.2,13.414974993386757
'111111',1,0.4990633333333334,0.0007815085127850865,0.2,13.405375500622718
