states,flag,Avg0,SD0,frust0,time
'00',1,0.5009100000000001,0.0007538346414610183,0.0,2.0
'11',1,0.49909,0.0007538346414610385,0.0,2.0
