states,flag,Avg0,SD0,frust0,time
'01010',1,0.16720666666666664,0.00043911527213502574,0.4,7.354281994258687
'00111',1,0.16704666666666668,0.00043492017147467175,0.4,7.399480976447148
'11000',1,0.16703,0.0004245782220824229,0.4,7.338533329865052
'01101',1,0.16551333333333332,0.0018949289051454093,0.4,7.3903339902748995
'10010',1,0.16573666666666667,0.0013395106900987667,0.4,7.391198305806403
'10101',1,0.16746666666666665,0.0014645666784259277,0.4,7.412675414394418
