states,flag,Avg0,SD0,frust0,time
'111111',1,0.5001766666666666,0.0009960031236006478,0.3,25.9177118457541
'000000',1,0.49982333333333334,0.0009960031236006478,0.3,25.701141675006
