states,flag,Avg0,SD0,frust0,time
'10100',1,0.16330333333333333,0.0010397542444678348,0.3,5.255632731370622
'00110',1,0.1362833333333333,0.0009506605890408781,0.4,6.347403148785932
'10010',1,0.16345333333333334,0.0005680571176289363,0.3,5.253758172975906
'10000',1,0.03703,0.00045321076774498635,0.4,2.0
'01101',1,0.16328333333333334,0.0005688780380909632,0.3,5.269593655836776
'11001',1,0.13559666666666667,0.00022171052197755077,0.4,6.3298868111596205
'01011',1,0.16331666666666667,0.0011346169201785932,0.3,5.3167064032399916
'01111',1,0.037733333333333334,0.0007793301967430485,0.4,2.0
