states,flag,Avg0,SD0,frust0,time
'10001',1,0.2745333333333333,0.0006247310532452224,0.4,13.429192892937484
'11010',1,0.04952,0.0007838792424006815,0.4,2.703390213693579
'01001',1,0.17613333333333334,0.0014323950417240194,0.4,8.464140820660058
'00101',1,0.04914333333333334,2.6246692913374277e-5,0.4,2.7227800923466066
'01110',1,0.2750166666666667,0.00034422215049134127,0.4,13.382197868317087
'10110',1,0.17565333333333333,0.00031094837013383517,0.4,8.505503954408633
