states,flag,Avg0,SD0,frust0,time
'10101',1,0.23390999999999998,0.0015795146934000537,0.3,11.326923041150323
'10111',1,0.23396000000000003,0.0002765260686927494,0.3,11.340590675656339
'01010',1,0.23513666666666666,0.001872366298445779,0.3,11.376021807488414
'01000',1,0.23482999999999998,0.00037532208390484155,0.3,11.379049471803354
'10000',1,0.030783333333333333,0.000390924829375447,0.5,2.0
'01111',1,0.03138,0.0004669760878960155,0.5,2.0
