states,flag,Avg0,SD0,frust0,time
'110001',1,0.23884000000000002,0.0006224682053459914,0.36666666666666664,17.287682155015847
'001110',1,0.23785333333333333,0.0001970335560817544,0.36666666666666664,17.220651769895525
'001101',1,0.2618933333333333,0.00032561053764002315,0.36666666666666664,16.959503134533673
'110010',1,0.26141333333333333,0.0004937835783237539,0.36666666666666664,17.001809094113323
