states,flag,Avg0,SD0,frust0,time
'10100',1,0.21775333333333333,0.002302308020709267,0.25,6.435612753217331
'00110',1,0.10486,3.7416573867742215e-5,0.35,3.9427143876702697
'10110',1,0.09251666666666665,0.0003439315177312021,0.35,4.87621227687921
'01100',1,0.08595333333333333,0.00048582118338152,0.45,5.115830844347777
'11001',1,0.10466333333333333,5.7927157323275795e-5,0.35,3.9344636679292524
'01011',1,0.21597666666666668,0.0015116069447960224,0.25,6.434526612422822
'01001',1,0.09344333333333334,0.0008927236725636661,0.35,4.835755350331001
'10011',1,0.08483333333333333,0.0004821018795049678,0.45,5.081172175857994
