states,flag,Avg0,SD0,frust0,time
'11100',1,0.40646333333333334,0.0006192647970689872,0.25,11.25483211930896
'00011',1,0.4054433333333333,0.0005555377774933353,0.25,11.227729329606804
'10100',1,0.0939,0.0003726481808176016,0.35,5.052142151380165
'01011',1,0.09419333333333335,0.00039465878370505565,0.35,5.082370250742461
