states,flag,Avg0,SD0,frust0,time
'101001',1,0.5002033333333333,0.0014363224645678374,0.3,29.776529685867303
'010110',1,0.49979666666666667,0.0014363224645678613,0.3,29.685285345173927
