states,flag,Avg0,SD0,frust0,time
'01111',1,0.30044,8.286535263105401e-5,0.35,12.980799389640444
'00000',1,0.19947,0.0013154466921924226,0.25,7.053379013533181
'11111',1,0.19906666666666664,0.0013208414826247044,0.25,7.031847150230294
'10000',1,0.30102333333333336,0.0014304855430548585,0.35,12.923693324972817
