states,flag,Avg0,SD0,frust0,time
'01000',1,0.49972,0.002015589243868873,0.45,65.9674785773171
'10111',1,0.5002800000000001,0.002015589243868913,0.45,66.29163170874699
