states,flag,Avg0,SD0,frust0,time
'10110',1,0.04985333333333333,0.00029169999809545516,0.4,2.2575540747118916
'11100',1,0.05014,0.00021463146709340265,0.4,2.256887365176824
'01001',1,0.05025333333333334,0.0005894818817308039,0.4,2.2563108681843818
'01101',1,0.05061000000000001,0.0009569743988216201,0.4,2.2585129112215174
'01011',1,0.05004666666666666,0.0008983441557789657,0.4,2.2614936254346714
'10100',1,0.049666666666666665,0.0005634615238761992,0.4,2.2656827470971397
'01100',1,0.05031666666666667,0.0005808805576211214,0.4,2.2627543062951894
'11010',1,0.049883333333333335,0.0009456684878375108,0.4,2.2498883309767908
'00111',1,0.05035666666666667,0.00036114016977099514,0.4,2.2702091051221562
'11000',1,0.04968333333333333,0.000461471077702119,0.4,2.2546844623448425
'01010',1,0.04998333333333333,0.00016779617264870987,0.4,2.2618036838248288
'10010',1,0.04995333333333333,0.0006532142748661354,0.4,2.2573623828110825
'01110',1,0.049830000000000006,0.0008357032966310484,0.4,2.2629004913736974
'00101',1,0.04978333333333334,0.0006712343521867432,0.4,2.255126567550185
'10001',1,0.05007,0.0008474668135095335,0.4,2.2557716560862544
'00011',1,0.04945333333333333,0.0004860955553066601,0.4,2.2588903268868004
'00110',1,0.05001,0.0005061620293937508,0.4,2.2592720100412405
'11001',1,0.05042333333333333,0.00023156472577278076,0.4,2.2686722241821085
'10011',1,0.049903333333333334,0.0008007218965131143,0.4,2.259416682932582
'10101',1,0.04978,0.00012083045973594501,0.4,2.26584732973485
