states,flag,Avg0,SD0,frust0,time
'10000',1,0.19980333333333333,0.0016074894158974156,0.35,8.755048819136329
'01110',1,0.2980433333333334,0.000434920171474657,0.25,9.539535499835871
'01111',1,0.20123666666666665,0.0007075937315217556,0.35,8.786619900807962
'10001',1,0.30091666666666667,0.001362897240766481,0.25,9.539351389210912
