states,flag,Avg0,SD0,frust0,time
'000000',1,0.5001566666666667,0.0005925275427259949,0.3,31.151642107422376
'111111',1,0.49984333333333336,0.0005925275427259995,0.3,31.188277406711094
