states,flag,Avg0,SD0,frust0,time
'01101',1,0.05000666666666667,0.00040342974054419163,0.4,2.2637213557385993
'00110',1,0.05041,0.0009197100992522941,0.4,2.2636692823028866
'10010',1,0.050333333333333334,0.0010662186559154871,0.4,2.2597520010729393
'11000',1,0.04998333333333333,0.00032704060230429673,0.4,2.2652376185284795
'11010',1,0.05026666666666666,0.0002896357866163791,0.4,2.264726225276784
'10101',1,0.050113333333333336,0.00036572606627851184,0.4,2.2540374586596372
'10110',1,0.05034333333333333,0.0002106075866524176,0.4,2.2637398167158076
'11001',1,0.05028666666666667,0.0003518838192105769,0.4,2.2665960716115783
'00101',1,0.05007333333333333,0.00032724438710066297,0.4,2.257209236200009
'01110',1,0.049926666666666675,0.0003578019315518335,0.4,2.257973720744561
'00111',1,0.04937333333333333,0.0007208482657412854,0.4,2.2655609849219736
'00011',1,0.049863333333333336,0.0008196069518711727,0.4,2.254240282594055
'10001',1,0.04999666666666667,0.0008803534643665716,0.4,2.2656851627322863
'01100',1,0.049916666666666665,0.00039969432764996225,0.4,2.262858849059946
'01010',1,0.049319999999999996,0.00040108187027920777,0.4,2.2531187944259785
'01001',1,0.049699999999999994,0.0012313407326974926,0.4,2.26271211476952
'10100',1,0.05001333333333333,0.00026157641755751105,0.4,2.2581614145773536
'01011',1,0.049863333333333336,0.00018785337071473908,0.4,2.2561651688710884
'11100',1,0.05026666666666666,0.00026132142830026257,0.4,2.2529084465007467
'10011',1,0.04994333333333333,0.0002833529404980467,0.4,2.2516030804028184
