states,flag,Avg0,SD0,frust0,time
'100010',1,0.49977333333333335,0.0014691115985141826,0.23333333333333334,18.751836484914776
'011101',1,0.5002266666666667,0.0014691115985141826,0.23333333333333334,18.774849763830446
