states,flag,Avg0,SD0,frust0,time
'11000',1,0.04960666666666667,0.000684121496681855,0.4,2.258236884069341
'10100',1,0.0502,0.00026770630673681584,0.4,2.2571162339148567
'10110',1,0.05054333333333333,0.0003812552367582075,0.4,2.26660879894189
'11001',1,0.050283333333333326,0.000849208782076327,0.4,2.2594436904609787
'10101',1,0.04959,0.0003278210894171808,0.4,2.257852552198493
'10001',1,0.049016666666666674,0.0006930768756462399,0.4,2.2669883712681425
'01101',1,0.049893333333333324,0.0003660904563386224,0.4,2.2580868912045173
'01110',1,0.04964999999999999,0.000308220700148449,0.4,2.261996613171121
'10010',1,0.04989333333333334,0.0004083571421630264,0.4,2.2671998433855367
'01011',1,0.050339999999999996,0.0005070174224488404,0.4,2.25028454147467
'11010',1,0.049633333333333335,0.0005010877057850142,0.4,2.258849607706672
'00110',1,0.05024666666666666,0.0001569146972791968,0.4,2.2715817427780216
'01100',1,0.05045666666666667,0.0005884631584805364,0.4,2.2524378927794992
'01010',1,0.05032,0.0005616641938620152,0.4,2.2567631851515784
'11100',1,0.05109,0.000379736750920949,0.4,2.2563344190468504
'00111',1,0.05014333333333334,0.0004937835783237656,0.4,2.266935484422888
'10011',1,0.049403333333333334,0.0003522625283632761,0.4,2.264149404124058
'00011',1,0.049613333333333336,0.00040532565782206304,0.4,2.2668203145585717
'00101',1,0.049576666666666665,0.0002531578339472985,0.4,2.2578166531024064
'01001',1,0.050499999999999996,0.0003747888294315439,0.4,2.2699232766505166
