states,flag,Avg0,SD0,frust0,time
'111111',1,0.5000566666666667,0.0015886332350657753,0.2,13.463561188594335
'000000',1,0.4999433333333334,0.0015886332350657875,0.2,13.424376882412881
