states,flag,Avg0,SD0,frust0,time
'10111',1,0.12389,0.0011047473315951716,0.4,6.233048639834529
'11011',1,0.06276666666666668,0.00031457201966410546,0.4,2.9421218374977935
'00111',1,0.12449333333333333,0.00019871811414385508,0.4,6.226099019469166
'01011',1,0.18798,0.0008099794236069611,0.4,7.361361048972728
'10100',1,0.18768333333333334,0.0003710645346686913,0.4,7.330999550508543
'01000',1,0.12586,0.0005831523528775895,0.4,6.186172815611606
'11000',1,0.12462333333333335,0.0010647169681291876,0.4,6.260807761942314
'00100',1,0.06270333333333333,0.0008369123145361285,0.4,2.9462096690131996
