states,flag,Avg0,SD0,frust0,time
'11111',1,0.30358999999999997,0.001069049421994445,0.25,9.033547208946977
'00000',1,0.30327666666666664,0.0019212033266216753,0.25,8.998669616250757
'10001',1,0.1963366666666667,0.0010715202077215163,0.35,6.904922579840161
'01110',1,0.19679666666666665,0.001233864750376727,0.35,6.933525619749827
