states,flag,Avg0,SD0,frust0,time
'00100',1,0.44939333333333337,0.0009923149141723535,0.3,20.862835857929742
'11011',1,0.44993,0.0005061620293937665,0.3,20.75437144793623
'00010',1,0.05077,0.0009742005269279354,0.4,2.773429011649904
'11101',1,0.04990666666666666,0.0008365139302818309,0.4,2.78754747820023
