states,flag,Avg0,SD0,frust0,time
'000000',1,0.4991566666666667,0.0015889689179534965,0.1,10.7122982592262
'111111',1,0.5008433333333334,0.001588968917953476,0.1,10.729149347533998
