states,flag,Avg0,SD0,frust0,time
'00001',1,0.3133533333333333,0.0010421878696068021,0.25,11.366576302182793
'00011',1,0.1859033333333333,0.0009051826089555459,0.35,10.718743397684895
'11100',1,0.18578666666666668,0.00165522069693306,0.35,10.796521155153215
'11110',1,0.3149566666666667,0.0004993551397107577,0.25,11.358904473518221
