states,flag,Avg0,SD0,frust0,time
'011011',1,0.50117,0.0016617460696508619,0.3333333333333333,20.879775102552543
'100100',1,0.49883000000000005,0.0016617460696508096,0.3333333333333333,20.964871498873737
