states,flag,Avg0,SD0,frust0,time
'11111',1,0.3719133333333334,0.0023124205692064068,0.35,30.409532101323844
'01000',1,0.07031333333333332,0.000421294301989583,0.35,3.5867732906772645
'00000',1,0.3726433333333334,0.0018997251263157804,0.35,30.592954002330583
'00110',1,0.05673333333333333,0.00021076579946049538,0.45,3.651889699516596
'10111',1,0.0702,0.0008899812732112225,0.35,3.574380553759971
'11001',1,0.05819666666666667,0.0008477552057574674,0.45,3.603308104452129
