states,flag,Avg0,SD0,frust0,time
'000000',1,0.49814,0.001416121463716996,0.23333333333333334,13.82416797557432
'111111',1,0.5018600000000001,0.001416121463716982,0.23333333333333334,13.856488344323756
