states,flag,Avg0,SD0,frust0,time
'111110',1,0.4982866666666667,0.00229971495818262,0.3333333333333333,18.468763055919847
'000001',1,0.5017133333333333,0.00229971495818264,0.3333333333333333,18.440389844576522
