states,flag,Avg0,SD0,frust0,time
'111111',1,0.5003700000000001,0.0007579357932349186,0.1,11.821997502924622
'000000',1,0.49963,0.0007579357932349422,0.1,11.789443106952548
