states,flag,Avg0,SD0,frust0,time
'01011',1,0.14528333333333332,0.00044887513730311647,0.35,5.785934951569716
'11100',1,0.07762666666666666,0.0009231949354761869,0.35,4.000062751338635
'10100',1,0.14695333333333335,0.0011191167151920335,0.35,5.760794452549502
'11101',1,0.2754733333333333,0.0014051650753163795,0.25,8.05475274365345
'00010',1,0.2771733333333333,0.001676153002827867,0.25,8.040294530609202
'00011',1,0.07749,0.000757011668778408,0.35,4.075244547618062
