states,flag,Avg0,SD0,frust0,time
'00000',1,0.42046999999999995,0.00047672493816316145,0.2,9.49419675927833
'11111',1,0.4227,0.0009092121131324042,0.2,9.463731135752615
'01101',1,0.07810666666666666,0.0006562689150713191,0.4,3.671439364813441
'10010',1,0.07872333333333333,0.00047161660511714574,0.4,3.6781430627124245
