states,flag,Avg0,SD0,frust0,time
'000000',1,0.5021366666666666,0.0013701175943042945,0.1,10.641426897115501
'111111',1,0.4978633333333333,0.0013701175943043196,0.1,10.621945491223181
