states,flag,Avg0,SD0,frust0,time
'101000',1,0.49978666666666666,0.0022872448248687626,0.2,12.936799020930339
'010111',1,0.5002133333333333,0.0022872448248687613,0.2,12.91029916877519
