states,flag,Avg0,SD0,frust0,time
'000000',1,0.49946,0.0007237402849088582,0.13333333333333333,12.266173761200454
'111111',1,0.50054,0.0007237402849089019,0.13333333333333333,12.31929078489609
