states,flag,Avg0,SD0,frust0,time
'100001',1,0.50089,0.0029266476840690437,0.3333333333333333,27.23329111320284
'011110',1,0.49911,0.002926647684069055,0.3333333333333333,27.10073937192966
