states,flag,Avg0,SD0,frust0,time
'101010',1,0.24879666666666667,0.0006691453919407547,0.36666666666666664,16.004534418636055
'001011',1,0.2497,0.0012899870800386465,0.36666666666666664,15.996061768381514
'110100',1,0.2506966666666666,0.0017489298315128492,0.36666666666666664,16.041745758404193
'010101',1,0.2508066666666667,0.0002882514334550614,0.36666666666666664,15.968874921149625
