states,flag,Avg0,SD0,frust0,time
'00101',1,0.5026966666666667,0.0003065217048685966,0.35,25.795924308391083
'11010',1,0.4973033333333334,0.0003065217048686091,0.35,25.91660404681794
