states,flag,Avg0,SD0,frust0,time
'00111',1,0.43857999999999997,0.0010262878088853357,0.35,11.29221600812591
'11000',1,0.43716,0.001827913199981496,0.35,11.285737499894012
'01001',1,0.06192333333333333,0.0006128258770283392,0.45,4.228555401457323
'10110',1,0.06233666666666667,0.0003868964834279214,0.45,4.221544304860063
