states,flag,Avg0,SD0,frust0,time
'11000',1,0.09154333333333332,0.0006959086785555139,0.35,4.3936362035772545
'10100',1,0.22037333333333334,0.0014120985171800948,0.35,8.49817844188727
'01001',1,0.07995,0.0006147086030524252,0.35,4.1108074769429805
'11001',1,0.10902,0.0012636455199145009,0.35,4.795917153205324
'00110',1,0.10891333333333335,0.0005448139335793678,0.35,4.778232123173475
'10110',1,0.07968333333333334,0.0010069204977995485,0.35,4.1201249917053175
'01011',1,0.22046333333333332,0.0015491144423687888,0.35,8.521297205663972
'00111',1,0.09005333333333333,0.0007349527573630574,0.35,4.391777151332614
