states,flag,Avg0,SD0,frust0,time
'00111',1,0.04985333333333333,0.000600351748745868,0.4,2.2585116318138803
'01010',1,0.04981666666666667,0.0007894864716313306,0.4,2.255871740187022
'01110',1,0.05044666666666667,0.0001239175353029415,0.4,2.2662848158593767
'11001',1,0.04965666666666666,0.0005432208472517305,0.4,2.2586917471660946
'10100',1,0.049743333333333334,0.0003026916289265722,0.4,2.264003420288255
'10001',1,0.05043333333333333,0.0008356368163795129,0.4,2.262386324512716
'10110',1,0.05029666666666666,0.00019737161790783322,0.4,2.26574236390995
'01101',1,0.04961666666666666,0.00025616834742454495,0.4,2.2529920203886236
'11000',1,0.050109999999999995,0.00027288581250527915,0.4,2.257823966755611
'10010',1,0.05014,0.0006424951361683628,0.4,2.2596700220777772
'01011',1,0.04989333333333334,0.0005292972279877876,0.4,2.2631113106849337
'01001',1,0.050440000000000006,0.00035505868059613446,0.4,2.2646664368390286
'01100',1,0.04947666666666667,0.0007271099565326339,0.4,2.2530741036762016
'00110',1,0.04972666666666667,0.0002425329301810836,0.4,2.269934701001811
'00101',1,0.05053333333333334,0.0007307226255943872,0.4,2.258938000287326
'11100',1,0.04974,0.0004610856753359402,0.4,2.25639720051048
'11010',1,0.05016333333333334,0.00029169999809545614,0.4,2.2677709294700925
'00011',1,0.04978666666666667,0.0006701906859659847,0.4,2.2543515211711056
'10101',1,0.0501,0.00010033277962195017,0.4,2.2530865242637694
'10011',1,0.050026666666666664,0.00021483844059096038,0.4,2.254708478221358
