states,flag,Avg0,SD0,frust0,time
'11001',1,0.4633366666666667,0.0013037467375052434,0.15,8.873946346342954
'00110',1,0.46171,0.001861200329536467,0.15,8.858493422604761
'00001',1,0.03721666666666667,0.00043484352230301174,0.45,2.0
'11110',1,0.03773666666666667,0.0002574662868976997,0.45,2.0
