states,flag,Avg0,SD0,frust0,time
'111101',1,0.49954666666666664,0.0007955012396107284,0.3333333333333333,16.018013003060915
'000010',1,0.5004533333333333,0.000795501239610738,0.3333333333333333,16.009965253305694
