states,flag,Avg0,SD0,frust0,time
'110100',1,0.4975266666666667,0.0011088232000138097,0.3333333333333333,31.796921556470377
'001011',1,0.5024733333333332,0.001108823200013806,0.3333333333333333,31.883599631589348
