states,flag,Avg0,SD0,frust0,time
'100110',1,0.50068,0.0005559376463837191,0.3,16.47793611296167
'011001',1,0.49932,0.0005559376463836991,0.3,16.427454165725223
