states,flag,Avg0,SD0,frust0,time
'010101',1,0.24988666666666667,0.0011104753736826318,0.3333333333333333,15.844734731105826
'110010',1,0.2501,0.00161321624919496,0.3333333333333333,15.871756090674616
'001101',1,0.2502666666666667,0.0017840465863374312,0.3333333333333333,15.898239629083719
'101010',1,0.24974666666666664,0.0010578384669798306,0.3333333333333333,15.862287605661052
