states,flag,Avg0,SD0,frust0,time
'111011',1,0.49785666666666667,0.001148457903257911,0.23333333333333334,13.678280708602477
'000100',1,0.5021433333333333,0.0011484579032578865,0.23333333333333334,13.725903062508115
