states,flag,Avg0,SD0,frust0,time
'00101',1,0.12965000000000002,0.0017281975195754318,0.25,4.960468200081702
'11110',1,0.13619666666666666,0.0009177266598624163,0.35,5.407040794722828
'00001',1,0.13682333333333332,0.0012602733389582123,0.35,5.404339272168613
'00100',1,0.13668333333333335,0.0008368724846447935,0.35,6.315842858163599
'11001',1,0.09711333333333333,0.0008704915597267772,0.35,4.969202449823269
'11010',1,0.12910666666666668,0.001633653029936969,0.25,4.933108723489053
'11011',1,0.13634,0.00036120169803956133,0.35,6.309450909455148
'00110',1,0.09808666666666667,0.0012848432675708838,0.35,4.964900825612371
