states,flag,Avg0,SD0,frust0,time
'011101',1,0.5007833333333332,0.002020104507747633,0.26666666666666666,16.760758639896363
'100010',1,0.49921666666666664,0.002020104507747621,0.26666666666666666,16.739203839835376
