states,flag,Avg0,SD0,frust0,time
'11000',1,0.49809666666666663,0.0014874885620475438,0.35,13.48527237593813
'00111',1,0.5019033333333334,0.0014874885620475393,0.35,13.47369117221036
