states,flag,Avg0,SD0,frust0,time
'00110',1,0.2945933333333333,0.0007825741001478689,0.3,9.45611456097799
'11001',1,0.29764666666666667,0.0020704964514713636,0.3,9.450689809671838
'10100',1,0.15358666666666668,0.001207541119612725,0.4,7.595756875903163
'01011',1,0.15453999999999998,0.00030506829836393043,0.4,7.5824889461089215
'10001',1,0.050133333333333335,0.0007024401912064978,0.4,2.693746428219234
'01110',1,0.04950000000000001,0.000443921915055639,0.4,2.731507603382191
