states,flag,Avg0,SD0,frust0,time
'01111',1,0.26708000000000004,0.001287400481590712,0.25,7.150782582319549
'00111',1,0.23138,0.0007292461861401837,0.45,9.827213453303466
'11000',1,0.23395,0.001432294196967471,0.45,9.826496848727308
'10000',1,0.26759,0.0002546893532652435,0.25,7.174054515475018
