states,flag,Avg0,SD0,frust0,time
'111101',1,0.20170333333333335,0.0005063156678946017,0.3333333333333333,10.29694215571238
'001101',1,0.16251666666666667,0.0002671246067953163,0.3333333333333333,9.29401125588595
'000001',1,0.13852333333333333,0.0011588020634354307,0.4,8.790987181939277
'111110',1,0.1374733333333333,0.0010056286038537699,0.4,8.83434520492249
'110010',1,0.15945333333333334,0.0011834788642904528,0.3333333333333333,9.32280166900663
'000010',1,0.20033,0.0007860449520648813,0.3333333333333333,10.297612017060667
