states,flag,Avg0,SD0,frust0,time
'111111',1,0.5001766666666666,0.0006779544396360422,0.23333333333333334,15.885459142992888
'000000',1,0.49982333333333334,0.0006779544396360422,0.23333333333333334,15.785409547486017
