states,flag,Avg0,SD0,frust0,time
'11111',1,0.2098,0.0013237069162016137,0.4,9.631605520489948
'00000',1,0.20989,0.00014966629547095897,0.4,9.686003806523434
'00111',1,0.20987,0.000876622305594986,0.4,9.701345554430826
'01111',1,0.07969,0.0008420609637470802,0.4,4.157125727591172
'11000',1,0.2116366666666667,0.001313578657290417,0.4,9.684988198300596
'10000',1,0.07911333333333333,0.00032427697352040987,0.4,4.142897981795504
