states,flag,Avg0,SD0,frust0,time
'10101',1,0.04970333333333333,0.0006542850211405493,0.4,2.2560209417286967
'11100',1,0.04993333333333333,0.00045857266478595233,0.4,2.2583654093705916
'10010',1,0.04951333333333333,0.0004981521409725705,0.4,2.264776770987662
'01001',1,0.05025333333333334,0.00041587925598129673,0.4,2.2569284936580947
'01011',1,0.049763333333333326,0.0006129890337971457,0.4,2.2528981281157976
'00011',1,0.04989,0.0004152910625894403,0.4,2.259455703006171
'00110',1,0.05074,0.0004788179890800536,0.4,2.2610917839129336
'11000',1,0.050449999999999995,0.0011300737439064153,0.4,2.2715923828474787
'10001',1,0.04962666666666667,0.0001602775370689508,0.4,2.2641631219181853
'10110',1,0.04975333333333334,0.0007400150148626891,0.4,2.260666193055224
'10100',1,0.049706666666666656,0.0007292614224146376,0.4,2.2541924447378836
'01100',1,0.049839999999999995,0.0003150661306244558,0.4,2.258568349998561
'01110',1,0.04982333333333333,0.0006435491865860425,0.4,2.2584316692729773
'11001',1,0.05029666666666666,0.00048320688000988665,0.4,2.2671320497907406
'00111',1,0.05068333333333333,0.00045242556171030854,0.4,2.2646775419465115
'01010',1,0.049479999999999996,0.0008784455968736288,0.4,2.2545509809707425
'11010',1,0.05003666666666667,0.00034874377732401423,0.4,2.2691380574065505
'00101',1,0.05017333333333334,0.0003646307112073173,0.4,2.257225270992808
'10011',1,0.04989333333333334,0.0001635712552851363,0.4,2.2478872028483647
'01101',1,0.050440000000000006,0.000336749164809654,0.4,2.265841331198996
