states,flag,Avg0,SD0,frust0,time
'000000',1,0.4995966666666667,0.0012146421512344732,0.16666666666666666,12.597447832671177
'111111',1,0.5004033333333333,0.0012146421512345216,0.16666666666666666,12.553975992613617
