states,flag,Avg0,SD0,frust0,time
'1001',1,0.49996666666666667,0.001207209822506229,0.25,10.055549664930199
'0110',1,0.5000333333333333,0.001207209822506229,0.25,10.093441658157362
