states,flag,Avg0,SD0,frust0,time
'11001',1,0.15254333333333334,0.0014095231660230221,0.4,8.278062348024363
'00100',1,0.34824666666666665,0.0016615320908393218,0.3,10.921620320989916
'11011',1,0.3464433333333334,0.001433976599840075,0.3,10.95284174740524
'00110',1,0.1527666666666667,0.0008835660070922223,0.4,8.129539976125661
