states,flag,Avg0,SD0,frust0,time
'01110',1,0.13721333333333333,0.0003702551672683126,0.35,5.738988803920095
'10101',1,0.22606,0.0009001111042532493,0.25,8.354777359943968
'10111',1,0.13703333333333334,0.0003015883876337929,0.35,5.745115802660687
'10001',1,0.13581333333333334,0.00038125523675820505,0.35,5.744558300163322
'01000',1,0.13897,0.0010067770358922546,0.35,5.788206949402262
'01010',1,0.22490999999999997,0.0001675310916417183,0.25,8.334401242084638
