states,flag,Avg0,SD0,frust0,time
'11011',1,0.2848566666666667,0.000554276304943871,0.25,8.416205858388487
'11111',1,0.13506333333333334,0.0003242769735204024,0.25,4.790122445937958
'01010',1,0.07958666666666668,0.001167913619332446,0.45,4.759168287675039
'00000',1,0.1354133333333333,0.0015038025875168083,0.25,4.76653885189689
'10101',1,0.08068333333333333,0.001336097135524047,0.45,4.771794102594213
'00100',1,0.28439666666666663,0.0020287489303070904,0.25,8.386840736753845
