states,flag,Avg0,SD0,frust0,time
'00001',1,0.3151966666666666,0.00046089285329913536,0.3,13.216129441706748
'00111',1,0.18492666666666668,0.0018853882594545162,0.4,9.496839180879453
'11110',1,0.31651,0.0014820931144837112,0.3,13.179990682032132
'11000',1,0.18336666666666668,0.00025952948879762525,0.4,9.534785977648164
