states,flag,Avg0,SD0,frust0,time
'00110',1,0.24811000000000002,0.0010115664420425753,0.25,7.620669807258577
'01101',1,0.05508333333333334,0.0009133211678021908,0.45,3.553345900926166
'01011',1,0.13422333333333336,0.001267710096547664,0.35,5.507728507831753
'11001',1,0.24582,0.0010885158091027789,0.25,7.601179929194849
'10100',1,0.13415666666666667,0.0009515717991244245,0.35,5.500571365190228
'10010',1,0.05606666666666666,0.0005585894934764008,0.45,3.4803041112967406
'00100',1,0.06302666666666666,0.0001913693345921005,0.35,3.38629079135783
'11011',1,0.06351333333333332,0.0009719167774157529,0.35,3.4104070956110673
