states,flag,Avg0,SD0,frust0,time
'00101',1,0.28998666666666667,0.0017399680712268492,0.35,11.978472043367752
'10100',1,0.20993666666666666,0.0015432073382695103,0.35,9.014319376096635
'01011',1,0.20834,0.0013047860616463834,0.35,9.025407653211396
'11010',1,0.2917366666666667,0.0007643879178067086,0.35,12.078265104697602
