states,flag,Avg0,SD0,frust0,time
'101000',1,0.24980000000000002,0.0012932388281623262,0.3,13.381524029527087
'000000',1,0.2497666666666667,0.001012236248225787,0.3,13.458715167407687
'111111',1,0.25099333333333335,0.0012646562993776512,0.3,13.394817494190674
'010111',1,0.24944,0.0007147493733237323,0.3,13.428583041168283
