states,flag,Avg0,SD0,frust0,time
'10000',1,0.2179433333333333,0.000809004875689195,0.35,13.156898260152198
'01111',1,0.21619333333333335,0.0014577684620298507,0.35,13.244436934106824
'10001',1,0.08477666666666667,0.00010338708279513513,0.35,6.017936258766721
'01110',1,0.08326333333333334,0.0006610261383300664,0.35,6.022287434939294
'11100',1,0.04981333333333334,0.0005711003025349897,0.45,2.774635845259976
'01101',1,0.14765333333333333,0.0005205979468094607,0.35,10.566166650246089
'00011',1,0.05122666666666666,7.542472332656527e-5,0.45,2.8127361557686092
'10010',1,0.14913,0.0008242572413997878,0.35,10.609431499817005
