states,flag,Avg0,SD0,frust0,time
'11011',1,0.35220999999999997,0.0008954328562209327,0.3,10.164108067887952
'00100',1,0.35050000000000003,0.0006858571279792894,0.3,10.157906791305939
'01111',1,0.10023333333333333,0.0007363121318812806,0.4,4.899996929484345
'10000',1,0.09992000000000001,0.0006083310502240259,0.4,4.88796527109614
'11001',1,0.04815,0.00032893768406796846,0.4,2.614544277563161
'00110',1,0.04898666666666666,0.0005186092513208338,0.4,2.626542625041782
