states,flag,Avg0,SD0,frust0,time
'00011',1,0.18153,0.0005256107558513849,0.3,6.812843527483419
'01001',1,0.18788666666666667,0.0009847616744956878,0.3,6.136442257660001
'10110',1,0.18827666666666665,0.0005213017893270201,0.3,6.119026170036722
'11100',1,0.18096333333333336,0.00026836956277160283,0.3,6.803885570940028
'01010',1,0.08999,0.0006922908829868192,0.4,3.980806299603305
'10101',1,0.08979,0.0005687413002997625,0.4,3.96780137786176
'10010',1,0.04065,0.0008940171512150467,0.4,2.1823398894634063
'01101',1,0.04091333333333333,0.00046197643037521264,0.4,2.1862074292607163
