states,flag,Avg0,SD0,frust0,time
'11101',1,0.41888333333333333,0.0019683213378127473,0.25,10.670325500790042
'00010',1,0.41644,0.0012999487169371964,0.25,10.678816924881708
'01010',1,0.08235666666666668,0.0006036739370075696,0.35,3.8970319389343118
'10101',1,0.08232,0.0006709694478886547,0.35,3.901764173038194
