states,flag,Avg0,SD0,frust0,time
'001010',1,0.49996666666666667,0.0006971529403382279,0.3,31.748591704931737
'110101',1,0.5000333333333333,0.0006971529403382091,0.3,32.04318710848691
