states,flag,Avg0,SD0,frust0,time
'00101',1,0.4998666666666667,0.00026386023236219273,0.25,23.482446486601702
'11010',1,0.5001333333333332,0.00026386023236215863,0.25,23.503324175442106
