states,flag,Avg0,SD0,frust0,time
'00001',1,0.21792666666666669,0.0004759084879353308,0.3,8.78299433768134
'00000',1,0.23050666666666664,0.0018029666910092611,0.3,9.163177642730915
'01010',1,0.050416666666666665,0.00017745108872274876,0.4,2.7201697129561624
'10101',1,0.050300000000000004,0.0007365233646441006,0.4,2.7145987935068523
'11111',1,0.2312266666666667,0.000534935094712955,0.3,9.139630301826282
'11110',1,0.21962333333333336,0.001402434391414514,0.3,8.798212489748595
