states,flag,Avg0,SD0,frust0,time
'10000',1,0.5017533333333334,0.0021812127106013626,0.4,15.793789339212681
'01111',1,0.49824666666666667,0.0021812127106013365,0.4,15.817219600111555
