states,flag,Avg0,SD0,frust0,time
'00001',1,0.46302666666666664,0.0008684980649885695,0.25,15.000997310492364
'11110',1,0.4617966666666667,0.001249275345505891,0.25,14.963266636619062
'00011',1,0.037619999999999994,0.00014854853303438099,0.45,2.0
'11100',1,0.03755666666666666,0.00032826141344293884,0.45,2.0
