states,flag,Avg0,SD0,frust0,time
'01100',1,0.5000333333333333,0.0017597411425800276,0.45,37.32661283712798
'10011',1,0.49996666666666667,0.0017597411425800504,0.45,37.26743133405227
