states,flag,Avg0,SD0,frust0,time
'00110',1,0.12644666666666668,0.0009582739112012303,0.4,5.701756100960737
'11001',1,0.12524,0.000457019328548219,0.4,5.740353997088853
'00101',1,0.2498033333333333,0.0007576425425107861,0.3,8.99011805816422
'10010',1,0.12507666666666667,0.0006321568019267234,0.3,4.794249654205399
'11010',1,0.25009333333333333,0.002025262671578393,0.3,8.935591028265527
'01101',1,0.12334,0.0007167984374982925,0.3,4.828899689268877
