states,flag,Avg0,SD0,frust0,time
'101111',1,0.49977333333333335,0.000776502128493901,0.3333333333333333,15.656734716236171
'010000',1,0.5002266666666667,0.0007765021284939192,0.3333333333333333,15.63299365921325
