states,flag,Avg0,SD0,frust0,time
'01100',1,0.2595033333333333,0.0008812995454945456,0.3,10.582223296747452
'10011',1,0.25701666666666667,0.0014149754611142743,0.3,10.615985400704826
'11001',1,0.08353333333333333,0.0006695935749061173,0.4,6.051321399125508
'00011',1,0.15789666666666669,0.0007325905328960271,0.4,8.916069650697835
'11100',1,0.15837666666666667,0.0006240370359379587,0.4,8.937743147600145
'00110',1,0.08367333333333334,0.0008981586100956135,0.4,6.03079363125478
