states,flag,Avg0,SD0,frust0,time
'01100',1,0.14264666666666667,0.00047932823363073173,0.35,6.881899134832467
'10011',1,0.14253333333333332,0.0009724310886752923,0.35,6.852880592378082
'00101',1,0.10060333333333334,0.0003838691906829128,0.45,6.840065485480456
'11100',1,0.25615666666666664,0.0007699494932930322,0.25,7.6544934131987565
'11010',1,0.10078666666666668,0.0010784350802075316,0.45,6.778640983323148
'00011',1,0.2572733333333333,0.0015465301663904077,0.25,7.611776241606308
