states,flag,Avg0,SD0,frust0,time
'01001',1,0.2097433333333333,0.0005246797965320246,0.35,7.902066191695614
'10101',1,0.10267666666666668,0.000445146667465404,0.35,3.8473011780532445
'10110',1,0.20931333333333332,0.00018080068829760942,0.35,7.908759310362456
'11100',1,0.08675,0.0005355993527504181,0.45,5.382284467267351
'01110',1,0.10029333333333335,0.0012479939458542586,0.35,5.12186250249936
'01010',1,0.10322000000000002,0.001014790618797786,0.35,3.839910580441071
'00011',1,0.08743666666666666,0.0005900470791009478,0.45,5.398399173458664
'10001',1,0.10056666666666665,0.0008907050889916116,0.35,5.141444251294493
