states,flag,Avg0,SD0,frust0,time
'11010',1,0.31059333333333333,0.0004874650984657352,0.45,12.496995554015262
'10110',1,0.18906,0.0004883304891839763,0.35,6.911601874766835
'00101',1,0.31174666666666667,0.001013059173438983,0.45,12.408064627828962
'01001',1,0.18860000000000002,0.0015485692321193414,0.35,6.887550859894939
