states,flag,Avg0,SD0,frust0,time
'01111',1,0.38345333333333337,0.001967948734652974,0.4,43.709836247266736
'01101',1,0.11517333333333334,0.0005675874871379359,0.4,23.501478146322285
'10000',1,0.38492,0.0009834632682515355,0.4,43.64145435035911
'10010',1,0.11645333333333334,0.00045733527696379826,0.4,23.346591231271734
