states,flag,Avg0,SD0,frust0,time
'10110',1,0.18913666666666665,0.000817530155746901,0.4,9.394171881632888
'11011',1,0.14386,0.0009013693286698172,0.4,7.17936681702799
'00100',1,0.14352666666666666,0.000399694327649951,0.4,7.186774296140965
'01101',1,0.16788000000000003,0.000736070648783113,0.3,8.053549648018441
'10010',1,0.16659333333333334,0.0006920661496963651,0.3,8.046189694884054
'01001',1,0.18900333333333333,0.0008051638894590962,0.4,9.384057795595133
