states,flag,Avg0,SD0,frust0,time
'11110',1,0.3885699999999999,0.0021834071234349845,0.4,12.179208720414273
'00111',1,0.11143333333333333,0.0011992312352317894,0.4,5.720515534619513
'11000',1,0.11221333333333333,0.00041907305117630745,0.4,5.672470314323199
'00001',1,0.3877833333333333,0.0009748960058499743,0.4,12.17352953833268
