states,flag,Avg0,SD0,frust0,time
'100',1,0.16702666666666666,0.0013931818099428281,0.3333333333333333,2.0
'110',1,0.16714666666666667,0.0010576809012593999,0.3333333333333333,2.0
'011',1,0.16562,0.0008257118141337254,0.3333333333333333,2.0
'101',1,0.16684,0.0002376271589416322,0.3333333333333333,2.0
'010',1,0.16599666666666665,0.0010381179551904928,0.3333333333333333,2.0
'001',1,0.16737,0.0010820659252867453,0.3333333333333333,2.0
