states,flag,Avg0,SD0,frust0,time
'01010',1,0.31804666666666664,0.0013010337769976854,0.35,19.33755147465335
'10001',1,0.18355000000000002,0.0012803905654135302,0.45,22.661977091685092
'10101',1,0.31603000000000003,0.0018574355080773863,0.35,19.365867884291006
'01110',1,0.18237333333333336,0.0011912551737091857,0.45,22.631198361162745
