states,flag,Avg0,SD0,frust0,time
'100111',1,0.4995066666666667,0.0010297356726633876,0.3333333333333333,23.834613373994802
'011000',1,0.5004933333333333,0.0010297356726634108,0.3333333333333333,23.89407858822396
