states,flag,Avg0,SD0,frust0,time
'110100',1,0.5015966666666666,0.001038278489723337,0.36666666666666664,18.578086201977793
'001011',1,0.49840333333333336,0.001038278489723363,0.36666666666666664,18.59613289698378
