states,flag,Avg0,SD0,frust0,time
'11111',1,0.35074,0.00035505868059612834,0.3,10.203444703139628
'00000',1,0.35024999999999995,0.0006627216610312401,0.3,10.184291029951444
'11100',1,0.10045333333333334,0.0006166756756098714,0.4,4.902739829219905
'00011',1,0.10116666666666667,0.0009356756323047473,0.4,4.90359660149977
'11011',1,0.04810999999999999,0.0003024345659256991,0.4,2.6223934900183754
'00100',1,0.04928,0.0003960639678974423,0.4,2.6135752658818787
