states,flag,Avg0,SD0,frust0,time
'010110',1,0.5027200000000001,0.000976831612920049,0.3333333333333333,47.123589103120985
'101001',1,0.49727999999999994,0.0009768316129200524,0.3333333333333333,46.61707074340691
