states,flag,Avg0,SD0,frust0,time
'101001',1,0.23006333333333331,0.000762641607979937,0.3333333333333333,9.974284471120484
'010101',1,0.27099,0.0010734057946555052,0.26666666666666666,10.057467586962948
'010110',1,0.2291,0.0006071243694664201,0.3333333333333333,9.976737673246463
'101010',1,0.26984666666666673,0.0013835782915646228,0.26666666666666666,10.07428549064447
