states,flag,Avg0,SD0,frust0,time
'101001',1,0.12699666666666667,0.0008244728955857444,0.3333333333333333,6.223103946950829
'001101',1,0.12656333333333333,0.0009483435851818547,0.3333333333333333,6.283410758147872
'011010',1,0.24487333333333336,0.0007136914988673679,0.3333333333333333,10.711498240514352
'110010',1,0.12795666666666666,0.0007081117300414072,0.3333333333333333,6.27484515849255
'010110',1,0.12748,0.0013297618834463073,0.3333333333333333,6.2531257543053975
'100101',1,0.24613,0.002958749735952669,0.3333333333333333,10.791181418736295
