states,flag,Avg0,SD0,frust0,time
'00100',1,0.20601,0.000785875308175542,0.4,9.61201689212379
'10111',1,0.18437333333333336,0.00029847761874031436,0.3,5.617790412433201
'11010',1,0.07734333333333333,0.00045345586579316114,0.4,3.615574128843459
'11011',1,0.20597666666666667,0.0013076781799136257,0.4,9.641687368878461
'01000',1,0.18559,0.0005261812108643557,0.3,5.61423282495694
'10110',1,0.03138,0.00037665191711534676,0.5,2.0
'01001',1,0.03141666666666667,0.0006057685660015353,0.5,2.0
'00101',1,0.07791,0.00023622023622035497,0.4,3.6439151418484097
