states,flag,Avg0,SD0,frust0,time
'11011',1,0.2576333333333333,0.0015986939113608373,0.25,7.685961859695901
'00100',1,0.2581733333333333,0.00017326921891156207,0.25,7.737962468531852
'10010',1,0.16733333333333333,0.0005171932800113479,0.35,7.738925636336586
'01101',1,0.16598666666666664,0.0003857748335781199,0.35,7.712996428110273
'00010',1,0.03775,0.00035364765892999776,0.45,2.0
'11010',1,0.03748,0.0004892851929090017,0.45,2.0
'11101',1,0.038079999999999996,0.0006182232606429498,0.45,2.0
'00101',1,0.03756333333333333,0.0001297005097222935,0.45,2.0
