states,flag,Avg0,SD0,frust0,time
'11111',1,0.25040999999999997,0.0008208938217983244,0.2,6.7407007835269255
'00000',1,0.24921333333333331,0.0009471477650762231,0.2,6.742256403801288
'11110',1,0.17668333333333333,0.0007761586321250469,0.3,8.068890683865153
'01001',1,0.07417666666666667,0.0003185732080525444,0.4,3.5674131218902843
'10110',1,0.07428000000000001,0.00039597979746446775,0.4,3.586189814676942
'00001',1,0.17523666666666668,0.0005257587110283745,0.3,8.029913754493101
