states,flag,Avg0,SD0,frust0,time
'000000',1,0.49948,0.001061162884135455,0.13333333333333333,12.041424516378015
'111111',1,0.50052,0.0010611628841354483,0.13333333333333333,12.115797545459296
