states,flag,Avg0,SD0,frust0,time
'01000',1,0.49959333333333333,0.0009876009090495988,0.35,27.29950337108528
'10111',1,0.5004066666666667,0.000987600909049586,0.35,27.21324593742304
