states,flag,Avg0,SD0,frust0,time
'11101',1,0.35535999999999995,0.0006615134163416534,0.4,10.499013431439426
'00010',1,0.3551666666666667,0.0015186031593393847,0.4,10.574539940797417
'10100',1,0.14459,0.0009300896014184108,0.4,6.2335374576309315
'01011',1,0.14488333333333334,0.00027010286106510315,0.4,6.261212256502527
