states,flag,Avg0,SD0,frust0,time
'000000',1,0.49964000000000003,0.0003715732319027521,0.23333333333333334,21.86871764620406
'111111',1,0.50036,0.0003715732319027521,0.23333333333333334,21.86848225085266
