states,flag,Avg0,SD0,frust0,time
'100000',1,0.5015933333333332,0.0013190232076132013,0.3,16.172931483351675
'011111',1,0.49840666666666666,0.0013190232076132034,0.3,16.209932102564327
