states,flag,Avg0,SD0,frust0,time
'10010',1,0.04981666666666667,0.00044304501903180015,0.4,2.262238250163527
'01100',1,0.05035666666666667,0.00034179265969623064,0.4,2.264026828042074
'01011',1,0.04942666666666667,0.00027010286106510565,0.4,2.257917040512842
'00011',1,0.050056666666666666,0.0004045024378445968,0.4,2.261659077636514
'11010',1,0.049436666666666663,0.00015839472494022397,0.4,2.2678352829427255
'10100',1,0.04985666666666667,0.0007641262257565104,0.4,2.2655194166671673
'01101',1,0.050943333333333334,0.00020434176165325487,0.4,2.25888855347328
'00101',1,0.04993333333333333,0.00026411277052720475,0.4,2.2678401512252253
'11001',1,0.04994333333333333,0.0009027488884266542,0.4,2.2663775138355065
'10011',1,0.05011666666666667,0.00047541794478355787,0.4,2.2610143713897473
'10001',1,0.05037666666666666,0.00031084115271666203,0.4,2.2660404330103163
'10101',1,0.05018999999999999,0.000896325833611862,0.4,2.264997895440017
'01010',1,0.04998,0.000564977875673022,0.4,2.2438940277017454
'01001',1,0.05007333333333333,0.0005890293333574797,0.4,2.270060110781203
'11000',1,0.04933666666666667,0.0009226531790921698,0.4,2.267094975990845
'00110',1,0.04955333333333334,0.0005228341568370953,0.4,2.264601059243398
'11100',1,0.04971333333333333,0.0004073764297987234,0.4,2.256185035769097
'00111',1,0.05015333333333333,0.0010166065555999963,0.4,2.269853455195333
'10110',1,0.05031,0.00040653003169097645,0.4,2.263215163998423
'01110',1,0.05042666666666667,0.0012144774825230634,0.4,2.2590669260591087
