states,flag,Avg0,SD0,frust0,time
'11110',1,0.34340666666666664,0.0017071874205513901,0.3,11.260415543327952
'00000',1,0.15600666666666665,0.0006863105872869978,0.3,6.423222105229887
'00001',1,0.34427,0.0022081213734756505,0.3,11.1944338733406
'11111',1,0.15631666666666666,8.956685895029124e-5,0.3,6.420792176606199
