states,flag,Avg0,SD0,frust0,time
'01011',1,0.19571333333333332,0.0008332399947727556,0.35,9.873606272745544
'10011',1,0.07569,0.0004130375285612687,0.45,6.898944844706691
'10100',1,0.19443000000000002,0.0010902293336725035,0.35,9.927205105153808
'01000',1,0.22945333333333331,0.00017745108872274317,0.35,10.28766266039788
'10111',1,0.2289133333333333,0.000977661609260698,0.35,10.272641674832185
'01100',1,0.07579999999999999,0.00041856899072912983,0.45,6.829027409126174
