states,flag,Avg0,SD0,frust0,time
'1001',1,0.4993133333333333,0.0007091935952584112,0.08333333333333333,5.820489305510609
'0110',1,0.5006866666666666,0.0007091935952584313,0.08333333333333333,5.8251643338371375
