states,flag,Avg0,SD0,frust0,time
'00001',1,0.19579,0.00030594117081556824,0.3,13.103487709861147
'11110',1,0.19672333333333333,0.0015397041562874685,0.3,13.204921498005595
'10011',1,0.031316666666666666,0.0005525898619731957,0.5,2.0
'11010',1,0.27275,0.0011307519621915354,0.4,21.225029262357726
'00101',1,0.27273,0.0004661187259343586,0.4,21.373821442753624
'01100',1,0.03069,0.0004257542327055206,0.5,2.0
