states,flag,Avg0,SD0,frust0,time
'000000',1,0.50124,0.0010658642815418176,0.2,14.718759150349614
'111111',1,0.49876000000000004,0.0010658642815418384,0.2,14.717395113880999
