states,flag,Avg0,SD0,frust0,time
'001000',1,0.49878,0.001446121248950699,0.3,19.476397249475557
'110111',1,0.50122,0.0014461212489506497,0.3,19.3363816885998
