states,flag,Avg0,SD0,frust0,time
'010000',1,0.5007,0.0029551762496789944,0.3,17.028003400553093
'101111',1,0.4993,0.0029551762496789493,0.3,17.038141182059345
