states,flag,Avg0,SD0,frust0,time
'10010',1,0.216,0.0012021924416110179,0.3,6.953202309037135
'01010',1,0.21565333333333334,0.0011906954083876966,0.3,6.973586437028451
'01101',1,0.2140766666666667,0.0007425332016519931,0.3,6.9431125394951
'00101',1,0.06974000000000001,0.0007701082175036646,0.3,3.1355290584339746
'11010',1,0.06896333333333333,0.0003046673960603958,0.3,3.1342562699361847
'10101',1,0.21556666666666668,0.0007055179342550816,0.3,6.961860564002079
