states,flag,Avg0,SD0,frust0,time
'00000',1,0.19463333333333335,0.0006800653563363584,0.3,7.047604167422058
'00110',1,0.27275999999999995,0.001401166180960219,0.3,8.287928418998359
'11001',1,0.27351333333333333,0.0005426683046658384,0.3,8.23231243587611
'11111',1,0.19662666666666664,0.000949959063445486,0.3,7.041752669377625
'01110',1,0.031,0.00020066555924389974,0.5,2.0
'10001',1,0.03146666666666667,0.0006347878035655349,0.5,2.0
