states,flag,Avg0,SD0,frust0,time
'10010',1,0.45674333333333333,0.001406303270595963,0.25,12.017291349182003
'01101',1,0.4567866666666667,0.0006624365797736479,0.25,12.088522113432214
'01001',1,0.04351,0.0008103085831953176,0.45,2.380589801451967
'10110',1,0.04296,0.0002531139400875944,0.45,2.3868826550260795
