states,flag,Avg0,SD0,frust0,time
'001011',1,0.25046666666666667,0.0016569114507286045,0.3333333333333333,16.23937381030622
'101001',1,0.2503066666666667,0.0007455348564770201,0.3333333333333333,16.311699695545798
'110100',1,0.24922333333333335,0.0013862258914845908,0.3333333333333333,16.340838431321774
'010110',1,0.25000333333333336,0.0011973674828092272,0.3333333333333333,16.32192669418895
