states,flag,Avg0,SD0,frust0,time
'11111',1,0.40609999999999996,0.0026062361110740944,0.3,12.511475850338341
'00000',1,0.40671999999999997,0.0017914426216506913,0.3,12.470834316251668
'11101',1,0.09343333333333333,0.0004659279868057805,0.4,6.948071972453907
'00010',1,0.09374666666666669,0.000455802101306648,0.4,6.941309269520878
