states,flag,Avg0,SD0,frust0,time
'01010',1,0.31065666666666664,0.0016203977563823283,0.3,8.957237332282585
'00110',1,0.07944,0.0005242772803266109,0.4,3.7778846925146694
'10101',1,0.3085233333333333,0.0008797095480264405,0.3,8.957991431289248
'01001',1,0.0796,0.0011473738129601325,0.4,3.822649334557069
'00101',1,0.03147666666666667,0.0006138584708401631,0.5,2.0
'11001',1,0.07872,0.0006502819901140353,0.4,3.7665677470932084
'10110',1,0.08009,0.0011349302474895353,0.4,3.7764260266155443
'11010',1,0.03149333333333334,0.00017211107524567218,0.5,2.0
