states,flag,Avg0,SD0,frust0,time
'100011',1,0.5009333333333333,0.001783523354362234,0.3333333333333333,25.24638449893399
'011100',1,0.4990666666666666,0.001783523354362229,0.3333333333333333,25.07822011530223
