states,flag,Avg0,SD0,frust0,time
'00000',1,0.38185,0.0017011956579613835,0.15,8.652539244497582
'00100',1,0.1169,0.0005097057974949883,0.35,4.970736106571533
'11011',1,0.11796333333333332,0.0006718300049533054,0.35,4.969175419882688
'11111',1,0.3832866666666666,0.002272507181262327,0.15,8.647970979754248
