states,flag,Avg0,SD0,frust0,time
'0011',1,0.50052,0.00019798989873220327,0.16666666666666666,6.393947374004757
'1100',1,0.49948,0.00019798989873224813,0.16666666666666666,6.3800854585744515
