states,flag,Avg0,SD0,frust0,time
'10010',1,0.29875333333333326,0.0006596126809642821,0.2,7.687399225933224
'01111',1,0.08076666666666667,0.0002740235188608574,0.4,4.139678355943716
'10001',1,0.1215,0.0006895409100747138,0.4,6.506868701815627
'01110',1,0.12122666666666666,0.0008153663116797409,0.4,6.498491010672216
'01101',1,0.29744,0.0007590783885739314,0.2,7.720733328354529
'10000',1,0.08031333333333333,0.00036881190629130207,0.4,4.1303246018106785
