states,flag,Avg0,SD0,frust0,time
'0100',1,0.16609666666666667,0.0005050632523643872,0.3333333333333333,2.5379093305614373
'1101',1,0.16784333333333334,0.0008085515169459284,0.3333333333333333,2.5301538158910493
'1011',1,0.16597333333333333,0.0011168507310986334,0.3333333333333333,2.5307951181074233
'1000',1,0.16734000000000002,0.0003611094017053485,0.3333333333333333,2.5234441475019675
'0111',1,0.16664,0.0003406855832973661,0.3333333333333333,2.5341533481141734
'0010',1,0.16610666666666665,0.0002590152290674952,0.3333333333333333,2.539174512913131
