states,flag,Avg0,SD0,frust0,time
'110010',1,0.25088,0.0005486954224947312,0.3,16.893849650650996
'110100',1,0.24886,0.0006299735444180721,0.3,16.869391549754088
'001011',1,0.2511566666666667,0.0005041384289612909,0.3,16.961463228992617
'001101',1,0.24910333333333332,0.00030771559740918063,0.3,16.961892177841083
