states,flag,Avg0,SD0,frust0,time
'000000',1,0.50041,0.001542033289740096,0.3,23.642210279718768
'111111',1,0.49959,0.001542033289740121,0.3,23.700292465242494
