states,flag,Avg0,SD0,frust0,time
'110001',1,0.21864666666666668,0.0015094001751983772,0.36666666666666664,25.631714384977542
'010110',1,0.28115666666666667,0.0013555154821034956,0.36666666666666664,28.834319375544805
'001110',1,0.21801666666666666,0.0005718002759316888,0.36666666666666664,25.60008084368378
'101001',1,0.28218000000000004,0.0007517091636175996,0.36666666666666664,28.875557705243654
