states,flag,Avg0,SD0,frust0,time
'100011',1,0.49962333333333336,0.0013074232503499034,0.3,20.86543657485261
'011100',1,0.5003766666666666,0.0013074232503499184,0.3,20.826562845062607
