states,flag,Avg0,SD0,frust0,time
'01001',1,0.05008666666666667,0.0006085136718997266,0.4,2.2479770808136235
'10110',1,0.04998666666666667,0.0006908127258687562,0.4,2.251568407057457
'11001',1,0.05040666666666666,0.0008288278202109009,0.4,2.254134652357999
'10011',1,0.05026333333333333,0.0006042258591693101,0.4,2.255232125929504
'10100',1,0.04982333333333333,0.000857956227839678,0.4,2.2656895887360613
'10001',1,0.05010666666666667,0.00016336734339790368,0.4,2.267167533734657
'00111',1,0.05074666666666667,0.0005591263025669802,0.4,2.257240416364584
'01100',1,0.05065,0.00042949582846247555,0.4,2.2512650271828774
'10010',1,0.04997666666666667,0.0002752372713779086,0.4,2.243304108529942
'00110',1,0.05002333333333333,0.0005801915392542553,0.4,2.2578744692320285
'11100',1,0.04962666666666666,0.0004996887920384928,0.4,2.266277075016433
'11000',1,0.04972666666666667,0.0004880118395649387,0.4,2.2624306199535518
'10101',1,0.05003333333333334,0.0008167142843260574,0.4,2.258811629867862
'01010',1,0.04927666666666667,0.0008749222187651239,0.4,2.257775340538548
'01110',1,0.05020333333333333,0.0006670498898549924,0.4,2.268179885293204
'11010',1,0.04957333333333334,0.0006817787193967141,0.4,2.2651317528934274
'00011',1,0.0501,0.00095571962415763,0.4,2.2496563837951267
'01011',1,0.04972000000000001,0.0005322280213091632,0.4,2.2680185686963354
'00101',1,0.04959,0.0006125357132445426,0.4,2.2664166037469395
'01101',1,0.050080000000000006,0.00018672618098881157,0.4,2.258635756518635
