states,flag,Avg0,SD0,frust0,time
'11011',1,0.04058666666666667,0.0001857118436957893,0.45,2.190848598938865
'11001',1,0.3778533333333334,0.000775986826921412,0.25,16.24100363855762
'00110',1,0.37564333333333333,0.0006099362443913429,0.25,16.287979006704322
'01000',1,0.041003333333333336,0.00035928942217784335,0.45,2.1843658001161796
'00100',1,0.04133,0.0004833218389437846,0.45,2.185345708603752
'10000',1,0.040766666666666666,0.000593314606446042,0.45,2.188536500898814
'10111',1,0.041666666666666664,0.0004374420596553976,0.45,2.1863160904293957
'01111',1,0.04115,0.00032567877834864767,0.45,2.1855941346244374
