states,flag,Avg0,SD0,frust0,time
'000000',1,0.49946333333333337,0.0018128492000776583,0.13333333333333333,12.18683148480116
'111111',1,0.5005366666666666,0.0018128492000776349,0.13333333333333333,12.186418910384669
