states,flag,Avg0,SD0,frust0,time
'11011',1,0.39344666666666667,0.00047723742053150115,0.4,12.794604818798696
'00100',1,0.39099333333333336,0.001334724274481037,0.4,12.741627757463482
'01010',1,0.10750333333333333,0.000938982901276103,0.4,5.658664335860283
'10101',1,0.10805666666666668,0.0009292410284145308,0.4,5.642672047332908
