states,flag,Avg0,SD0,frust0,time
'11111',1,0.4070766666666667,0.0007794157355922846,0.35,14.452311192272248
'00000',1,0.4078366666666667,0.0011451443383065612,0.35,14.485070167976746
'10011',1,0.09222666666666668,0.0014019351704776606,0.45,5.612669302101691
'01100',1,0.09286,0.0007072953178599891,0.45,5.665674297856337
