states,flag,Avg0,SD0,frust0,time
'10000',1,0.37152333333333337,0.00022543784558547178,0.3,13.337256128597906
'01111',1,0.3723,0.0010290124715797606,0.3,13.2849605712712
'00001',1,0.12743000000000002,0.0003184336665618108,0.4,8.446393208273372
'11110',1,0.12874666666666665,0.0006233957188032493,0.4,8.350815401566612
