states,flag,Avg0,SD0,frust0,time
'10010',1,0.05025333333333334,0.0004145144415122598,0.4,2.264400352640522
'01110',1,0.04954,0.0008777623064740614,0.4,2.276160098256496
'00111',1,0.049819999999999996,0.00019096247449870124,0.4,2.2570428183512554
'01011',1,0.04995333333333333,0.0004977504952840872,0.4,2.2631379910160887
'11100',1,0.05006666666666667,0.0005944371754488068,0.4,2.271158638252618
'01010',1,0.04971333333333333,0.0005421151989096856,0.4,2.260341213571954
'10101',1,0.05007333333333333,0.00010656244908763897,0.4,2.2505620918218936
'11010',1,0.05053333333333334,0.000616675675609869,0.4,2.275530731135749
'01101',1,0.049300000000000004,0.0012698293848650173,0.4,2.2492217965623724
'00011',1,0.04976666666666666,0.0008060741625654276,0.4,2.2595927280978194
'10100',1,0.050050000000000004,0.00035562152165844217,0.4,2.2511938819176813
'10110',1,0.05052333333333333,0.00028335294049804403,0.4,2.2582808109670096
'10001',1,0.049633333333333335,0.0012999829058705174,0.4,2.260538501670764
'11001',1,0.05000333333333334,0.00044462218668088086,0.4,2.255719763709681
'01100',1,0.050403333333333335,0.0005389083616183955,0.4,2.2556152092810087
'00110',1,0.05000666666666667,0.0002916999980954572,0.4,2.25554421893279
'00101',1,0.05011666666666667,0.0003641733408999378,0.4,2.267577707774756
'11000',1,0.05024,0.00046676189504571593,0.4,2.2581902508102196
'10011',1,0.04999,0.0004673328578219148,0.4,2.2597624658193323
'01001',1,0.05001333333333333,0.00013597385369580842,0.4,2.2595386221425717
