states,flag,Avg0,SD0,frust0,time
'11101',1,0.23213666666666666,0.0005148678363317026,0.45,9.81696084158697
'11111',1,0.26711666666666667,0.0011329116862707665,0.25,7.110823343435217
'00010',1,0.23304,0.0007138627319029961,0.45,9.82584956656284
'00000',1,0.26770666666666665,0.0016782795423355998,0.25,7.145775006007367
