states,flag,Avg0,SD0,frust0,time
'101110',1,0.20778333333333332,0.0006073073539997906,0.3333333333333333,15.664660083702708
'000000',1,0.29225333333333336,0.00042585860981733133,0.4,19.05378037574698
'010001',1,0.20844666666666667,0.0009352480360251382,0.3333333333333333,15.764274326239542
'111111',1,0.29151666666666665,0.0008852996981562484,0.4,19.06007726027666
