states,flag,Avg0,SD0,frust0,time
'10011',1,0.3693566666666667,0.0018837964032476775,0.4,15.483453588530816
'10100',1,0.12902666666666668,0.0009575083405496859,0.3,6.202372550699192
'01011',1,0.12882666666666667,0.0006800653563363584,0.3,6.158421324548155
'01100',1,0.37279,0.0010130153009703451,0.4,15.500738897835324
