states,flag,Avg0,SD0,frust0,time
'11111',1,0.26455666666666666,0.0008843202034456857,0.3,9.442066855181176
'00001',1,0.05903666666666666,0.0002963481436119057,0.3,2.719737143290278
'00000',1,0.26141666666666663,0.0017675846671533289,0.3,9.39717673574664
'11110',1,0.05975333333333333,0.0005504745427558138,0.3,2.718866445470651
'11010',1,0.17596333333333333,0.0012541220922311397,0.3,5.865548311468442
'00101',1,0.1792733333333333,0.00037747700445045257,0.3,5.8577109012734
