states,flag,Avg0,SD0,frust0,time
'00111',1,0.5004666666666667,0.0012144225879907723,0.35,28.81563465381122
'11000',1,0.49953333333333333,0.001214422587990797,0.35,28.731216075123253
