states,flag,Avg0,SD0,frust0,time
'00110',1,0.04926,0.0006337717780610526,0.4,2.725715882901696
'11111',1,0.22478,0.0009853256652836513,0.3,9.00007352965906
'01111',1,0.22481333333333334,8.37987005998361e-5,0.3,8.99584874440425
'00000',1,0.226,0.0012831991271817526,0.3,8.997605790301177
'10000',1,0.22457000000000002,0.0009211948762341314,0.3,9.043776876126184
'11001',1,0.050576666666666666,0.000834519156294344,0.4,2.735144487981033
