states,flag,Avg0,SD0,frust0,time
'10111',1,0.31161,0.0013455110553243393,0.3,10.332119842141477
'01000',1,0.31065,0.0007968688725254642,0.3,10.355016403829532
'00111',1,0.12600666666666668,0.00020548046676563395,0.3,5.168692275851452
'00011',1,0.06319,0.0003073543015262107,0.4,3.0839559551603544
'11100',1,0.06389333333333333,0.0004777958652907019,0.4,3.0902731377849815
'11000',1,0.12465,0.0005355993527504137,0.3,5.139671009619263
