states,flag,Avg0,SD0,frust0,time
'000000',1,0.4995333333333334,0.0015670425081095545,0.13333333333333333,13.03003020715997
'111111',1,0.5004666666666667,0.0015670425081095345,0.13333333333333333,13.079112090725685
