states,flag,Avg0,SD0,frust0,time
'110001',1,0.5002333333333334,0.002353215294490109,0.36666666666666664,19.22195948829403
'001110',1,0.49976666666666664,0.0023532152944901043,0.36666666666666664,19.19863033515195
