states,flag,Avg0,SD0,frust0,time
'00000',1,0.41641666666666666,0.001926695501514327,0.2,8.933835621689799
'11111',1,0.4176433333333333,0.0006911986368299289,0.2,8.941170362844794
'00101',1,0.08265666666666667,0.0012692342398294965,0.4,4.258689542936675
'11010',1,0.08328333333333333,0.0002927266453346698,0.4,4.278405322139136
