states,flag,Avg0,SD0,frust0,time
'11011',1,0.04347666666666666,0.001069776716059113,0.45,2.380543144673308
'11111',1,0.2558766666666667,0.000864458725960281,0.25,6.849139615259092
'00000',1,0.25642666666666664,9.843215373489754e-5,0.25,6.842914077357558
'01110',1,0.07433666666666668,0.0004289781139198402,0.35,3.5307505564814257
'01100',1,0.12633,0.00012027745701778557,0.35,5.143258594312766
'10011',1,0.12585333333333334,0.001030544624080986,0.35,5.156382980312319
'10001',1,0.07458333333333333,0.001182577223224295,0.35,3.5833605181329653
'00100',1,0.043116666666666664,0.0004579179936286492,0.45,2.38778800644023
