states,flag,Avg0,SD0,frust0,time
'11000',1,0.18985,0.0008055226046900725,0.25,6.258821281280483
'10100',1,0.22524,0.0004336665385600626,0.35,8.056927171113289
'00111',1,0.18803999999999998,0.0010253779790886843,0.25,6.2746737590420985
'01011',1,0.22305666666666668,0.0012853620328746147,0.35,8.054900181878827
'10010',1,0.0867,0.0004925444142409923,0.45,5.414284782768047
'01101',1,0.08711333333333333,0.0012493287086360538,0.45,5.495275905129687
