states,flag,Avg0,SD0,frust0,time
'011001',1,0.5002966666666667,0.00011025223605693766,0.26666666666666666,15.087951919105926
'100110',1,0.49970333333333333,0.00011025223605693877,0.26666666666666666,15.102037875941773
