states,flag,Avg0,SD0,frust0,time
'11010',1,0.04969333333333333,0.0007816364599707187,0.4,2.2491013577666252
'10011',1,0.04969666666666667,0.000488830804630349,0.4,2.262065876171745
'00111',1,0.050556666666666666,0.00046377676622367365,0.4,2.2676027569795947
'01010',1,0.05044333333333334,0.0008404099528735299,0.4,2.252840722118807
'00011',1,0.049980000000000004,0.0003334666400106595,0.4,2.2657910658767895
'01110',1,0.04947666666666667,0.0007468303392039968,0.4,2.257646055031867
'10110',1,0.05053666666666667,0.0005000222217284159,0.4,2.262191734592023
'11000',1,0.05001,0.0006902656493457175,0.4,2.256894073147537
'10001',1,0.05017666666666667,0.0006462885492478469,0.4,2.2576088803923535
'10101',1,0.04967666666666667,0.0008087988350359796,0.4,2.2511829144392883
'01100',1,0.05013666666666666,0.0015455815158775114,0.4,2.247695221807077
'00110',1,0.050166666666666665,0.00029803057263009543,0.4,2.269317406215405
'01001',1,0.04983666666666667,0.0011383125913190773,0.4,2.261962888779411
'11001',1,0.05037333333333333,0.0007798005442989178,0.4,2.2580667434973276
'01011',1,0.04976,0.00018384776310850304,0.4,2.26365556940633
'10010',1,0.05026,0.00024385788210895816,0.4,2.266469115775815
'01101',1,0.049003333333333336,0.0009188519406786319,0.4,2.2534330769195132
'11100',1,0.050493333333333335,0.0005511402322055198,0.4,2.2555888789060536
'00101',1,0.049969999999999994,0.00024344746182013643,0.4,2.261964666098472
'10100',1,0.04975333333333334,0.0004014418457953232,0.4,2.2594383486633673
