states,flag,Avg0,SD0,frust0,time
'10001',1,0.19599,0.0003194787421201443,0.4,8.24529015221623
'01110',1,0.19604666666666667,0.0016409820907682831,0.4,8.22391590456858
'10111',1,0.21525666666666665,0.001981267832026306,0.3,7.620579770042646
'01000',1,0.21467666666666665,0.001248074071875892,0.3,7.594912164667765
'11111',1,0.08897333333333335,0.00029847761874031436,0.3,3.9329731089288242
'00000',1,0.08905666666666667,0.00041063636251825465,0.3,3.92938861806831
