states,flag,Avg0,SD0,frust0,time
'11001',1,0.4995266666666667,0.0005781772123569671,0.4,34.41734118843338
'00110',1,0.5004733333333333,0.000578177212356991,0.4,34.453261667919016
