states,flag,Avg0,SD0,frust0,time
'11110',1,0.09915333333333333,0.0007047615830115111,0.4,5.739548147597098
'01010',1,0.2909966666666666,0.0009517119078563401,0.3,8.627239586465821
'00000',1,0.07840666666666667,0.00035367907612535903,0.4,3.7347018285734257
'10101',1,0.29102,0.0021932624102008456,0.3,8.604276861856624
'00001',1,0.09883666666666667,0.0004926346403663547,0.4,5.708914091612665
'10100',1,0.03118333333333333,0.0004216106682183865,0.5,2.0
'11111',1,0.0794,0.0003149603149604702,0.4,3.693572716412406
'01011',1,0.031003333333333338,0.000236126143312333,0.5,2.0
