states,flag,Avg0,SD0,frust0,time
'00110',1,0.05027333333333334,0.00046449494674921323,0.4,2.257241097501247
'10101',1,0.05006666666666667,0.0006518861522962108,0.4,2.2600661865722187
'11010',1,0.049139999999999996,0.00017795130420052044,0.4,2.263872190665982
'11100',1,0.05071666666666667,0.00028394052585395825,0.4,2.2622823123451035
'00011',1,0.049863333333333336,0.0006272869270827277,0.4,2.2689526672979965
'10110',1,0.04963000000000001,0.00024262453846770482,0.4,2.254988004328895
'10001',1,0.04992333333333334,0.0005636981067517934,0.4,2.261038814057958
'10010',1,0.050056666666666666,0.00027620443314488796,0.4,2.261542375626448
'10100',1,0.050393333333333325,0.00037348211321144674,0.4,2.2630319792209543
'01110',1,0.05017,0.0006023841520713069,0.4,2.2602608418024857
'01011',1,0.05059666666666666,0.0005834571297209598,0.4,2.2609746943211158
'10011',1,0.049653333333333334,0.000577946556544999,0.4,2.2621033071607926
'01101',1,0.04981,8.831760866327958e-5,0.4,2.2634048113498904
'01010',1,0.05014333333333334,0.00015326085243430314,0.4,2.256716617316828
'01100',1,0.050403333333333335,0.00040450243784459624,0.4,2.259123295503319
'11000',1,0.04979,0.00031187604375242865,0.4,2.2689130232424923
'11001',1,0.05045666666666667,0.0011912271916902414,0.4,2.258123828036154
'00111',1,0.049183333333333336,0.0002041785710815142,0.4,2.261298667570744
'00101',1,0.049716666666666666,0.0006866504852462346,0.4,2.2730321580283595
'01001',1,0.05001333333333333,0.0012400358417759116,0.4,2.2502771433106603
