states,flag,Avg0,SD0,frust0,time
'001110',1,0.49977333333333335,6.64997911441886e-5,0.26666666666666666,20.243296914151546
'110001',1,0.5002266666666667,6.64997911441886e-5,0.26666666666666666,20.224287339920647
