states,flag,Avg0,SD0,frust0,time
'11111',1,0.4154,0.0009289061667718143,0.2,10.233549410138034
'00100',1,0.08355333333333333,0.0009830677607480685,0.4,4.741947247764067
'00000',1,0.41756666666666664,0.0017975229870265475,0.2,10.228542145170545
'11011',1,0.08348,0.0004304261454264444,0.4,4.7105653610218985
