states,flag,Avg0,SD0,frust0,time
'11000',1,0.34620999999999996,0.0013659673007311158,0.3,11.232325410987604
'01101',1,0.15458,0.0012578023162113689,0.4,7.412782842094899
'00111',1,0.3468,0.0005057667446560628,0.3,11.217534340248031
'10010',1,0.15241000000000002,0.000794774601171089,0.4,7.397884624699203
