states,flag,Avg0,SD0,frust0,time
'11010',1,0.05009666666666667,0.00028767265347188565,0.4,2.253808388628714
'10100',1,0.049960000000000004,0.0005778119648005447,0.4,2.255400884674067
'11100',1,0.049699999999999994,0.00039098167049961144,0.4,2.260337235163156
'01101',1,0.05003,0.0002222611077089271,0.4,2.2717217396349536
'10011',1,0.04929,0.0006021627686929818,0.4,2.2659568043915264
'00101',1,0.05013666666666666,0.0005808805576211182,0.4,2.2619568734407545
'01110',1,0.05007333333333334,0.0007392037758441317,0.4,2.2661178312221963
'10010',1,0.050416666666666665,0.0007207557761744882,0.4,2.2579537590682346
'10001',1,0.050506666666666665,0.00039969432764996177,0.4,2.271624225506803
'01010',1,0.050383333333333336,0.0008425886039791632,0.4,2.253901613328616
'11000',1,0.050300000000000004,0.0004436965930302684,0.4,2.256984111644702
'11001',1,0.050166666666666665,0.0003582674358011812,0.4,2.2555970928535367
'10110',1,0.05034333333333333,0.00040268543002641065,0.4,2.26019811147119
'01100',1,0.04966,0.0006205374015050701,0.4,2.2530401855375213
'01011',1,0.04924333333333333,0.0007586537784494031,0.4,2.2577045533507825
'00110',1,0.04926333333333333,0.0011296115359813864,0.4,2.258541380705271
'00111',1,0.05042333333333333,0.000753539794717058,0.4,2.2624724077295624
'01001',1,0.04996333333333333,0.0001405544576153881,0.4,2.2649958142185933
'00011',1,0.05024,0.00046754678910243704,0.4,2.261338574351928
'10101',1,0.04980333333333333,0.00013474255287605319,0.4,2.2675824107730485
