states,flag,Avg0,SD0,frust0,time
'10100',1,0.11588333333333334,0.0008234210479591956,0.25,4.495704882114381
'01010',1,0.21641333333333335,0.000792057798115479,0.25,6.464103929742602
'10101',1,0.21479,0.0012857164021146618,0.25,6.470087569706588
'00001',1,0.08657,0.00020832666656000088,0.35,4.4804032511709115
'00011',1,0.08254333333333333,0.0004312256434345658,0.35,3.302193340470552
'01011',1,0.11531333333333334,0.0002559079695689267,0.25,4.501967385816387
'11110',1,0.08593333333333335,0.0006695935749061173,0.35,4.496420698875757
'11100',1,0.08255333333333334,0.0002875567576825291,0.35,3.288363274878865
