states,flag,Avg0,SD0,frust0,time
'001001',1,0.28438666666666673,0.002211128419809417,0.23333333333333334,12.860441735614684
'111001',1,0.21396,0.0013186609369609187,0.36666666666666664,12.506080438911788
'000110',1,0.21541666666666667,0.00017211107524568318,0.36666666666666664,12.684339732032976
'110110',1,0.2862366666666667,0.0013186440847409216,0.23333333333333334,12.928816554955128
