states,flag,Avg0,SD0,frust0,time
'000000',1,0.5002833333333333,0.0015144049069592564,0.3,20.92701795695385
'111111',1,0.49971666666666664,0.001514404906959231,0.3,20.998098912875403
