states,flag,Avg0,SD0,frust0,time
'00101',1,0.11397999999999998,0.000544609952167599,0.35,5.2530633810457426
'10110',1,0.14201666666666668,0.00044462218668088525,0.35,5.938293110356047
'01001',1,0.14256,0.0006331403214664695,0.35,5.965181361277657
'10100',1,0.09967333333333334,0.0005713337222869176,0.35,5.129218734384516
'11010',1,0.114,0.0005156226010045195,0.35,5.283446698580743
'11111',1,0.14322,0.00028600699292150093,0.35,5.120339757909736
'00000',1,0.14402666666666666,0.0006995395310885335,0.35,5.109745064401923
'01011',1,0.10052333333333334,0.0005281624329271778,0.35,5.122839701650558
