states,flag,Avg0,SD0,frust0,time
'01010',1,0.09308666666666666,0.0006565228268858777,0.4,4.144805583473183
'10110',1,0.3564866666666666,0.0021005607716882506,0.3,13.873850009084814
'01001',1,0.35682333333333327,0.0007237095795659673,0.3,13.81890634971873
'10101',1,0.09297333333333334,0.000986385094958127,0.4,4.149120686376778
'01111',1,0.05031666666666667,0.0006049977043115285,0.4,2.7694037720791598
'10000',1,0.05031333333333333,0.0007459371436134677,0.4,2.7866574853026056
