states,flag,Avg0,SD0,frust0,time
'01110',1,0.05781666666666666,0.0011394248061583044,0.35,2.8112119809599654
'01100',1,0.2796566666666667,0.00022866763848189317,0.25,8.261575594342721
'10101',1,0.11928666666666667,0.001211729709501623,0.35,4.953297804553462
'10100',1,0.04146333333333333,0.0001265789169736525,0.45,2.242609672377378
'10011',1,0.2800566666666666,0.0006460306150296297,0.25,8.289855342342387
'10001',1,0.05965666666666667,0.0008288278202109009,0.35,2.8147492287903337
'01010',1,0.12008,0.0005145872132107431,0.35,4.940625762488625
'01011',1,0.04198333333333334,0.0004010264607506853,0.45,2.2451033080322222
