states,flag,Avg0,SD0,frust0,time
'11001',1,0.14830333333333334,0.0005095313751107236,0.3,6.234499895827405
'00111',1,0.24619333333333335,9.030811456095925e-5,0.2,7.05632128306837
'11000',1,0.24895,0.0010958102025442143,0.2,7.047994596199746
'01110',1,0.07296,0.00046669047558312363,0.4,3.383900335076323
'10001',1,0.07243,0.0003429285639896447,0.4,3.3550157542228196
'00110',1,0.14820333333333333,0.0012731675284720187,0.3,6.202329411263388
'01011',1,0.031186666666666668,0.0001975404318670551,0.5,2.0
'10100',1,0.03177333333333333,0.0006759848782003584,0.5,2.0
