states,flag,Avg0,SD0,frust0,time
'11111',1,0.42395333333333335,0.00042192679723171623,0.3,13.399906588033737
'00000',1,0.42149666666666663,0.0009505203253423256,0.3,13.394462385187557
'10110',1,0.07681333333333333,0.0009885455084224616,0.4,3.5795499250267606
'01001',1,0.07773666666666666,0.0011932122843633284,0.4,3.5695938664337987
