states,flag,Avg0,SD0,frust0,time
'00111',1,0.05015,0.0005158165048412741,0.4,2.264125621580394
'01101',1,0.04992,0.0004013311184877963,0.4,2.259670439865309
'01110',1,0.04970666666666667,0.0006512210752800374,0.4,2.2587495751024274
'10110',1,0.049673333333333326,0.00038055515004033696,0.4,2.255215628005615
'11000',1,0.04964666666666667,0.00104004273416475,0.4,2.2565198273406586
'11100',1,0.04973,0.00021181753153756382,0.4,2.263014400823398
'00110',1,0.05003333333333334,0.0007347259504211213,0.4,2.2606779845179754
'10011',1,0.049949999999999994,0.0004084931659975072,0.4,2.260399771348839
'00011',1,0.05046333333333333,0.0007048561713017924,0.4,2.2673012508236208
'11010',1,0.050306666666666666,0.0007314977025862019,0.4,2.2558443107462636
'10101',1,0.05028333333333334,0.0006468556424908289,0.4,2.253576822971876
'01010',1,0.04963666666666667,0.0008094991592885636,0.4,2.258766331530649
'00101',1,0.050006666666666665,0.0003872409528388678,0.4,2.2641066778342953
'10010',1,0.049330000000000006,0.0006280658139611364,0.4,2.2630426172441815
'01001',1,0.05066333333333334,0.0005839139967114644,0.4,2.2625111069969734
'01011',1,0.049556666666666666,0.0004370608907488999,0.4,2.2567879514640965
'11001',1,0.05026666666666666,0.0002099735433069816,0.4,2.2584895224377584
'10001',1,0.049830000000000006,0.0005697367813297646,0.4,2.2553375812330345
'10100',1,0.05033666666666667,0.0008901810053142131,0.4,2.2535081738147493
'01100',1,0.05051,0.0007979974937304007,0.4,2.257555523903443
