states,flag,Avg0,SD0,frust0,time
'1001',1,0.4990566666666667,0.0023303409383369144,0.25,8.959865038237366
'0110',1,0.5009433333333333,0.0023303409383369144,0.25,8.998189359436473
