states,flag,Avg0,SD0,frust0,time
'10110',1,0.049653333333333334,0.0004642078078715286,0.4,2.2612356112005036
'01101',1,0.05073666666666666,0.0005363042254375985,0.4,2.253931400053077
'10100',1,0.050006666666666665,0.00027182510717167047,0.4,2.267840850127187
'10011',1,0.049249999999999995,0.0002654555832275272,0.4,2.2658327841840453
'11010',1,0.05027,0.00039302247603243686,0.4,2.2542411501818544
'01010',1,0.04987333333333333,0.00026144895401503506,0.4,2.2616182153197038
'01100',1,0.04923,0.0006991900075563626,0.4,2.262545915249937
'01011',1,0.04962,0.00023720595832876155,0.4,2.2543292832915856
'00111',1,0.049793333333333335,0.0002209575122556874,0.4,2.261467033770551
'10010',1,0.05000333333333334,0.0007087234219982339,0.4,2.265886656125932
'10001',1,0.05042666666666667,0.0001463633226673349,0.4,2.2646646264054557
'00110',1,0.05067333333333333,4.189935029992044e-5,0.4,2.275627046044367
'11000',1,0.05078666666666667,0.0004902607016226726,0.4,2.2537054392724496
'11100',1,0.049416666666666664,4.109609335312746e-5,0.4,2.2582136903486933
'11001',1,0.04999,0.0001823915202707261,0.4,2.268754520724127
'01110',1,0.05022666666666667,0.00020981473309141503,0.4,2.2634979190503532
'10101',1,0.049896666666666666,0.000181169043222681,0.4,2.2598658602226527
'00011',1,0.04997666666666667,0.0003623380864453646,0.4,2.258075975460369
'01001',1,0.049980000000000004,0.00031822423959633825,0.4,2.2681093167923607
'00101',1,0.05018999999999999,0.0012442668524074748,0.4,2.2605861250158767
