states,flag,Avg0,SD0,frust0,time
'01110',1,0.49893666666666664,0.0002614489540150462,0.35,13.497971470792459
'10001',1,0.5010633333333333,0.00026144895401502405,0.35,13.454902043126419
