states,flag,Avg0,SD0,frust0,time
'10000',1,0.41240000000000004,0.00030408332191469284,0.4,14.67179264285484
'01111',1,0.41158999999999996,0.0006480740698407918,0.4,14.670875330043065
'00100',1,0.08852666666666668,0.00020677416559027785,0.4,4.5754823058401906
'11011',1,0.08748333333333334,0.00038594760726755957,0.4,4.636273230604677
