states,flag,Avg0,SD0,frust0,time
'00111',1,0.2700166666666666,0.0012524731090482143,0.4,11.814014265566135
'11000',1,0.26970666666666665,0.001573453385250262,0.4,11.796748462577838
'10000',1,0.16099,0.0003490940656423008,0.3,6.182716040265023
'10011',1,0.07039000000000001,5.887840577551972e-5,0.4,3.9357910912440226
'01100',1,0.06946999999999999,9.201449161228226e-5,0.4,3.896106949595192
'01111',1,0.1594266666666667,0.0005201495511442361,0.3,6.158125885418106
