states,flag,Avg0,SD0,frust0,time
'01010',1,0.29444999999999993,0.001648170703133223,0.25,10.034605144255371
'10001',1,0.15247999999999998,0.00047081489639417976,0.35,7.78521127038498
'10101',1,0.2981833333333333,0.0007960876556985169,0.25,10.04352668004395
'11001',1,0.051866666666666665,0.0007249980842886555,0.45,2.9394168436805566
'01110',1,0.15103999999999998,0.0008012906255951461,0.35,7.714577187217919
'00110',1,0.05198,0.0014432140058448257,0.45,2.901159943602456
