states,flag,Avg0,SD0,frust0,time
'10001',1,0.21653333333333336,0.0004662140662351993,0.25,6.437176941829399
'01110',1,0.2154866666666667,0.0006235561099229423,0.25,6.439453253265197
'01100',1,0.09315333333333335,0.00027108834148463235,0.35,4.87090059293854
'11100',1,0.10571000000000001,0.0010312452020090413,0.35,3.9668352812108907
'10011',1,0.09408333333333334,0.0009520620894785323,0.35,4.8786561200768555
'00011',1,0.10478333333333334,0.0007611103000806713,0.35,3.936570224711941
'11111',1,0.08518666666666667,0.0004059830319388008,0.45,5.111556150685282
'00000',1,0.08506333333333334,0.0002795631512834905,0.45,5.120846473106648
