states,flag,Avg0,SD0,frust0,time
'11101',1,0.12195,0.00041214884042863016,0.3,5.023809363891288
'00100',1,0.14835,0.0003797367509209448,0.3,5.59698435802532
'01101',1,0.11118666666666667,0.00032622419012424687,0.4,5.6032432694823155
'11011',1,0.14886,0.00029063149634315914,0.3,5.556700777913903
'00000',1,0.11770000000000001,0.0006056951928706974,0.3,5.023486937077379
'11111',1,0.11842666666666667,0.0011146399518329768,0.3,5.057296670831061
'00010',1,0.12252333333333333,0.0005961170653114624,0.3,5.012929342490167
'10010',1,0.11100333333333334,0.0012333243242914243,0.4,5.597299734799414
