states,flag,Avg0,SD0,frust0,time
'00111',1,0.20189333333333334,0.0010989186604213367,0.4,15.725554491570405
'10111',1,0.26654333333333335,0.0009845585587234112,0.3,12.880374388893893
'11000',1,0.20070000000000002,0.001273027886575942,0.4,15.655622669523444
'01000',1,0.26837,0.0013106486943494809,0.3,12.938485443682168
'00100',1,0.03096666666666667,0.0003659083066683349,0.5,2.0
'11011',1,0.03152666666666667,0.00044153771702489344,0.5,2.0
