states,flag,Avg0,SD0,frust0,time
'10100',1,0.40163666666666664,0.0011431632526556258,0.4,18.33218369914725
'01011',1,0.39993000000000006,0.0014015943302777137,0.4,18.38487792636307
'10110',1,0.09926,0.000714282857137144,0.4,7.631875340120538
'01001',1,0.09917333333333334,0.00044499687889042704,0.4,7.677378399513493
