states,flag,Avg0,SD0,frust0,time
'10000',1,0.37555,0.0011208330235439655,0.25,16.140729863836004
'11100',1,0.04113666666666666,0.00030684777260973705,0.45,2.18466770119379
'11111',1,0.04049666666666666,0.0007933193276074624,0.45,2.185915687586055
'10110',1,0.04036,0.0007746397011944763,0.45,2.1935751400784835
'00011',1,0.04109666666666667,0.00043407628617815814,0.45,2.1763502391334693
'01111',1,0.3793866666666667,0.0006599158195473786,0.25,16.331517280314277
'00000',1,0.04085333333333333,0.0007965062600019052,0.45,2.1886977249261923
'01001',1,0.04112,0.00021228911104120862,0.45,2.1807725118555745
