states,flag,Avg0,SD0,frust0,time
'111111',1,0.50016,0.002925827518270126,0.16666666666666666,12.296537269805768
'000000',1,0.49984,0.0029258275182701006,0.16666666666666666,12.29044009019161
