states,flag,Avg0,SD0,frust0,time
'111111',1,0.49892000000000003,0.0005242772803266189,0.16666666666666666,12.74226341322776
'000000',1,0.50108,0.0005242772803265999,0.16666666666666666,12.729482700195106
