states,flag,Avg0,SD0,frust0,time
'10101',1,0.41220999999999997,0.0007680277772754423,0.3,13.656864464441256
'11000',1,0.08838333333333333,0.0005910630724005294,0.3,3.8705533003669
'01010',1,0.41175999999999996,0.0008890444308357122,0.3,13.721468844667351
'00111',1,0.08764666666666666,0.0005966759775809843,0.3,3.8595309741366486
