states,flag,Avg0,SD0,frust0,time
'11111',1,0.26832666666666666,0.0009160179522743335,0.35,8.651541147227043
'00000',1,0.26663666666666663,0.00039177658032212736,0.35,8.702335644408928
'10001',1,0.23353666666666664,0.00112695262643211,0.45,9.962025655462789
'01110',1,0.2315,0.0005374011537017782,0.45,9.930709403183455
