states,flag,Avg0,SD0,frust0,time
'11001',1,0.05015,0.00013140268896284622,0.4,2.26241781067842
'01101',1,0.049966666666666666,0.0004888989897946442,0.4,2.2502871827432713
'01010',1,0.050056666666666666,0.000361693547388149,0.4,2.2557732358817817
'01110',1,0.05008666666666667,0.0006431346843564149,0.4,2.270941284626003
'01011',1,0.05016,7.483314773547887e-5,0.4,2.2506644078219007
'11000',1,0.049883333333333335,0.000549080038690981,0.4,2.262114411288306
'10100',1,0.04978666666666667,0.0004927022991173815,0.4,2.2602820493983242
'10101',1,0.05037333333333333,0.00039075425639254326,0.4,2.2642697241507923
'11100',1,0.049743333333333334,0.0005067763039273094,0.4,2.256360972101623
'00111',1,0.049690000000000005,0.0006265780079128226,0.4,2.2543593981936536
'01001',1,0.05068333333333333,0.0007029619872763811,0.4,2.26967023997468
'10010',1,0.05021,2.8284271247464023e-5,0.4,2.2567875505913353
'00101',1,0.049830000000000006,0.0002641968962724597,0.4,2.270394464445568
'10110',1,0.05028333333333334,0.00023795424396766488,0.4,2.2533928598379793
'00011',1,0.04956,0.0014380774202617426,0.4,2.2610270512115735
'10011',1,0.050223333333333335,0.0001844511377634251,0.4,2.263873991256831
'10001',1,0.04958666666666667,9.104333522498554e-5,0.4,2.2509999546477855
'00110',1,0.04944666666666667,0.0003591038228083286,0.4,2.2613612024320884
'11010',1,0.04977,6.683312551921145e-5,0.4,2.2630953453488254
'01100',1,0.05051,0.000208486610281492,0.4,2.261210345110268
