states,flag,Avg0,SD0,frust0,time
'10110',1,0.22712,0.0004115823125451422,0.35,9.616572955720146
'00111',1,0.17605666666666667,0.001111345530826876,0.35,6.591344049429666
'01011',1,0.09671666666666667,0.0004793282336307295,0.35,3.733343698591167
'10100',1,0.09737666666666667,0.00017461067804945213,0.35,3.736975815131638
'01001',1,0.22703666666666666,0.0016860670871060312,0.35,9.6168859075535
'11000',1,0.17569333333333334,0.0012546535599740533,0.35,6.5883628637890554
