states,flag,Avg0,SD0,frust0,time
'11000',1,0.050293333333333336,0.000904298377503552,0.4,2.2572599474758146
'10010',1,0.04957,0.0007579357932349305,0.4,2.258581310428288
'01010',1,0.04993333333333333,0.0004823783669370872,0.4,2.2586145612110795
'11001',1,0.049793333333333335,0.0002995923155816193,0.4,2.2617135447489627
'10100',1,0.04965666666666666,0.00040778534658431433,0.4,2.263525149056997
'10011',1,0.050050000000000004,0.00017907168024751036,0.4,2.2574898100987815
'10001',1,0.050460000000000005,0.0006364484791926734,0.4,2.252238147129091
'00011',1,0.05002,0.0005995553908244567,0.4,2.2613821175434476
'10110',1,0.049743333333333334,0.0007840209747761129,0.4,2.25798265996136
'01001',1,0.05017666666666667,0.00011440668201153492,0.4,2.264131774932505
'01100',1,0.04997666666666667,0.0006748003820060825,0.4,2.2660001669631726
'01110',1,0.05007333333333334,0.0003975200903378638,0.4,2.264345583716757
'00111',1,0.04973333333333333,0.00010498677165349184,0.4,2.2581895104858694
'01101',1,0.05056333333333333,0.0006680485677620219,0.4,2.2633939287671883
'00110',1,0.05004333333333333,0.0005237259673616436,0.4,2.2695073597708006
'11100',1,0.05016333333333334,0.00038663792996663956,0.4,2.2579564650874033
'10101',1,0.04963,0.00027652606869274743,0.4,2.2579011585621536
'00101',1,0.05061333333333334,0.0004134677200889519,0.4,2.264795323940929
'01011',1,0.04967333333333334,0.0001225651754056689,0.4,2.266538501784441
'11010',1,0.049833333333333334,0.0007427127454286892,0.4,2.258419387751837
