states,flag,Avg0,SD0,frust0,time
'01011',1,0.50038,0.002112960009086786,0.2,10.021933172625298
'10100',1,0.49962,0.0021129600090867796,0.2,10.034746345746777
