states,flag,Avg0,SD0,frust0,time
'011',1,0.5002433333333333,0.0009659652627754629,0.3333333333333333,5.361889745051541
'100',1,0.4997566666666666,0.0009659652627754711,0.3333333333333333,5.351801276569212
