states,flag,Avg0,SD0,frust0,time
'01110',1,0.3220166666666666,0.0010864416945034576,0.3,13.638417642061745
'10001',1,0.32271333333333335,0.002271626925551133,0.3,13.661125444564584
'10011',1,0.14710666666666666,0.002248871321846191,0.4,9.761044847762676
'01100',1,0.14626000000000003,0.000425754232705516,0.4,9.8407717243851
'11010',1,0.030966666666666667,0.000620823825430549,0.5,2.0
'00101',1,0.030936666666666668,8.993825042154756e-5,0.5,2.0
