states,flag,Avg0,SD0,frust0,time
'01011',1,0.32338666666666666,0.001705136032370702,0.3,13.645095597096939
'11100',1,0.14562333333333333,0.0012829479940962374,0.4,9.765856409953672
'10100',1,0.3221966666666667,0.0011995091588738553,0.3,13.66165375659338
'00101',1,0.03179,0.0004789572005931201,0.5,2.0
'00011',1,0.14594333333333334,0.001718707524727681,0.4,9.7493065535834
'11010',1,0.03106,0.00036120169803956806,0.5,2.0
