states,flag,Avg0,SD0,frust0,time
'11100',1,0.16104666666666667,0.0014577913278503044,0.4,13.013544098062093
'00011',1,0.16123666666666667,0.0006743062278289364,0.4,12.84306963209979
'10110',1,0.03130666666666667,7.31816613336667e-5,0.5,2.0
'11000',1,0.3077833333333333,0.0012611722941594996,0.3,13.770040304680085
'00111',1,0.30715000000000003,0.0007502444046220218,0.3,13.73787044533099
'01001',1,0.03147666666666666,0.0004633453235858623,0.5,2.0
