states,flag,Avg0,SD0,frust0,time
'000000',1,0.4997833333333333,0.0006939900735761461,0.16666666666666666,13.572737788319719
'111111',1,0.5002166666666666,0.0006939900735761213,0.16666666666666666,13.554147752027461
