states,flag,Avg0,SD0,frust0,time
'00010',1,0.39643000000000006,0.0013972353655224688,0.35,11.728460901534893
'11101',1,0.3987366666666667,0.0016674398206698684,0.35,11.696898255022704
'01010',1,0.10240333333333333,0.0005235986588557662,0.35,4.72872427055709
'10101',1,0.10243000000000001,0.0006609588993777639,0.35,4.711583761808254
