states,flag,Avg0,SD0,frust0,time
'10111',1,0.21581666666666666,0.0004000277768133381,0.4,9.31074895677577
'01000',1,0.21698666666666666,0.0009184890974977413,0.4,9.261853231381705
'00100',1,0.19368666666666667,0.0020593580445263863,0.3,6.374139133645548
'11011',1,0.19339666666666666,0.0017780201223708198,0.3,6.360867485073704
'11001',1,0.09038333333333333,0.0006538263445968616,0.3,3.9175169499206675
'00110',1,0.08973000000000002,0.00024494897427831914,0.3,3.959339129615916
