states,flag,Avg0,SD0,frust0,time
'111111',1,0.4986966666666666,0.001745171115456056,0.2,13.636999730332958
'000000',1,0.5013033333333333,0.001745171115456101,0.2,13.70860242406196
