states,flag,Avg0,SD0,frust0,time
'101001',1,0.49853,0.00019252705437591952,0.36666666666666664,18.174754243223234
'010110',1,0.50147,0.00019252705437588106,0.36666666666666664,18.265442074849005
