states,flag,Avg0,SD0,frust0,time
'01011',1,0.05023666666666667,0.0005279099249766836,0.4,2.266752668036146
'10110',1,0.05037333333333333,0.0003492213560989018,0.4,2.259805369688465
'11000',1,0.05001666666666666,0.0005894818817308018,0.4,2.259131283259722
'10101',1,0.049999999999999996,0.0008682165628459303,0.4,2.2738597035925925
'00110',1,0.05084666666666667,0.0004067213078045236,0.4,2.2667343452386493
'10010',1,0.05065,0.000780555357848928,0.4,2.2517508196723974
'00011',1,0.05033666666666667,0.00016048537489614392,0.4,2.260118267700143
'01001',1,0.04932,0.00036340977789083663,0.4,2.2553930621235705
'11001',1,0.05026666666666666,0.0004994886273869389,0.4,2.2553051197815948
'00101',1,0.050056666666666666,0.00011897712198383094,0.4,2.251981289969939
'01101',1,0.04948333333333333,0.0007821906559287331,0.4,2.261091049346367
'10100',1,0.04961666666666666,0.00028592928418676427,0.4,2.2626638161614108
'11010',1,0.050146666666666666,0.00013912424503139482,0.4,2.264941001728423
'01100',1,0.04970333333333333,0.0004956028876249819,0.4,2.2610187587371935
'11100',1,0.049326666666666664,0.0002659991645768009,0.4,2.2650388764934095
'00111',1,0.04969666666666667,0.0002067741655902756,0.4,2.25556743708399
'01110',1,0.05027333333333334,0.000468282915435626,0.4,2.25775040622422
'01010',1,0.05033666666666667,0.0004590085934804364,0.4,2.244804076214574
'10011',1,0.050076666666666665,0.0005559576322786574,0.4,2.2709631210788745
'10001',1,0.04923666666666667,7.133644853010727e-5,0.4,2.270005299505212
