states,flag,Avg0,SD0,frust0,time
'010101',1,0.5001166666666667,0.0004716872787015655,0.3333333333333333,34.82507303571167
'101010',1,0.4998833333333333,0.0004716872787015932,0.3333333333333333,34.82966055857162
