states,flag,Avg0,SD0,frust0,time
'01111',1,0.42604333333333333,0.0011604979774026089,0.35,20.879072694359447
'10000',1,0.42439,0.0010249227613174712,0.35,20.90343421190131
'11000',1,0.03771666666666667,0.0005991846311632367,0.45,2.0
'01101',1,0.036823333333333326,0.00038055515004033555,0.45,2.0
'10010',1,0.037226666666666665,0.0002054804667656328,0.45,2.0
'00111',1,0.0378,0.0002570343686487625,0.45,2.0
