states,flag,Avg0,SD0,frust0,time
'000111',1,0.49900666666666665,0.001228015562695428,0.3333333333333333,30.833515262852114
'111000',1,0.5009933333333333,0.0012280155626954734,0.3333333333333333,30.886766006224992
