states,flag,Avg0,SD0,frust0,time
'11111',1,0.3563766666666666,0.0017706182222288602,0.2,7.5532117055342605
'00000',1,0.3546466666666667,0.0017940704804686298,0.2,7.517405300899358
'01101',1,0.07240333333333333,0.0014027671066700832,0.4,3.6128083638944086
'00101',1,0.07199,0.00011343133018115587,0.4,3.620656004970144
'11010',1,0.07266666666666667,0.00045886332993120817,0.4,3.562891327234437
'10010',1,0.07191666666666667,9.463379711052502e-5,0.4,3.569350307169968
