states,flag,Avg0,SD0,frust0,time
'000000',1,0.3196733333333333,0.0013474255287605056,0.16666666666666666,9.849399809756045
'111100',1,0.18185666666666667,0.0004993551397107595,0.36666666666666664,9.435692094124528
'000011',1,0.1805933333333333,0.0013899000763444118,0.36666666666666664,9.454748619452584
'111111',1,0.31787666666666664,0.0023192862886864396,0.16666666666666666,9.840071626627367
