states,flag,Avg0,SD0,frust0,time
'1111',1,0.49944666666666676,0.0010693403989791579,0.25,9.439612067211314
'0000',1,0.5005533333333334,0.0010693403989791665,0.25,9.430978803140212
