states,flag,Avg0,SD0,frust0,time
'111110',1,0.5002066666666666,0.0012796179985535559,0.26666666666666666,14.061773092014667
'000001',1,0.4997933333333333,0.0012796179985535819,0.26666666666666666,14.012281514902943
