states,flag,Avg0,SD0,frust0,time
'10000',1,0.18949333333333332,0.0005603768573221292,0.3,6.314905536498969
'01110',1,0.12216333333333333,0.0006371464161050827,0.2,4.224039333663839
'11110',1,0.18949666666666667,0.0011079209759224278,0.3,6.326855065766222
'00001',1,0.18825666666666666,0.0009640308893160822,0.3,6.320814256457336
'01111',1,0.18867333333333333,0.0006563704915840053,0.3,6.380837786433067
'10001',1,0.12191666666666667,0.0013832891559210924,0.2,4.204575956780807
