states,flag,Avg0,SD0,frust0,time
'00010',1,0.07903,0.00045745673748089446,0.45,4.7929673280275615
'10011',1,0.4212766666666667,0.0018346540697242017,0.25,14.52565423120163
'01100',1,0.41952999999999996,0.0017555246129481135,0.25,14.584699593606103
'11101',1,0.08016333333333334,0.0006958128739507186,0.45,4.722622101963906
