states,flag,Avg0,SD0,frust0,time
'111111',1,0.4993533333333333,0.00104570019072815,0.13333333333333333,11.066130262973887
'000000',1,0.5006466666666666,0.001045700190728124,0.13333333333333333,11.038964082193752
