states,flag,Avg0,SD0,frust0,time
'10010',1,0.13086333333333333,0.0007226033182566712,0.35,5.791236459857252
'10000',1,0.055823333333333336,0.0004576267280461465,0.35,2.5475678218598383
'00000',1,0.2713033333333333,0.0008616392645546039,0.25,8.170103687840976
'01101',1,0.1322333333333333,0.0012833376623303616,0.35,5.740601340911431
'11111',1,0.27104666666666666,0.00035197853469905383,0.25,8.151870052787332
'01111',1,0.05551333333333333,4.6427960923947165e-5,0.35,2.5380078201641822
'01100',1,0.04168666666666667,0.0002559079695689229,0.45,2.2375639212549916
'10011',1,0.04153,0.0005462600113499078,0.45,2.2431538407996423
