states,flag,Avg0,SD0,frust0,time
'11100',1,0.051036666666666675,0.0007335908638713773,0.4,2.254850519564796
'00101',1,0.05080666666666667,0.0005585894934764008,0.4,2.2589825610335708
'01001',1,0.050306666666666666,0.0008060328088166694,0.4,2.267633812122009
'01010',1,0.04977666666666667,0.0005704579057408372,0.4,2.264622391013097
'01011',1,0.04956,0.000873040663428686,0.4,2.259731819048304
'00111',1,0.04931,0.0005304714883949943,0.4,2.2660126911579748
'00110',1,0.050339999999999996,0.00014165686240583944,0.4,2.252264836530697
'01100',1,0.04937333333333333,0.0003227313984655899,0.4,2.270403935009899
'10110',1,0.04948666666666666,0.00029555973263547787,0.4,2.259321425401829
'10011',1,0.05031666666666667,0.0002156128217172829,0.4,2.2600543058124813
'10101',1,0.050216666666666666,0.0011643691663538495,0.4,2.2525298544216734
'10010',1,0.04999,0.0008860022573334682,0.4,2.262833511689871
'11001',1,0.05024666666666666,0.00041507696742759594,0.4,2.267729600078822
'10100',1,0.04929,0.00043566041821583874,0.4,2.2552441806616774
'01101',1,0.04962,0.0002465765601187576,0.4,2.2632020858117863
'11010',1,0.04998333333333333,0.0004867808085324998,0.4,2.2620588401396535
'00011',1,0.05026333333333333,0.0006534693735916173,0.4,2.2622360472206062
'10001',1,0.05041333333333333,8.993825042154894e-5,0.4,2.261298194610303
'01110',1,0.04973666666666667,0.00028110891523077384,0.4,2.2540059601925146
'11000',1,0.04992666666666667,0.0003866379299666403,0.4,2.240681164209987
