states,flag,Avg0,SD0,frust0,time
'111',1,0.12443,0.00036615115275889635,0.5,2.0
'000',1,0.1255166666666667,5.792715732327686e-5,0.5,2.0
'100',1,0.37482666666666664,0.0009145247703346001,0.16666666666666666,3.604907373042708
'011',1,0.37522666666666665,0.0006402777175222927,0.16666666666666666,3.5952256700487557
