states,flag,Avg0,SD0,frust0,time
'011110',1,0.49867,0.0011698148001571113,0.3333333333333333,39.93063287539672
'100001',1,0.5013299999999999,0.001169814800157108,0.3333333333333333,39.902576675566145
