states,flag,Avg0,SD0,frust0,time
'00011',1,0.05009666666666667,0.0009074628856812225,0.4,2.2685200275833215
'01101',1,0.049883333333333335,0.00016539514973407067,0.4,2.2580785928432214
'10100',1,0.04988666666666666,0.0005041384289612887,0.4,2.2606336785756334
'10010',1,0.05018333333333334,0.0005936516000334053,0.4,2.2568204150323172
'01010',1,0.05025666666666667,0.0003380663971602167,0.4,2.2611706316860807
'00101',1,0.0499,0.00038496753109840045,0.4,2.2713397959153516
'01011',1,0.04945666666666667,0.0003657260662785146,0.4,2.2518086049169432
'10011',1,0.050146666666666666,0.000853867020612042,0.4,2.2593377884926364
'10001',1,0.049993333333333334,0.0004888989897946442,0.4,2.261770585148318
'11100',1,0.05012333333333333,0.0004403281604540978,0.4,2.2613638742870257
'10110',1,0.049756666666666664,0.000542361093327644,0.4,2.2658525229879216
'10101',1,0.04932333333333333,0.0001579732748143047,0.4,2.2635442407860125
'11010',1,0.05010666666666667,0.0009498186961497192,0.4,2.2507965754040122
'00110',1,0.05024666666666667,0.0002269116323349,0.4,2.255010166884404
'11000',1,0.05048333333333333,0.0009203381021245509,0.4,2.2599785816269455
'01110',1,0.04984666666666667,0.0004343833432452128,0.4,2.261759329631204
'01001',1,0.04971333333333333,0.00032561053764001844,0.4,2.2610261188200917
'00111',1,0.050153333333333334,0.0004818252334151411,0.4,2.2612357567454904
'11001',1,0.04971,0.000994417752590261,0.4,2.2528206852629897
'01100',1,0.05073333333333333,0.0006599663291074433,0.4,2.2527569854255396
