states,flag,Avg0,SD0,frust0,time
'00101',1,0.36671666666666664,0.0009805553981743782,0.35,12.977521719493808
'01111',1,0.13214666666666666,0.0011244060160319766,0.45,10.674945614397833
'11010',1,0.36802333333333337,0.001553326180241037,0.35,12.940990465359354
'10000',1,0.13311333333333333,0.0008057019024152477,0.45,10.72885068008083
