states,flag,Avg0,SD0,frust0,time
'11011',1,0.4329433333333334,0.0014475803566258033,0.3,12.01378709809444
'00110',1,0.06845000000000001,0.00043848223073081273,0.4,5.830503464853952
'00100',1,0.4296433333333334,0.0011755660575040311,0.3,12.003661837000932
'11001',1,0.06896333333333333,0.00015839472494022397,0.4,5.803995520652845
