states,flag,Avg0,SD0,frust0,time
'10101',1,0.24861,0.0016694909403767368,0.2,6.727943576465236
'10111',1,0.17578666666666667,0.0005430981085913986,0.3,8.064389245586808
'01010',1,0.25089333333333336,0.0009523771428495343,0.2,6.740026430259603
'01001',1,0.07448333333333333,0.00048057835527160023,0.4,3.5586492768385916
'01000',1,0.17621333333333333,0.0013658290115855893,0.3,7.988276823381649
'10110',1,0.07401333333333333,0.0001934482417139592,0.4,3.5692566693881127
