states,flag,Avg0,SD0,frust0,time
'000001',1,0.5001066666666666,0.0011860391599305868,0.23333333333333334,13.993339105890323
'111110',1,0.4998933333333333,0.0011860391599306061,0.23333333333333334,13.984246019935265
