states,flag,Avg0,SD0,frust0,time
'10001',1,0.18367666666666668,0.000411042036239066,0.3,7.490323701020388
'01110',1,0.18482999999999997,0.0008656789243131707,0.3,7.4631115823763965
'00001',1,0.18400333333333332,0.001428480155814405,0.3,7.516390266556328
'11000',1,0.08360333333333335,0.00017632041540584253,0.4,3.6371710304345193
'11110',1,0.18344333333333332,0.000999410937613866,0.3,7.4942661737528775
'10010',1,0.04851666666666667,0.00034422215049134805,0.4,2.593990354215815
'00111',1,0.08311666666666666,0.0003680881536926847,0.4,3.6416522892425154
'01101',1,0.04881,0.00032259365565160476,0.4,2.6213861186365417
