states,flag,Avg0,SD0,frust0,time
'10011',1,0.13831333333333337,0.0006532142748661324,0.35,5.394920123029499
'10110',1,0.13575,0.0018034596382139195,0.35,6.262272880231176
'01001',1,0.13698666666666667,0.000527278126060826,0.35,6.337857534686407
'10010',1,0.12913666666666665,0.0005901600536201069,0.25,4.956897147002484
'01101',1,0.12843333333333332,0.0010037374601402913,0.25,4.934124343936316
'11001',1,0.09743666666666667,0.00036261396675926847,0.35,4.950678275511659
'01100',1,0.13694666666666666,0.0005391557185905419,0.35,5.397635711893133
'00110',1,0.09699666666666666,0.0004906005390222202,0.35,4.932606712554311
