states,flag,Avg0,SD0,frust0,time
'1011',1,0.49929666666666667,0.0018504834203226174,0.3333333333333333,10.990154056890281
'0100',1,0.5007033333333334,0.0018504834203226122,0.3333333333333333,10.94219785180752
