states,flag,Avg0,SD0,frust0,time
'00000',1,0.18516666666666667,0.0009777979795892885,0.3,6.820284978882076
'00110',1,0.11993666666666665,8.055363982396513e-5,0.4,5.962105289895363
'11111',1,0.18605333333333332,0.0012621234311887128,0.3,6.85528363085182
'10100',1,0.12018333333333335,0.0006595116038066017,0.4,5.973355996966439
'11001',1,0.11908,0.0011880516262632143,0.4,5.91238855152016
'01000',1,0.07551333333333334,0.0009731164141846319,0.4,3.865270213337167
'01011',1,0.11898666666666667,0.0007529645114848114,0.4,6.018680015025754
'10111',1,0.07508,0.0003960639678974431,0.4,3.807030188675354
