states,flag,Avg0,SD0,frust0,time
'10100',1,0.050113333333333336,0.0005344363593752042,0.4,2.252453247429724
'11100',1,0.04934666666666667,0.000869572053113229,0.4,2.2704773581128523
'11001',1,0.05017,0.0003657868231634383,0.4,2.2653799876026866
'00111',1,0.04987666666666666,0.00025381533094402073,0.4,2.2698914160721
'00011',1,0.04945666666666667,0.0008201761328451876,0.4,2.265580998361635
'10101',1,0.050056666666666666,0.0007664782377138253,0.4,2.2656877528185593
'01110',1,0.04999,0.00038444765573482375,0.4,2.2562210339717277
'10010',1,0.05074666666666666,0.0009075363476038973,0.4,2.274651413430972
'10001',1,0.05011000000000001,0.0005028584956691743,0.4,2.26334548992399
'10110',1,0.049916666666666665,0.00013021349989749632,0.4,2.2720300076697932
'10011',1,0.050109999999999995,0.0010396473761168556,0.4,2.2684088741692694
'11010',1,0.04998333333333333,0.000312552217859493,0.4,2.2667030740548024
'00101',1,0.04975333333333334,0.0002054804667656328,0.4,2.264083168903433
'01011',1,0.04988666666666667,0.0007455348564770266,0.4,2.2596481667567083
'01100',1,0.04983666666666667,0.0004343833432452155,0.4,2.257711865496018
'00110',1,0.04936666666666667,0.00018696404883173374,0.4,2.2664594676545797
'01001',1,0.049863333333333336,0.0003633486235314813,0.4,2.2597401388878513
'11000',1,0.04998,0.0004997999599839917,0.4,2.2729287561748
'01101',1,0.050719999999999994,0.0003779770716150226,0.4,2.2541330386725584
'01010',1,0.05071666666666667,0.0003159465496286078,0.4,2.267359092963483
