states,flag,Avg0,SD0,frust0,time
'1111',1,0.5002833333333333,0.0008115965062079173,0.08333333333333333,5.808314262574011
'0000',1,0.49971666666666675,0.0008115965062079123,0.08333333333333333,5.80049834169698
