states,flag,Avg0,SD0,frust0,time
'010111',1,0.20969333333333331,0.0010241202186375491,0.3333333333333333,13.202278911690357
'111111',1,0.29128333333333334,0.0010976439414592774,0.26666666666666666,13.97395841773229
'000000',1,0.2901133333333334,0.0008070660168508712,0.26666666666666666,13.944726187159409
'101000',1,0.20891,0.001150854754809083,0.3333333333333333,13.24383186065929
