states,flag,Avg0,SD0,frust0,time
'10001',1,0.050460000000000005,0.00024055491403558482,0.4,2.2531317611853314
'11001',1,0.05031666666666667,0.0004259368758656876,0.4,2.2584256197229133
'10110',1,0.04945,0.00040108187027920484,0.4,2.266251592951235
'11100',1,0.049633333333333335,0.0002623398982660133,0.4,2.2565958477498587
'00111',1,0.04992666666666667,0.0007381207368867365,0.4,2.2603430975623584
'01001',1,0.050223333333333335,0.0002678722747048574,0.4,2.258810068433837
'01110',1,0.04991333333333333,0.00035612107803698317,0.4,2.2595350568690082
'01100',1,0.04975333333333334,0.0007321809126772474,0.4,2.268756617434975
'00011',1,0.05053333333333334,0.00022050447211388258,0.4,2.264641331576699
'11000',1,0.049339999999999995,0.0006125357132445427,0.4,2.2630995445277327
'10010',1,0.049773333333333336,0.0007487025815072078,0.4,2.2666152911659974
'01010',1,0.05001333333333333,7.13364485301104e-5,0.4,2.251812344024214
'10101',1,0.04965666666666666,0.00033489633553617176,0.4,2.2538948914824393
'10011',1,0.04990666666666666,0.00017016332024133644,0.4,2.2574126147002214
'01101',1,0.05051666666666666,0.00028569603116288016,0.4,2.2544585957472694
'11010',1,0.04992,0.00041044691089916574,0.4,2.2573260744861874
'00101',1,0.05027,0.0005233227175144112,0.4,2.27025997553299
'00110',1,0.04952666666666666,0.0004269530289023479,0.4,2.263140374762145
'10100',1,0.050449999999999995,0.0006040419411486805,0.4,2.2686888982568014
'01011',1,0.050416666666666665,0.0005911194652709565,0.4,2.259836508757899
