states,flag,Avg0,SD0,frust0,time
'000000',1,0.5002399999999999,0.000737021030907508,0.1,10.714894068316724
'111111',1,0.49976000000000004,0.0007370210309075342,0.1,10.741271471097727
