states,flag,Avg0,SD0,frust0,time
'010000',1,0.5008800000000001,0.000514263227021586,0.36666666666666664,34.166468297190775
'101111',1,0.49912,0.0005142632270216101,0.36666666666666664,34.333049289902796
