states,flag,Avg0,SD0,frust0,time
'11100',1,0.33923666666666663,0.0005157734213995668,0.35,15.248090953238565
'00001',1,0.16110333333333335,0.00046147107770212265,0.35,11.368915877949178
'11110',1,0.16077666666666668,0.0019198321685906712,0.35,11.388381471504223
'00011',1,0.33888333333333326,0.001998104657474733,0.35,15.212013683169735
