states,flag,Avg0,SD0,frust0,time
'00000',1,0.17749,0.0004777028364998379,0.25,6.589375991336694
'11111',1,0.17712000000000003,0.0011031167964756388,0.25,6.644492637393903
'11011',1,0.24152666666666667,0.0006567258856546565,0.35,9.215397612100007
'00100',1,0.2409666666666667,0.00082552340299285,0.35,9.25389958427211
'11000',1,0.0814,0.0010755773643335294,0.45,4.838928351651062
'00111',1,0.08149666666666668,0.0003355923452974204,0.45,4.841268881475773
