states,flag,Avg0,SD0,frust0,time
'111000',1,0.28209333333333336,0.0010588463323615608,0.3,17.035441631023534
'101100',1,0.21690333333333334,0.0007908364067379715,0.36666666666666664,16.145385535410913
'010011',1,0.21730666666666668,0.0007880073321711957,0.36666666666666664,16.258356198023062
'000111',1,0.2836966666666667,0.0015717576855934813,0.3,17.056349285825974
