states,flag,Avg0,SD0,frust0,time
'0010',1,0.49843,0.0006858571279792733,0.25,6.90354084513845
'1101',1,0.5015700000000001,0.0006858571279792895,0.25,6.886189708861115
