states,flag,Avg0,SD0,frust0,time
'0100',1,0.49962333333333336,0.00020171487027209134,0.25,8.94577002613829
'1011',1,0.5003766666666667,0.00020171487027209134,0.25,8.947696358792241
