states,flag,Avg0,SD0,frust0,time
'00011',1,0.4995233333333333,0.0010029733573507851,0.3,13.656520407198173
'11100',1,0.5004766666666667,0.0010029733573508365,0.3,13.664845018440042
