states,flag,Avg0,SD0,frust0,time
'000000',1,0.4988166666666667,0.0014206649460336816,0.16666666666666666,14.71348938095798
'111111',1,0.5011833333333334,0.0014206649460336994,0.16666666666666666,14.662637898198483
