states,flag,Avg0,SD0,frust0,time
'110011',1,0.5008766666666666,0.0012160683460325004,0.3,16.836269219137296
'001100',1,0.49912333333333336,0.0012160683460325004,0.3,16.8702976910065
