states,flag,Avg0,SD0,frust0,time
'00110',1,0.051736666666666674,0.0008505031190745603,0.45,2.8888884707597096
'00111',1,0.31429666666666667,0.0009135036337579064,0.25,9.686673985538784
'11000',1,0.31478333333333336,0.0014405863003960834,0.25,9.781369204911385
'11111',1,0.08245666666666666,0.0003306895153396182,0.35,3.70990336817929
'10011',1,0.05206333333333333,0.0003795904225463131,0.45,2.8796019220527342
'11001',1,0.05149666666666667,0.0005704579057408372,0.45,2.9081403471785046
'00000',1,0.08202666666666668,0.0007305857619441796,0.35,3.7240087144640612
'01100',1,0.05114,0.0004545327270945404,0.45,2.8952432979025424
