states,flag,Avg0,SD0,frust0,time
'0100',1,0.5005633333333334,0.0011042443368908612,0.3333333333333333,10.989577133444447
'1011',1,0.4994366666666667,0.0011042443368908612,0.3333333333333333,10.974959923783423
