states,flag,Avg0,SD0,frust0,time
'10010',1,0.049999999999999996,7.874007874012077e-5,0.4,2.2662639906141195
'11000',1,0.04975333333333334,0.0002786076492528916,0.4,2.2649835942604057
'01010',1,0.04985333333333333,0.0007906677908929621,0.4,2.2673646855223875
'00110',1,0.050383333333333336,0.0004563867755411962,0.4,2.2570835771354463
'10110',1,0.050113333333333336,0.0013737620689996581,0.4,2.2709743190717506
'01101',1,0.050133333333333335,0.0006165134944904993,0.4,2.2594377154876923
'10100',1,0.049980000000000004,0.0007217109301283083,0.4,2.2536265213596764
'10101',1,0.0499,0.0003766519171153472,0.4,2.247226266413796
'01011',1,0.05024,0.00045321076774498635,0.4,2.2683222530847273
'10011',1,0.04987666666666666,0.00047415421776276844,0.4,2.271438607065351
'01001',1,0.05052333333333333,0.0005109685791600966,0.4,2.2685469558513467
'00101',1,0.04963000000000001,0.0008242976808572675,0.4,2.2618001445697544
'11100',1,0.04961666666666667,0.0004473874780942754,0.4,2.2662763226700133
'11010',1,0.04967666666666667,0.00022691163233490107,0.4,2.261026713801766
'00111',1,0.04976,0.0009476637941098438,0.4,2.2657091868213386
'01110',1,0.04981333333333334,0.00039810663004889843,0.4,2.262254524243243
'11001',1,0.049550000000000004,0.0009633621679652276,0.4,2.260145654711088
'01100',1,0.05131,0.00048586692279539674,0.4,2.2654505032952805
'00011',1,0.049833333333333334,0.00044604434258889105,0.4,2.258086285269583
'10001',1,0.05005333333333333,0.0008288278202109038,0.4,2.2554123309258034
