states,flag,Avg0,SD0,frust0,time
'011101',1,0.5004933333333333,0.002368717421353193,0.3333333333333333,15.39123018230117
'100010',1,0.4995066666666666,0.002368717421353202,0.3333333333333333,15.432142648735892
