states,flag,Avg0,SD0,frust0,time
'00011',1,0.07270666666666667,0.0007128503037493589,0.35,3.660178658434816
'01100',1,0.42686,0.002349524774644157,0.35,14.340096664658773
'10011',1,0.42781,0.0011966898790692002,0.35,14.404024189341913
'11100',1,0.07262333333333333,0.0007602777270328396,0.35,3.6112780361726666
