states,flag,Avg0,SD0,frust0,time
'10101',1,0.5002433333333333,0.0004076218290959767,0.35,12.56160521786468
'01010',1,0.4997566666666667,0.0004076218290959957,0.35,12.568025142153347
