states,flag,Avg0,SD0,frust0,time
'00000',1,0.3900866666666667,0.0010387920335124378,0.2,8.753625443398304
'11111',1,0.3904666666666667,0.0021410485489331914,0.2,8.757390580113372
'01011',1,0.10939333333333334,0.0005648205221326697,0.4,6.639953807482779
'10100',1,0.11005333333333334,0.0006001296156294534,0.4,6.626764282311885
