states,flag,Avg0,SD0,frust0,time
'11011',1,0.4998766666666667,0.001532847749198291,0.25,10.794520973883147
'00100',1,0.5001233333333334,0.001532847749198291,0.25,10.772752549285158
