states,flag,Avg0,SD0,frust0,time
'111111',1,0.49906999999999996,0.0009554056729996886,0.3,21.65790305012608
'000000',1,0.50093,0.0009554056729996728,0.3,21.67367440990115
