states,flag,Avg0,SD0,frust0,time
'011010',1,0.34551,0.0014866292969892122,0.36666666666666664,15.333551817693923
'100101',1,0.3449466666666667,0.0016627353634565184,0.36666666666666664,15.278257241602347
'100011',1,0.15576333333333334,0.0004980182950677873,0.36666666666666664,10.749606665974873
'011100',1,0.15378,0.0002790459938194133,0.36666666666666664,10.774833353385349
