states,flag,Avg0,SD0,frust0,time
'000',1,0.3758066666666666,0.0005682917873377705,0.16666666666666666,3.60101398892214
'101',1,0.12489,0.0011221705158605238,0.5,2.0
'010',1,0.12551666666666664,0.0006506577868246562,0.5,2.0
'111',1,0.3737866666666667,0.0008410443243703164,0.16666666666666666,3.605406865099292
