states,flag,Avg0,SD0,frust0,time
'010011',1,0.4979933333333333,0.0019903991782777744,0.3,22.330963005286815
'101100',1,0.5020066666666666,0.0019903991782778143,0.3,22.459080230195323
