states,flag,Avg0,SD0,frust0,time
'11000',1,0.12638666666666667,0.0005310576449145801,0.35,5.122824690903892
'10100',1,0.25687,0.0011617228585166011,0.25,6.870560861063159
'00110',1,0.07481333333333333,0.00011953614051360683,0.35,3.545514494660384
'01011',1,0.2555233333333333,0.0009774229154033258,0.25,6.822272523546725
'11001',1,0.07450000000000001,0.0003001110905425944,0.35,3.5650703368843253
'10000',1,0.04244,0.0007921279357948874,0.45,2.3766491149267672
'00111',1,0.12605333333333335,0.0005809379389305637,0.35,5.155064109932263
'01111',1,0.04341333333333333,0.00035780193155183365,0.45,2.382083755582283
