states,flag,Avg0,SD0,frust0,time
'10001',1,0.22965,0.0013741421566441578,0.3,8.41377429368768
'00000',1,0.17160333333333333,0.0006644463024871842,0.4,9.02207576910102
'11111',1,0.17252333333333333,0.0016802843674674688,0.4,9.101568496418027
'11001',1,0.09984666666666668,0.0005508982563857793,0.4,7.0971939199566405
'01110',1,0.22782333333333335,0.001046401240230323,0.3,8.38383850472839
'00110',1,0.09855333333333333,0.0004793282336307295,0.4,6.991731649735928
