states,flag,Avg0,SD0,frust0,time
'10100',1,0.03148,0.0004071854614300456,0.5,2.0
'01011',1,0.03147,0.0002727636339397177,0.5,2.0
'01100',1,0.16557666666666668,0.000979977324000692,0.3,6.478981696633821
'10010',1,0.3028733333333334,0.0016437828999664793,0.4,13.14658761922542
'01101',1,0.3033333333333333,0.00038938698260499306,0.4,13.154602517876691
'10011',1,0.16526666666666667,0.0005778888782071851,0.3,6.533048125508059
