states,flag,Avg0,SD0,frust0,time
'00110',1,0.3251366666666667,0.001479421808981088,0.25,9.83543776535143
'11001',1,0.32425333333333334,0.0024720346995047576,0.25,9.839286949156623
'10011',1,0.08064666666666666,0.0005799042066487248,0.45,4.7938086478974995
'11000',1,0.09410333333333333,0.001096063664006591,0.35,4.611225699350073
'00111',1,0.09407,0.00041960298696109183,0.35,4.5793469781649865
'01100',1,0.08179000000000002,0.00035814336049502153,0.45,4.787754553118499
