states,flag,Avg0,SD0,frust0,time
'11010',1,0.04959,0.00035562152165844217,0.4,2.255731069702534
'11100',1,0.04973666666666667,0.00039835773983806154,0.4,2.267373891742107
'01010',1,0.049339999999999995,0.0008688306317497478,0.4,2.259676561533969
'00101',1,0.04950333333333334,0.0005062498285322061,0.4,2.2562908754313993
'10001',1,0.04978,0.0005104899607240068,0.4,2.254622956379499
'10101',1,0.05074,0.0001823915202707261,0.4,2.2645038531053223
'11000',1,0.05018333333333334,0.00036817870057290794,0.4,2.2626120087389054
'10100',1,0.04991,0.0006745368781616032,0.4,2.2603244316122972
'00110',1,0.05063333333333333,0.0006053832578531462,0.4,2.2722436933560473
'00111',1,0.04947666666666667,0.0002786076492528916,0.4,2.2572417400584017
'10110',1,0.05007999999999999,0.0005064253811438225,0.4,2.25998745255217
'00011',1,0.050223333333333335,0.00014659088951530673,0.4,2.261096232963175
'01011',1,0.05042333333333334,3.299831645537111e-5,0.4,2.2612501436282035
'01001',1,0.04981333333333334,0.00024499433100017416,0.4,2.262569882465336
'10011',1,0.050660000000000004,0.0003617549815367679,0.4,2.248426415231687
'01110',1,0.05046666666666667,0.0002615764175575111,0.4,2.243995508837931
'01100',1,0.04986666666666667,4.9888765156986945e-5,0.4,2.258694495664066
'11001',1,0.04996333333333333,0.0004014418457953212,0.4,2.2591503657084626
'10010',1,0.04924333333333333,2.4944382578495018e-5,0.4,2.255062666630265
'01101',1,0.05036666666666667,0.0003252007926736255,0.4,2.258363707961468
