states,flag,Avg0,SD0,frust0,time
'11110',1,0.17806333333333332,0.0003895581542665393,0.35,6.998972892948953
'01010',1,0.09212333333333333,0.0008673458876877716,0.35,4.515309802391531
'01000',1,0.09248,0.0003334666400106563,0.35,3.7638450005608193
'10111',1,0.09211666666666667,0.0005210459565996903,0.35,3.740546227641237
'00000',1,0.13695333333333334,0.00094890580260752,0.25,4.955981299043601
'11111',1,0.13651333333333335,0.0010469107995537276,0.25,4.952058469145632
'00001',1,0.17948333333333333,0.0002106075866524208,0.35,6.980451163292346
'10101',1,0.09226666666666666,0.0004659279868057805,0.35,4.445639279954005
