states,flag,Avg0,SD0,frust0,time
'110010',1,0.12449666666666666,0.0006265957406671576,0.36666666666666664,9.64185103092983
'100110',1,0.12496,0.0007788880963698612,0.36666666666666664,9.659382239453418
'110100',1,0.12488333333333333,0.0014818306995815075,0.36666666666666664,9.53858105690677
'011001',1,0.12478333333333336,0.0004919575410766893,0.36666666666666664,9.660190684542611
'101001',1,0.12522333333333333,0.00023098821518760396,0.36666666666666664,9.60035794120501
'001101',1,0.12606,0.0008640601830891173,0.36666666666666664,9.565219694412958
'010110',1,0.12491333333333332,0.0009115676363032839,0.36666666666666664,9.616926266543416
'001011',1,0.12468,0.0005659210781254519,0.36666666666666664,9.625646418977231
