states,flag,Avg0,SD0,frust0,time
'010100',1,0.23481333333333332,0.00021359359124800806,0.36666666666666664,12.496343129128661
'000000',1,0.26524000000000003,0.0018128430709799454,0.3,12.838365055228714
'111111',1,0.26597,0.0005990548110704765,0.3,12.790785103111167
'101011',1,0.2339766666666667,0.0024185440983276623,0.36666666666666664,12.431220142015066
