states,flag,Avg0,SD0,frust0,time
'000000',1,0.5015966666666666,0.0011688265720608438,0.13333333333333333,11.946336761279914
'111111',1,0.49840333333333336,0.0011688265720608696,0.13333333333333333,11.92564669339508
