states,flag,Avg0,SD0,frust0,time
'00000',1,0.5001633333333334,0.0002003885115358598,0.0,7.762149356517145
'11111',1,0.49983666666666665,0.00020038851153585888,0.0,7.756815783297629
