states,flag,Avg0,SD0,frust0,time
'000100',1,0.49938333333333335,0.0024321366920650265,0.3,34.749508013157204
'111011',1,0.5006166666666666,0.0024321366920649753,0.3,34.51083079489621
