states,flag,Avg0,SD0,frust0,time
'111111',1,0.50035,0.0018108745585121609,0.13333333333333333,11.2474454795652
'000000',1,0.49965,0.0018108745585121609,0.13333333333333333,11.25103422077945
