states,flag,Avg0,SD0,frust0,time
'000100',1,0.5007299999999999,0.0006864400920692029,0.23333333333333334,13.307488175674665
'111011',1,0.49926999999999994,0.0006864400920692214,0.23333333333333334,13.272654435644199
