states,flag,Avg0,SD0,frust0,time
'01000',1,0.4005433333333333,0.0001835453319724781,0.2,8.040591387860479
'10111',1,0.4005433333333333,0.0003256105376400107,0.2,8.03259037592922
'01111',1,0.09977333333333332,9.533566430716994e-5,0.4,4.377248548328833
'10000',1,0.09913999999999999,0.00022759613353482062,0.4,4.376878840995574
