states,flag,Avg0,SD0,frust0,time
'11111',1,0.33751333333333333,0.00011614167593457436,0.35,15.160645517912648
'00000',1,0.3399466666666666,0.0014167647024902093,0.35,15.199901902862761
'11101',1,0.1620533333333333,0.0005621585383343543,0.35,11.336406713427357
'00010',1,0.16048666666666667,0.0009515717991244213,0.35,11.339412436588427
