states,flag,Avg0,SD0,frust0,time
'100101',1,0.5002066666666667,0.0017279338979126497,0.26666666666666666,16.048076943889285
'011010',1,0.4997933333333333,0.0017279338979126237,0.26666666666666666,16.050265778032152
