states,flag,Avg0,SD0,frust0,time
'01110',1,0.18167,0.0006475080437080758,0.3,5.902938188586423
'10111',1,0.2527566666666667,0.000767868623022332,0.3,8.524239545572602
'00110',1,0.06667333333333335,0.0009022318007154398,0.3,2.9239920732122524
'10001',1,0.1807133333333333,0.0007987212001415537,0.3,5.881933637068091
'01000',1,0.25272666666666666,0.000966655172345453,0.3,8.51639961921105
'11001',1,0.06546,0.0004546060565661909,0.3,2.936494462452071
