states,flag,Avg0,SD0,frust0,time
'00110',1,0.1634766666666667,0.0008141389452803634,0.3,6.453814080003454
'11100',1,0.17314,0.0007179136438319093,0.4,7.599125698407772
'10110',1,0.16169,0.0025534812837901652,0.3,6.42308620030461
'00011',1,0.17401999999999998,0.0009356281312572827,0.4,7.567722154846304
'01001',1,0.16283666666666666,0.00017556258776351845,0.3,6.439413357027777
'11001',1,0.16483666666666666,0.0012708614750982393,0.3,6.459483738329031
