states,flag,Avg0,SD0,frust0,time
'00100',1,0.08873333333333333,0.0005535541727981327,0.35,4.675110897664916
'11010',1,0.3171733333333333,0.0007832553152637147,0.25,9.630410447910037
'00101',1,0.3158666666666667,0.0022180521985642235,0.25,9.665787113401407
'01110',1,0.09448000000000001,0.0007374279625834666,0.35,4.612196032718937
'11011',1,0.08957333333333332,0.0006841214966818583,0.35,4.6262395955320095
'10001',1,0.09417333333333333,0.0007119144767612311,0.35,4.5981883924276215
