states,flag,Avg0,SD0,frust0,time
'111111',1,0.501,0.0006116098974564278,0.16666666666666666,12.478774695123661
'000000',1,0.49899999999999994,0.0006116098974564278,0.16666666666666666,12.403174943998096
