states,flag,Avg0,SD0,frust0,time
'10011',1,0.16171333333333335,0.0014159645318847383,0.3,6.105719634631065
'11100',1,0.29678666666666664,0.00156717013186897,0.2,8.313136716129755
'01100',1,0.16205,0.0015800632898716452,0.3,6.133101911359923
'00011',1,0.2961533333333333,0.00280492820268579,0.2,8.297414911561447
'00110',1,0.04168666666666667,0.0002075786330258701,0.4,2.2387273565645556
'11001',1,0.04161,0.00050039984012787,0.4,2.232682235982553
