states,flag,Avg0,SD0,frust0,time
'000000',1,0.49899333333333334,0.0007121017405461771,0.13333333333333333,11.42785691720374
'111111',1,0.5010066666666667,0.0007121017405461362,0.13333333333333333,11.436280769018921
