states,flag,Avg0,SD0,frust0,time
'10111',1,0.10641333333333335,0.0006918734630616294,0.4,5.644105146654439
'00110',1,0.3932233333333333,0.000655760796496891,0.4,12.834097399903902
'11001',1,0.3922966666666667,0.0009264388209098886,0.4,12.809157816864024
'01000',1,0.10806666666666666,0.0005448139335793713,0.4,5.66714193089451
