states,flag,Avg0,SD0,frust0,time
'10101',1,0.16470666666666667,0.0004988208317845436,0.35,10.519768592219346
'01010',1,0.16362666666666667,0.001228938114344611,0.35,10.55069546221791
'10001',1,0.2794733333333333,0.0008439720901125093,0.25,11.42947282285059
'01110',1,0.28024333333333334,0.0012338647503767146,0.25,11.436850580556486
'10100',1,0.05560999999999999,0.0006788716128007319,0.45,3.5647852644981306
'01011',1,0.05634,0.0005435071296680499,0.45,3.536629011761988
