states,flag,Avg0,SD0,frust0,time
'01010',1,0.29285333333333335,0.0010913701887484669,0.35,12.03412868809732
'11100',1,0.20767333333333335,0.0009557312499977333,0.35,9.053359673250368
'00011',1,0.20695333333333332,0.0006225931434108692,0.35,9.007765756991068
'10101',1,0.29251999999999995,0.000526687763290553,0.35,12.050001015032407
