states,flag,Avg0,SD0,frust0,time
'1010',1,0.4988666666666666,0.0013238663913787447,0.16666666666666666,6.372473904940757
'0101',1,0.5011333333333333,0.0013238663913787395,0.16666666666666666,6.412572448693702
