states,flag,Avg0,SD0,frust0,time
'00000',1,0.43077000000000004,0.0015785436325930244,0.2,10.079852728656164
'11111',1,0.4287566666666667,0.000712850303749365,0.2,10.150079182995404
'00010',1,0.07025666666666668,0.0007643006970790715,0.4,3.4806125675806197
'11101',1,0.07021666666666666,0.000760803668644034,0.4,3.46512751165408
