states,flag,Avg0,SD0,frust0,time
'01110',1,0.49955999999999995,0.0004678318786344826,0.4,34.012019213844454
'10001',1,0.5004400000000001,0.0004678318786344881,0.4,33.92593027709756
