states,flag,Avg0,SD0,frust0,time
'11011',1,0.3341833333333333,0.0011880609786070991,0.2,8.871476086878994
'00100',1,0.33471333333333336,0.0009680679498648506,0.2,8.86799735676579
'11111',1,0.09844000000000001,0.00044773504069557077,0.3,3.773190857433237
'00001',1,0.06752333333333334,0.0003912657522565551,0.4,3.314649612698799
'11110',1,0.06766666666666667,0.00042303138838100193,0.4,3.252921236994778
'00000',1,0.09747333333333334,0.0004057366414587451,0.3,3.788828441164877
