states,flag,Avg0,SD0,frust0,time
'000001',1,0.49896999999999997,0.0009240129869217335,0.3,23.557242113744508
'111110',1,0.50103,0.0009240129869217268,0.3,23.626896480610906
