states,flag,Avg0,SD0,frust0,time
'00000',1,0.5019766666666667,0.0020420632267934887,0.35,16.621042680219528
'11111',1,0.4980233333333333,0.0020420632267935087,0.35,16.569575131266138
