states,flag,Avg0,SD0,frust0,time
'100101',1,0.4978666666666666,0.0013530295225488997,0.3333333333333333,41.603734450734684
'011010',1,0.5021333333333334,0.0013530295225488863,0.3333333333333333,41.42814910293492
