states,flag,Avg0,SD0,frust0,time
'11111',1,0.3788133333333333,0.0010583740149661648,0.2,9.700863552256246
'01011',1,0.031143333333333332,0.00019601587237318824,0.5,2.0
'00001',1,0.08982,0.0005844655678480992,0.4,5.038510668530718
'00000',1,0.37895666666666666,0.00216379810107648,0.2,9.727386497235228
'11110',1,0.09003,0.0010755773643335322,0.4,5.1078069332692415
'10100',1,0.031236666666666666,0.00016357125528513775,0.5,2.0
