states,flag,Avg0,SD0,frust0,time
'011110',1,0.49869,0.000967608736353002,0.3333333333333333,30.475779576058088
'100001',1,0.50131,0.0009676087363530464,0.3333333333333333,30.530101760554746
