states,flag,Avg0,SD0,frust0,time
'01001',1,0.17241000000000004,0.0014126098777322235,0.4,7.679259192183736
'10001',1,0.15786333333333333,0.0006295677529508266,0.3,6.628432187785911
'10110',1,0.1712733333333333,0.0009151441902175232,0.4,7.62591829983575
'01110',1,0.15904333333333334,0.0005765028669100986,0.3,6.617991283752258
'00011',1,0.16973333333333332,0.0009409687679313378,0.4,7.626319236340463
'11100',1,0.16967666666666667,0.0009961369829942501,0.4,7.648028766093538
