states,flag,Avg0,SD0,frust0,time
'00100',1,0.29494666666666663,0.0011504298713476211,0.3,9.819687699316638
'10100',1,0.03697,0.00024055491403558173,0.4,2.0
'11110',1,0.16775333333333334,0.000685581667069819,0.3,6.032846304388966
'11011',1,0.29545333333333335,0.00019601587237320355,0.3,9.819484924063195
'00001',1,0.16723333333333334,0.0007587855794330536,0.3,6.0692722423753125
'01011',1,0.037643333333333334,0.00040285095120762645,0.4,2.0
