states,flag,Avg0,SD0,frust0,time
'0111',1,0.5016466666666667,0.001289814801520826,0.16666666666666666,6.478660917817412
'1000',1,0.49835333333333337,0.0012898148015208187,0.16666666666666666,6.475938353745971
