states,flag,Avg0,SD0,frust0,time
'11010',1,0.20628,0.0004249705872175141,0.35,7.9913827186674
'00101',1,0.20643666666666663,0.0005069078373388585,0.35,8.006273569044518
'01100',1,0.11216333333333334,0.001161101010057073,0.45,7.19150466189252
'01110',1,0.18183000000000002,0.0006933974329343883,0.35,7.251310204800355
'10011',1,0.11193333333333333,0.0011020082677649133,0.45,7.229411379225908
'10001',1,0.1813566666666667,0.0009761944250791225,0.35,7.181957574196516
