states,flag,Avg0,SD0,frust0,time
'10111',1,0.21534,0.0011516075720487493,0.25,6.443917349696268
'01000',1,0.21517666666666665,0.00030070288030250875,0.25,6.401640201644724
'10010',1,0.08631333333333331,0.00033509534298298803,0.45,5.108734564932693
'11000',1,0.09366999999999999,0.0004104469108991681,0.35,4.8928999642513205
'11100',1,0.10551333333333333,0.0011506037062728844,0.35,3.9319841244240177
'00111',1,0.09388,0.00021118712081942727,0.35,4.863607106492751
'01101',1,0.08576333333333334,0.0006489136220552676,0.45,5.165175040381261
'00011',1,0.10434333333333333,0.0005634615238762039,0.35,3.9440203698709664
