states,flag,Avg0,SD0,frust0,time
'100111',1,0.50094,0.0014495746502566397,0.3,16.90899872893264
'011000',1,0.49906000000000006,0.001449574650256679,0.3,16.904298549996895
