states,flag,Avg0,SD0,frust0,time
'001011',1,0.23401666666666665,0.0008862404990871493,0.3333333333333333,14.65048231499601
'111000',1,0.2647333333333333,0.000902748888426665,0.3333333333333333,15.176459269540326
'110100',1,0.23496333333333333,0.00127964404772925,0.3333333333333333,14.754994993743246
'000111',1,0.2662866666666666,0.0004664999702274626,0.3333333333333333,15.177916462102196
