states,flag,Avg0,SD0,frust0,time
'00000',1,0.4995266666666667,0.0015254361853435721,0.1,8.942198762164102
'11111',1,0.5004733333333333,0.0015254361853435721,0.1,8.95480488396566
