states,flag,Avg0,SD0,frust0,time
'01110',1,0.22469333333333333,0.0007549540089009133,0.3,9.040039602623159
'10000',1,0.22593333333333332,0.0015038690841367183,0.3,9.03324276181153
'00011',1,0.04954333333333333,0.0002517052950487048,0.4,2.7169537421366763
'11100',1,0.050113333333333336,0.0004161196409153941,0.4,2.7554511477645414
'01111',1,0.22477999999999998,0.0009301971117277653,0.3,9.044155058038939
'10001',1,0.22493666666666665,0.0007896975511056238,0.3,9.026752129713362
