states,flag,Avg0,SD0,frust0,time
'00010',1,0.055200000000000006,0.00033176296759383284,0.45,3.2778206699089965
'01000',1,0.38993666666666665,0.0007442371187255241,0.25,9.735450506232302
'10111',1,0.3889666666666667,0.0015394010379220658,0.25,9.724484021452264
'11000',1,0.054966666666666664,0.000613532576333336,0.45,3.3104073966371304
'11101',1,0.055523333333333334,0.0005915704147061065,0.45,3.3133031518744414
'00111',1,0.05540666666666667,9.533566430716494e-5,0.45,3.29995513942594
