states,flag,Avg0,SD0,frust0,time
'00000',1,0.26643666666666665,0.001842468151390662,0.3,12.941141977694327
'11111',1,0.2661633333333333,0.0003681787005728916,0.3,12.90092082496003
'10110',1,0.031356666666666665,0.0008010132472201826,0.5,2.0
'00100',1,0.20298000000000002,0.001853878816607672,0.4,15.68291166083599
'11011',1,0.20132666666666665,0.0012578376507147316,0.4,15.642632086056807
'01001',1,0.03173666666666667,0.00043858357875729115,0.5,2.0
