states,flag,Avg0,SD0,frust0,time
'00100',1,0.3750366666666667,0.0017028277136053038,0.35,11.964581029188054
'11011',1,0.37438,0.0006021627686929826,0.35,11.910833698275846
'11010',1,0.08326666666666667,0.0007215415595946095,0.35,3.9323917315007866
'00101',1,0.08379666666666667,0.0008383449303372797,0.35,3.9471427862081963
'00110',1,0.041883333333333335,0.0003141478774222255,0.45,2.2297021996413435
'11001',1,0.04163666666666666,0.0007602777270328421,0.45,2.240672870508286
