states,flag,Avg0,SD0,frust0,time
'0001',1,0.49999666666666664,0.0004488751373030819,0.3333333333333333,7.458883931117403
'1110',1,0.5000033333333332,0.0004488751373031061,0.3333333333333333,7.490678257858177
