states,flag,Avg0,SD0,frust0,time
'1100',1,0.5003533333333333,0.0008720219161364017,0.16666666666666666,6.40444236499014
'0011',1,0.49964666666666674,0.0008720219161364276,0.16666666666666666,6.413999519171795
