states,flag,Avg0,SD0,frust0,time
'100010',1,0.18305000000000002,0.0012303928911801645,0.36666666666666664,12.398621540137917
'111111',1,0.31700666666666666,0.0009084908120369481,0.3,14.73689344551133
'011101',1,0.18330333333333335,0.0011484579032579065,0.36666666666666664,12.442292401022634
'000000',1,0.31664000000000003,0.0008333066662399972,0.3,14.776401014202127
