states,flag,Avg0,SD0,frust0,time
'01100',1,0.24917999999999998,6.683312551920903e-5,0.4,26.024480759581248
'00111',1,0.2514533333333333,0.0011391322233271185,0.4,26.109597595224894
'11000',1,0.2501466666666667,0.0019880532074256774,0.4,26.04310572565745
'10011',1,0.24922,0.0009021086409075077,0.4,26.076165504808568
