states,flag,Avg0,SD0,frust0,time
'10010',1,0.04966333333333334,0.0005638754787677464,0.4,2.2624137248929457
'01010',1,0.050440000000000006,0.0008904306074403912,0.4,2.2700433306073506
'11001',1,0.04973333333333333,0.0007333181816616553,0.4,2.2540665028667917
'00011',1,0.050109999999999995,0.00040274061131204554,0.4,2.2576228910329337
'00101',1,0.05051,0.0003335665850571155,0.4,2.2613117985682822
'11100',1,0.04993,0.0007788880963698609,0.4,2.258695796415806
'11000',1,0.049999999999999996,0.000576020832956587,0.4,2.261356744193041
'10100',1,0.0499,0.0004892851929090016,0.4,2.2641099133116316
'10110',1,0.0501,0.00018384776310850304,0.4,2.2556196678027995
'10001',1,0.049440000000000005,0.0006556421788343587,0.4,2.261013771492332
'01001',1,0.050056666666666666,0.0008101988781911672,0.4,2.2585464937463953
'10011',1,0.05028333333333334,0.0007020129786707826,0.4,2.2623085298512096
'00110',1,0.04975333333333334,0.00039381326652220396,0.4,2.2557036360227065
'00111',1,0.04950666666666667,0.0005756349151637285,0.4,2.257282934447045
'01101',1,0.049940000000000005,0.00036578682316343834,0.4,2.2566735581882353
'10101',1,0.05036666666666667,0.0003641733408999378,0.4,2.254580567068557
'01011',1,0.05047666666666667,0.0004597342227369588,0.4,2.2528868041070687
'11010',1,0.05002,0.0004574567374808976,0.4,2.2602517169075083
'01110',1,0.04996333333333333,0.0006138584708401629,0.4,2.248556059248883
'01100',1,0.049806666666666666,0.00046657141885127266,0.4,2.262341604866504
