states,flag,Avg0,SD0,frust0,time
'011011',1,0.50048,0.0023673754807099294,0.3333333333333333,15.019289200003252
'100100',1,0.49951999999999996,0.002367375480709944,0.3333333333333333,15.002922917809494
