states,flag,Avg0,SD0,frust0,time
'010010',0,0.12573333333333334,0.0011964484480699042,0.4,1000.0
'101101',0,0.12452666666666666,0.0005473775865179532,0.4,1000.0
'010000',0,0.12470333333333333,0.0007314977025862063,0.3333333333333333,1000.0
'101111',0,0.12398333333333333,0.000981235049426091,0.3333333333333333,1000.0
'111111',0,0.12505666666666668,0.0009676202193468705,0.2,1000.0
'111101',0,0.12564333333333333,0.0018207019403393737,0.26666666666666666,1000.0
'000010',0,0.12543,0.0006174679478861004,0.26666666666666666,1000.0
'000000',0,0.12492333333333333,0.0005572152985057778,0.2,1000.0
