states,flag,Avg0,SD0,frust0,time
'101011',1,0.3086066666666667,0.0007027722880769253,0.26666666666666666,10.819039991377517
'010100',1,0.30857333333333337,0.0017776451339404672,0.26666666666666666,10.846829106542286
'001001',1,0.1914566666666667,0.0015711001099724844,0.3333333333333333,9.266399352613563
'110110',1,0.19136333333333333,0.001926141797018646,0.3333333333333333,9.255035387303058
