states,flag,Avg0,SD0,frust0,time
'11101',1,0.15359,0.001535339267610471,0.3,6.695847379791299
'01000',1,0.15397000000000002,0.0008683701207818326,0.3,6.765140121543538
'00000',1,0.16037333333333334,0.001469020837912867,0.3,7.982851110052345
'10111',1,0.15409,0.0012066758747346616,0.3,6.690722191315065
'00010',1,0.15425333333333333,0.0004786323107447868,0.3,6.742377852871873
'11010',1,0.03111666666666667,0.00034615346628659135,0.5,2.0
'11111',1,0.16118,0.00041020320167774237,0.3,8.062827390353073
'00101',1,0.031426666666666665,0.00024087802353519423,0.5,2.0
