states,flag,Avg0,SD0,frust0,time
'00001',1,0.20554999999999998,0.0011599137898999302,0.35,6.9300279026828955
'11110',1,0.20518,0.0004829768800539731,0.35,6.939332143804864
'01101',1,0.20459333333333332,0.0012074859097406564,0.35,7.6121890736424485
'10000',1,0.08968666666666665,0.001030738677950051,0.35,4.392437516637336
'10010',1,0.20470999999999998,0.0019711079794538576,0.35,7.633765681293705
'01111',1,0.09027999999999999,0.0007357988855658855,0.35,4.400342613687344
