states,flag,Avg0,SD0,frust0,time
'01100',1,0.12510333333333334,0.0005122716293356759,0.35,5.353552302678271
'00000',1,0.24391666666666667,0.0007211718858142588,0.25,7.232854647341978
'10001',1,0.043206666666666664,0.00012472191289246274,0.45,2.3744560014378906
'01110',1,0.04312666666666667,0.00035938218591849425,0.45,2.386111441261974
'11111',1,0.24276666666666666,0.0005701656679324821,0.25,7.211699288462
'01000',1,0.08828666666666667,0.0006069230227595258,0.35,4.739657162806821
'10011',1,0.12470333333333333,0.0003652700675147362,0.35,5.380675494642674
'10111',1,0.08888999999999998,0.00029131884021921066,0.35,4.8100794987558215
