states,flag,Avg0,SD0,frust0,time
'000000',1,0.5004533333333333,0.00044850368510810626,0.3333333333333333,23.191220983901335
'111111',1,0.49954666666666664,0.0004485036851081384,0.3333333333333333,23.07343224442792
