states,flag,Avg0,SD0,frust0,time
'00001',1,0.21852666666666667,0.00024689178916188455,0.45,9.546921587722382
'11001',1,0.28231333333333336,0.000959664293154402,0.35,9.16398003298559
'11110',1,0.21716333333333335,0.0005552977179455679,0.45,9.520761458272604
'00110',1,0.2819966666666667,0.0004969462300446108,0.35,9.152005443827026
