states,flag,Avg0,SD0,frust0,time
'01000',1,0.43878,0.0009907572861200637,0.4,14.703859524398732
'10111',1,0.4385733333333333,0.00153755939361342,0.4,14.695907098037248
'10110',1,0.061463333333333335,0.0005134415470355123,0.4,2.8594145035541505
'01001',1,0.06118333333333333,0.0006811917661145217,0.4,2.8317213989722845
