states,flag,Avg0,SD0,frust0,time
'011100',1,0.3972733333333333,0.0014076063212260608,0.23333333333333334,12.460337345230554
'100011',1,0.3954533333333334,0.0008094991592885656,0.23333333333333334,12.483813209793132
'101101',1,0.10333333333333333,0.0011145502331533614,0.36666666666666664,5.397608140298917
'010010',1,0.10393999999999999,0.001148245037727868,0.36666666666666664,5.35064730067509
