states,flag,Avg0,SD0,frust0,time
'010010',1,0.5006766666666667,0.0010627114168745887,0.2,13.236958806511922
'101101',1,0.49932333333333334,0.0010627114168745655,0.2,13.24532566012609
