states,flag,Avg0,SD0,frust0,time
'11101',1,0.05803666666666666,0.0004045024378445968,0.4,2.624677909466813
'11100',1,0.26943333333333336,0.0014878694685877337,0.3,9.974620175219703
'00111',1,0.11334333333333334,0.0014863901088057472,0.3,4.6562202419412975
'11000',1,0.11365333333333334,0.0006270211763214688,0.3,4.678845781542625
'00011',1,0.26955999999999997,0.0018841089848165996,0.3,9.924251704682838
'00010',1,0.05838666666666666,0.0005571554740126147,0.4,2.6236897368548386
'01000',1,0.05895333333333334,0.00047863231074478157,0.4,2.6174442413444576
'10111',1,0.058633333333333336,0.00044813192502010066,0.4,2.627337383772755
