states,flag,Avg0,SD0,frust0,time
'111111',1,0.5009033333333334,0.0010708667309966902,0.16666666666666666,12.507370460103557
'000000',1,0.4990966666666667,0.0010708667309967074,0.16666666666666666,12.475312360904582
