states,flag,Avg0,SD0,frust0,time
'010110',1,0.25035666666666667,0.0015623984411438968,0.36666666666666664,26.55737105574092
'101001',1,0.24834,0.0013865785228395924,0.36666666666666664,26.643093441766563
'101100',1,0.25121,3.741657386773233e-5,0.36666666666666664,26.41208975460903
'010011',1,0.25009333333333333,0.0014648397712908891,0.36666666666666664,26.475752329994823
