states,flag,Avg0,SD0,frust0,time
'01011',1,0.22663333333333333,0.0010772908407461472,0.35,9.59490928173104
'01100',1,0.17615666666666666,0.0013815530713254837,0.35,6.617283054349643
'10100',1,0.22689,0.0015774874537271752,0.35,9.63971134216613
'10101',1,0.09728666666666667,0.0006792315919887374,0.35,3.726964781684567
'10011',1,0.17538333333333334,0.0011390736977425595,0.35,6.5694527692101365
'01010',1,0.09765,0.0009327736417087856,0.35,3.7361788734891666
