states,flag,Avg0,SD0,frust0,time
'00001',1,0.2651733333333333,0.0005360555526767264,0.25,8.37635061759998
'11110',1,0.26499333333333336,0.0014756768691763795,0.25,8.346718847487947
'00000',1,0.23524333333333333,0.0012429087746983775,0.25,8.255209241780197
'11111',1,0.23459,0.001326876030381136,0.25,8.224406612439687
