states,flag,Avg0,SD0,frust0,time
'01011',1,0.17462333333333332,0.0010495184080752847,0.4,8.974587293290446
'11000',1,0.17266,0.0011110355529864895,0.4,8.951670414212186
'00110',1,0.07638333333333333,0.0006458758050550853,0.4,3.971422964664215
'00111',1,0.17352333333333333,0.00043865957441075354,0.4,8.992506584753242
'11001',1,0.07583000000000001,0.0005004664490919153,0.4,4.049241867249939
'10101',1,0.07648666666666666,0.00042129430198958114,0.4,3.9888358975194294
'10100',1,0.17475666666666667,0.0014119096603143221,0.4,9.00451728088043
'01010',1,0.07573666666666667,0.0007597514213360946,0.4,4.001417755358639
