states,flag,Avg0,SD0,frust0,time
'111110',1,0.5007366666666667,0.0020697879655226137,0.3,22.031112223886577
'000001',1,0.49926333333333334,0.0020697879655225972,0.3,22.134338259967716
