states,flag,Avg0,SD0,frust0,time
'111111',1,0.32687,0.0016625482449140194,0.3333333333333333,12.698465433848584
'000000',1,0.32632,0.0021442481199711906,0.3333333333333333,12.72428329025982
'011101',1,0.17320000000000002,0.00024385788210895797,0.3333333333333333,8.790738870336357
'100010',1,0.17361000000000001,0.0012172373091006833,0.3333333333333333,8.762059853597627
