states,flag,Avg0,SD0,frust0,time
'011111',1,0.4986,0.0010083980695472616,0.26666666666666666,16.826992432995066
'100000',1,0.5014,0.0010083980695472616,0.26666666666666666,16.830050744789418
