states,flag,Avg0,SD0,frust0,time
'11001',1,0.27065,0.00053962950252927,0.25,8.143363773897052
'00110',1,0.27130000000000004,0.0008705170877128083,0.25,8.200474828439885
'11111',1,0.13144333333333333,0.0001369509238944934,0.35,5.764429847707731
'00000',1,0.13229,0.0006512040130916546,0.35,5.729970607391967
'11110',1,0.041170000000000005,0.00011045361017187229,0.45,2.2338183393658215
'11011',1,0.056093333333333335,0.0004748567035315913,0.35,2.538650791903917
'00001',1,0.042050000000000004,0.000311555238547945,0.45,2.2553751841793015
'00100',1,0.05500333333333333,0.0010432108554309114,0.35,2.549248172271477
