states,flag,Avg0,SD0,frust0,time
'01110',1,0.29073,0.0014336201263468365,0.3,8.637647649232141
'11010',1,0.09922000000000002,0.0010476640682967016,0.4,5.70920872811508
'11000',1,0.07910666666666666,0.0005295490744229696,0.4,3.7280108428367194
'00101',1,0.09910000000000001,0.0008531119504496459,0.4,5.776413812295587
'00111',1,0.07858,0.0008768124086713192,0.4,3.700779400307096
'10001',1,0.29028000000000004,0.0004613747572924569,0.3,8.63982138695929
'01100',1,0.03117333333333333,0.0005230891149911463,0.5,2.0
'10011',1,0.031810000000000005,0.00047356801693808164,0.5,2.0
