states,flag,Avg0,SD0,frust0,time
'00011',1,0.050403333333333335,0.00017913371790059335,0.4,2.250269306866309
'00101',1,0.04973666666666667,0.0007430717028359731,0.4,2.2555874145484354
'11100',1,0.05020333333333333,0.0008972674567200619,0.4,2.2628697866324674
'10011',1,0.05010333333333333,0.00010873004286866838,0.4,2.259877120694392
'11010',1,0.049556666666666666,0.0005438954147832318,0.4,2.251840848764435
'01010',1,0.04931,0.00010230672835481883,0.4,2.2590545597950804
'01011',1,0.049673333333333326,0.0002786076492528916,0.4,2.2639717739241187
'01110',1,0.04972000000000001,0.0003212475680841814,0.4,2.259920444916666
'10010',1,0.04994333333333334,0.00039541820336898336,0.4,2.2580000260270787
'01100',1,0.0499,0.0003047403266170511,0.4,2.268475132083443
'10110',1,0.04928333333333334,0.000400777023071711,0.4,2.258961092521694
'10001',1,0.050263333333333333,0.0008841694156413429,0.4,2.261507476740659
'01101',1,0.05057333333333333,0.0006488108781112994,0.4,2.2633029112873553
'00110',1,0.050550000000000005,0.0003131559781748799,0.4,2.260704160068049
'00111',1,0.05026333333333333,0.0005266455691976862,0.4,2.265581748525467
'11000',1,0.04994333333333334,0.0010555356723273512,0.4,2.2601542967001116
'10101',1,0.04985333333333333,0.00015107025591499747,0.4,2.249014654715626
'01001',1,0.05063666666666666,0.00023669013968102248,0.4,2.267635910789789
'11001',1,0.050499999999999996,0.000796366749682582,0.4,2.263418643150676
'10100',1,0.04958333333333333,0.00037240957142491534,0.4,2.266095177120509
