states,flag,Avg0,SD0,frust0,time
'01000',1,0.2765633333333333,0.0008952591182941845,0.4,19.297438588676844
'10111',1,0.2772866666666667,0.0014402854655318378,0.4,19.302622219612207
'10110',1,0.22357333333333332,0.00016779617264871345,0.4,18.184704509278827
'01001',1,0.22257666666666667,0.0006416818180029426,0.4,18.042005844380935
