states,flag,Avg0,SD0,frust0,time
'00010',1,0.24499666666666667,0.0016688585586828067,0.25,8.167451234198042
'00100',1,0.25342333333333333,0.0015956259656392533,0.35,8.919378710705102
'11101',1,0.24615333333333334,0.0017737781397031756,0.25,8.139789674040422
'11011',1,0.2554266666666667,0.0008622580175845926,0.35,8.985622541301154
