states,flag,Avg0,SD0,frust0,time
'111111',1,0.50063,0.0014921349358106531,0.2,13.429119660334266
'000000',1,0.49937000000000004,0.0014921349358106573,0.2,13.412824378050724
