states,flag,Avg0,SD0,frust0,time
'00100',1,0.23254666666666668,0.0006738117112533953,0.45,9.918138677241062
'10010',1,0.2671666666666666,0.0006884443009826926,0.35,8.663399593293589
'01101',1,0.26841,0.0006337717780610488,0.35,8.673870409487757
'11011',1,0.23187666666666665,0.0006282957548444473,0.45,9.94690467812788
