states,flag,Avg0,SD0,frust0,time
'111111',1,0.4996633333333333,0.001775618827964557,0.26666666666666666,15.789243772548268
'000000',1,0.5003366666666667,0.0017756188279645332,0.26666666666666666,15.82804692996523
