states,flag,Avg0,SD0,frust0,time
'10001',1,0.27019666666666664,0.001310530003047967,0.35,12.362065251617878
'00110',1,0.13518666666666665,0.0005423610933276474,0.25,4.998505093784283
'10011',1,0.09369333333333334,0.0006145639827462146,0.35,4.975609045800229
'01100',1,0.09403,0.0008465222974027334,0.35,4.974577451642571
'01110',1,0.27115,0.00047770283649984914,0.35,12.34156292178144
'11001',1,0.13574333333333333,0.00036736297521056246,0.25,4.95908482128116
