states,flag,Avg0,SD0,frust0,time
'011111',1,0.49838000000000005,0.0012631178356221184,0.13333333333333333,12.155765482908116
'100000',1,0.5016200000000001,0.0012631178356221034,0.13333333333333333,12.145908368298914
