states,flag,Avg0,SD0,frust0,time
'01110',1,0.29736333333333337,0.0008835660070922152,0.2,7.679380392873422
'10001',1,0.29896000000000006,0.0011424826767468571,0.2,7.667370829133769
'10110',1,0.12110666666666665,0.0008991230295250017,0.4,6.482276439388826
'01001',1,0.12166666666666666,0.0004880118395649368,0.4,6.4917150309763345
'11001',1,0.08057666666666667,0.0013424687043734824,0.4,4.1328657851382715
'00110',1,0.08032666666666667,0.0006316820578599823,0.4,4.153559373888448
