states,flag,Avg0,SD0,frust0,time
'11111',1,0.34053,0.001014527804777497,0.15,8.168870604075048
'11011',1,0.15811666666666666,0.0011512698303274684,0.35,6.6834662103861815
'00100',1,0.15835333333333335,0.0002853457941204291,0.35,6.649813703023671
'00000',1,0.34299999999999997,0.0013142551756286387,0.15,8.179355723226228
