states,flag,Avg0,SD0,frust0,time
'001110',1,0.5010199999999999,0.0018041618552668607,0.3,24.296248946876958
'110001',1,0.49898,0.001804161855266856,0.3,24.127221829842274
