states,flag,Avg0,SD0,frust0,time
'01010',1,0.08783333333333333,0.0006227002132290884,0.45,5.49891702192254
'00011',1,0.22299000000000002,0.0009956237575844964,0.35,8.071487456489198
'10101',1,0.08695000000000001,0.00035580893749314794,0.45,5.476276364538439
'11100',1,0.22425333333333333,0.0010585629672133642,0.35,8.095842496299674
'01001',1,0.18960333333333335,0.00017931970208417256,0.25,6.260910487855728
'10110',1,0.18837,0.0007776888838089415,0.25,6.276615292176552
