states,flag,Avg0,SD0,frust0,time
'10010',1,0.07057000000000001,0.0005727710420985597,0.4,3.4939637625036557
'01110',1,0.14693333333333333,0.0006132065086267613,0.3,6.320862316347089
'01010',1,0.06978,0.0006445153217728771,0.4,3.4879935511475497
'01100',1,0.2126566666666667,0.000580191539254257,0.3,8.710319182353993
'10101',1,0.06927,0.0002477902338672763,0.4,3.5210671307038566
'10011',1,0.21262999999999999,0.0010043903623591847,0.3,8.725763929881543
'01101',1,0.07084,0.0004082482904638634,0.4,3.509554485852742
'10001',1,0.14732,0.0004543860326491928,0.3,6.271415411330165
