states,flag,Avg0,SD0,frust0,time
'11001',1,0.09271666666666667,0.0008722512380170193,0.45,5.716654043389734
'00000',1,0.10763333333333334,0.00046692849797610705,0.35,5.433701318175447
'11111',1,0.10769666666666666,0.00035036488915921987,0.35,5.406468565670134
'11110',1,0.29893333333333333,0.00023837412238373728,0.35,11.116910480151214
'00001',1,0.2998166666666667,0.0014464285518322713,0.35,11.156751137520976
'00110',1,0.09320333333333335,0.0007348620429864531,0.45,5.728603797625621
