states,flag,Avg0,SD0,frust0,time
'001',1,0.24886333333333333,0.0010434025536143125,0.3333333333333333,3.2130984668528355
'110',1,0.24962000000000004,0.0019309583113055562,0.3333333333333333,3.2046737225048205
'101',1,0.24991333333333335,0.0018259122529726303,0.3333333333333333,3.208351780921396
'010',1,0.25160333333333335,0.0005636981067517899,0.3333333333333333,3.2025136595580594
