states,flag,Avg0,SD0,frust0,time
'111111',1,0.5015233333333334,0.0005753453069437711,0.13333333333333333,12.695062364961025
'000000',1,0.4984766666666667,0.0005753453069437835,0.13333333333333333,12.67467932384909
