states,flag,Avg0,SD0,frust0,time
'01001',1,0.09231,0.000649153294684701,0.45,5.444252105718338
'11010',1,0.31726333333333334,0.001095455257973691,0.25,8.448053229087073
'00101',1,0.3160833333333333,0.0006798202376772397,0.25,8.4459478848893
'10110',1,0.09116,0.0008873556220591628,0.45,5.4625516835785275
'10101',1,0.09148666666666666,0.0004896483999315842,0.45,5.391468415096274
'01010',1,0.09169666666666666,0.0006035634920113111,0.45,5.469919547842847
