states,flag,Avg0,SD0,frust0,time
'001011',1,0.50027,0.00023280893453646182,0.3333333333333333,24.66495948670602
'110100',1,0.49973,0.00023280893453644038,0.3333333333333333,24.520753695311836
