states,flag,Avg0,SD0,frust0,time
'11111',1,0.4368366666666667,0.0015960228347015896,0.25,10.301187168023482
'00000',1,0.4364433333333333,0.0016874504107940236,0.25,10.3017062346273
'00010',1,0.0634,0.0004835976288885904,0.45,4.247499760046054
'11101',1,0.06332,0.00019131126469709118,0.45,4.196026026540225
