states,flag,Avg0,SD0,frust0,time
'10100',1,0.20371999999999998,0.0005000666622228203,0.35,7.386531440277804
'01011',1,0.20242000000000002,0.001159770092159082,0.35,7.4106748298247
'00110',1,0.04658,0.00022553639765383106,0.45,3.0586981803838533
'11101',1,0.20405666666666666,0.0010923166004211257,0.35,7.440965045085455
'00010',1,0.20304,0.0011658759225006135,0.35,7.426934598330035
'01111',1,0.04618333333333333,0.000488830804630349,0.45,3.0367965884875256
'11001',1,0.04681,0.0008045288476286393,0.45,3.0844604674222693
'10000',1,0.04719,0.00044452221541785655,0.45,3.0192623995903856
