states,flag,Avg0,SD0,frust0,time
'000000',1,0.5000766666666666,0.001527619789810992,0.16666666666666666,12.746796573288284
'111111',1,0.49992333333333333,0.0015276197898110092,0.16666666666666666,12.763423345044435
