states,flag,Avg0,SD0,frust0,time
'011111',1,0.2686733333333334,0.0005586491644036281,0.4,15.05990488407381
'100000',1,0.26955666666666667,0.0005572751165766996,0.4,15.146284164280369
'000111',1,0.23089666666666667,0.0009165636305728443,0.3333333333333333,13.428254246878959
'111000',1,0.23087333333333335,0.0007502147840600189,0.3333333333333333,13.414257807669927
