states,flag,Avg0,SD0,frust0,time
'10001',1,0.05016,0.0004877157642179184,0.4,2.2648977938150807
'01101',1,0.04978,0.00044862753667900126,0.4,2.259840120269917
'00011',1,0.04962666666666667,0.0008382654048026144,0.4,2.25915239739831
'10010',1,0.049003333333333336,0.000600351748745868,0.4,2.2530784752369324
'10011',1,0.05053333333333334,0.0005728486323240681,0.4,2.2583848487182583
'01100',1,0.050383333333333336,0.0008980472642845091,0.4,2.2614969255692974
'01110',1,0.04970666666666667,0.00015173075568987988,0.4,2.264896575265073
'00111',1,0.049326666666666664,0.00029408993333483925,0.4,2.267179591804712
'01001',1,0.04893666666666666,0.000642408661903689,0.4,2.2679964167934448
'11001',1,0.05033666666666666,0.0011516461647958058,0.4,2.2625210571440255
'10100',1,0.049773333333333336,0.00047723742053149736,0.4,2.2611955306277163
'10110',1,0.04918666666666666,0.00041643993831310446,0.4,2.254377189101065
'00101',1,0.050866666666666664,0.0006419414995845724,0.4,2.265890220155193
'10101',1,0.04988,0.0006197311244940573,0.4,2.2563754225019497
'00110',1,0.05091333333333333,0.00042405450383438,0.4,2.2605761561602473
'11010',1,0.04988,0.00014899664425751478,0.4,2.274773219902682
'11100',1,0.050416666666666665,0.00038125523675820684,0.4,2.247529206991997
'01010',1,0.05068666666666666,0.001003239198241819,0.4,2.261424162995525
'11000',1,0.05032333333333333,0.0003092284304882435,0.4,2.2560427387754713
'01011',1,0.05028,0.0005266877632905475,0.4,2.2574459210416005
