states,flag,Avg0,SD0,frust0,time
'110101',1,0.18007333333333334,0.0004644949467492227,0.3333333333333333,8.498522780066718
'010110',1,0.3198666666666667,0.0016052898665211766,0.26666666666666666,11.44432820815176
'001010',1,0.17989333333333332,0.0010068542871515978,0.3333333333333333,8.55348359230571
'101001',1,0.32016666666666665,0.0013277633657981138,0.26666666666666666,11.514163680855438
