states,flag,Avg0,SD0,frust0,time
'01100',1,0.03177,0.001077311468424986,0.5,2.0
'00001',1,0.2739333333333333,0.0019783045490745156,0.4,21.344706266307114
'11110',1,0.2725866666666667,0.0005762136949276845,0.4,21.355102147528076
'01001',1,0.19480333333333333,0.0015941629639267007,0.3,13.102621883912306
'10011',1,0.03136666666666667,0.0004702009026882973,0.5,2.0
'10110',1,0.19554000000000002,0.0010509360906671042,0.3,13.10374588419024
