states,flag,Avg0,SD0,frust0,time
'01011',1,0.050276666666666664,0.00018873850222522832,0.4,2.2593735355659104
'01100',1,0.049893333333333324,0.00032293790252754264,0.4,2.2525516210700594
'10011',1,0.049723333333333335,0.00047793537452486357,0.4,2.263865647777172
'10110',1,0.04959,0.0006254598308444761,0.4,2.2593701448400108
'00110',1,0.0501,0.0006275879752406555,0.4,2.2591223954275708
'00011',1,0.051160000000000004,0.0002736177382164138,0.4,2.258926714986494
'01010',1,0.05056666666666667,0.0002747524137999306,0.4,2.2598514342712814
'10010',1,0.04959,0.000433666538560062,0.4,2.2466801278719513
'00101',1,0.04915,0.0006155214591439238,0.4,2.2572995557035846
'01101',1,0.05037333333333333,0.0005478645412467918,0.4,2.258275837020793
'11100',1,0.0501,0.0002299275248130743,0.4,2.262916663418352
'10101',1,0.049949999999999994,0.0004047221268969604,0.4,2.2643043232216495
'00111',1,0.05051999999999999,0.00015748015748023625,0.4,2.2625846594669334
'11001',1,0.049783333333333325,0.00034198765409815127,0.4,2.2631505779658143
'10100',1,0.049896666666666666,0.0005438954147832318,0.4,2.2490961832307814
'11010',1,0.04992666666666667,0.0004294440850940005,0.4,2.2510153086200657
'01001',1,0.04936666666666667,0.0007445953412573964,0.4,2.2619995908568957
'10001',1,0.05002,0.00028178005607210863,0.4,2.2550413374482745
'01110',1,0.050219999999999994,0.00041044691089916574,0.4,2.2601317664625653
'11000',1,0.049793333333333335,0.00056817446459888,0.4,2.2657704777030307
