states,flag,Avg0,SD0,frust0,time
'00010',1,0.3715633333333333,0.0006843163660828784,0.3,13.302813280453444
'11101',1,0.37154333333333334,0.0008748841193108126,0.3,13.287104554868046
'00001',1,0.12848333333333334,0.0004652120185702663,0.4,8.29572711055522
'11110',1,0.12841,0.00042762912279996633,0.4,8.299436955385055
