states,flag,Avg0,SD0,frust0,time
'111111',1,0.49970333333333333,0.0018672142054110734,0.2,16.10955167705778
'000000',1,0.5002966666666667,0.0018672142054110734,0.2,16.096735129879054
