states,flag,Avg0,SD0,frust0,time
'101001',1,0.5004533333333333,0.0011897712198383312,0.3,17.27845062198962
'010110',1,0.49954666666666664,0.0011897712198383212,0.3,17.281431658576388
