states,flag,Avg0,SD0,frust0,time
'111111',1,0.5003000000000001,0.0003533647784749409,0.3333333333333333,35.93450744835695
'000000',1,0.4997,0.00035336477847497497,0.3333333333333333,35.89302799321222
