states,flag,Avg0,SD0,frust0,time
'10010',1,0.04933333333333333,0.0005311831657305751,0.4,2.253813510263645
'01101',1,0.05018,0.0002539028685672271,0.4,2.2641244705009527
'10011',1,0.050166666666666665,0.0003231442746239267,0.4,2.2488745660404104
'00011',1,0.050583333333333334,0.0002490426112580377,0.4,2.2596243207319837
'00111',1,0.050320000000000004,0.00020049937655763507,0.4,2.2648336720422444
'11100',1,0.04984333333333333,0.00022484562605386814,0.4,2.262972196156204
'11001',1,0.04950333333333334,0.0003002591473303635,0.4,2.26413670356389
'01010',1,0.050016666666666675,0.0006982995218545005,0.4,2.2644535015200606
'01100',1,0.04957,0.0008234480351950974,0.4,2.2655969782306653
'11010',1,0.049903333333333334,0.0006760834925428152,0.4,2.261837282730731
'10101',1,0.05010666666666667,0.00019938795238317553,0.4,2.2646085439696493
'00101',1,0.050113333333333336,0.0004722522866246629,0.4,2.2598460140458845
'01001',1,0.05037666666666666,0.0003706151043273274,0.4,2.2634834037022746
'00110',1,0.04998333333333333,0.0001225651754056689,0.4,2.2575586100994713
'01011',1,0.05019333333333333,0.00015627610892974668,0.4,2.269772420614527
'01110',1,0.049826666666666665,0.00022837590843947657,0.4,2.2581019261431265
'10110',1,0.04948,0.0006360817557515713,0.4,2.2629523974364347
'10100',1,0.049819999999999996,0.0005743402011583953,0.4,2.2617571924878477
'10001',1,0.050506666666666665,0.00048595838870787794,0.4,2.2650491837192903
'11000',1,0.05017333333333333,0.0008812995454945427,0.4,2.258296512669262
