states,flag,Avg0,SD0,frust0,time
'110001',1,0.21808333333333332,0.0008363545234461782,0.3333333333333333,10.270075597419064
'001110',1,0.21863,0.00024385788210895797,0.3333333333333333,10.217318473726523
'000000',1,0.28124,0.0010115664420425753,0.26666666666666666,10.012544663011676
'111111',1,0.2820466666666667,0.000938414738919946,0.26666666666666666,10.055077736993836
