states,flag,Avg0,SD0,frust0,time
'11111',1,0.1494066666666667,0.0009647221822311731,0.3,5.98339918312938
'00000',1,0.14748333333333333,0.0005704579057408387,0.3,5.994941218185129
'11101',1,0.10513333333333334,0.00042429025704371874,0.4,5.771521303654038
'10110',1,0.18044666666666667,0.0007539378105800375,0.3,6.560788985687061
'01001',1,0.17996,0.0007377443098165299,0.3,6.551002168557999
'11110',1,0.06580666666666667,9.977753031397264e-5,0.4,3.9389959578257887
'00010',1,0.10643999999999999,0.0004459446901429225,0.4,5.729784573783615
'00001',1,0.06532333333333333,0.0005190589775952463,0.4,3.9478159190393725
