states,flag,Avg0,SD0,frust0,time
'010101',1,0.5006499999999999,0.0010617281510192165,0.2,14.281831294516948
'101010',1,0.49935,0.0010617281510192248,0.2,14.217006470792507
