states,flag,Avg0,SD0,frust0,time
'101100',1,0.5000166666666667,0.0006637938100210238,0.26666666666666666,25.939456119223156
'010011',1,0.4999833333333333,0.0006637938100210072,0.26666666666666666,25.846651232776452
