states,flag,Avg0,SD0,frust0,time
'000110',1,0.49944666666666665,0.0008880815778344379,0.3,17.997047805260262
'111001',1,0.5005533333333333,0.0008880815778344234,0.3,18.005777346284592
