states,flag,Avg0,SD0,frust0,time
'01100',1,0.21025666666666668,0.001478926036765278,0.3,8.578415603022322
'10011',1,0.21029666666666666,0.0018031885339278536,0.3,8.563988712337283
'01110',1,0.28922333333333333,0.0005528913897764123,0.3,10.665725118853201
'10001',1,0.29022333333333333,0.0005863635580612225,0.3,10.61311513174111
