states,flag,Avg0,SD0,frust0,time
'01101',1,0.18273333333333333,0.0008071486163581683,0.35,7.193982344083327
'10110',1,0.11195333333333334,0.0006621345952464835,0.45,7.182204368835966
'11000',1,0.20565999999999998,0.0015370317715215438,0.35,8.021403910408557
'01001',1,0.11220333333333332,0.00011585431464655263,0.45,7.140771349713394
'10010',1,0.18151666666666666,0.00230839530602731,0.35,7.212611955221559
'00111',1,0.20593333333333333,0.0006503503329402976,0.35,8.027294111156818
