states,flag,Avg0,SD0,frust0,time
'0000',1,0.49979666666666667,0.0015792895730535115,0.3333333333333333,7.460260213696325
'1111',1,0.5002033333333333,0.001579289573053499,0.3333333333333333,7.461322979480191
