states,flag,Avg0,SD0,frust0,time
'111111',1,0.5004399999999999,0.0027458089275597237,0.26666666666666666,17.637236669223345
'000000',1,0.49956,0.0027458089275597237,0.26666666666666666,17.59802535892148
