states,flag,Avg0,SD0,frust0,time
'00101',1,0.09250000000000001,0.0011332548992467077,0.4,4.904781396172623
'10010',1,0.26279,0.000654879123706563,0.3,9.077207291495766
'01101',1,0.26304333333333335,0.002268631501343675,0.3,9.061949048071432
'00011',1,0.14407333333333336,0.0003092284304882475,0.4,6.760226683701609
'11100',1,0.1450766666666667,0.0011634813659396899,0.4,6.740767922027662
'11010',1,0.09251666666666668,0.00013816254517375593,0.4,4.91565982043555
