states,flag,Avg0,SD0,frust0,time
'00000',1,0.23461666666666667,0.0006462885492478404,0.3,7.553098288398565
'00011',1,0.20939666666666668,0.0007950821061724084,0.4,10.072054268741468
'11111',1,0.23537,0.00148332958801025,0.3,7.593889588223875
'10000',1,0.05488333333333334,0.0007278430844320471,0.4,3.2595141414128777
'11100',1,0.21038333333333334,0.00097386971521976,0.4,10.042696588224395
'01111',1,0.05535,0.000657875368135941,0.4,3.245167380065144
