states,flag,Avg0,SD0,frust0,time
'00111',1,0.2955433333333333,0.0013900919234193015,0.2,8.127658319477638
'11000',1,0.29425000000000007,0.0008705170877128204,0.2,8.130855217926381
'00011',1,0.10340333333333335,0.0003256105376400189,0.3,3.971964904528259
'10101',1,0.03134,0.0001344123010243733,0.5,2.0
'11100',1,0.10143666666666666,0.001286087952755261,0.3,3.9775308347329257
'00001',1,0.07160333333333334,0.00022065558884580439,0.4,3.240910398242628
'11110',1,0.0712,0.0010647065323364895,0.4,3.243268602525141
'01010',1,0.031223333333333336,0.0002898658693641288,0.5,2.0
