states,flag,Avg0,SD0,frust0,time
'01001',1,0.06466666666666666,0.0002379542439676633,0.35,2.9165457653109215
'01000',1,0.31742333333333334,0.0006811917661145158,0.35,13.120598775853006
'10111',1,0.31550000000000006,0.0013256193521017394,0.35,13.098817027670057
'11111',1,0.06851333333333333,0.00011323525167641714,0.35,3.082709863903639
'00000',1,0.06918999999999999,0.0005494239407476415,0.35,3.09121870473871
'10110',1,0.06487666666666667,0.00022065558884580436,0.35,2.911296497734094
'00011',1,0.04945333333333333,0.0003635320557468837,0.45,2.78402003358236
'11100',1,0.05037666666666666,0.0003395421754199149,0.45,2.798922288616071
