states,flag,Avg0,SD0,frust0,time
'111111',1,0.5009633333333333,0.0012724342375497763,0.13333333333333333,11.000236146283726
'000000',1,0.49903666666666674,0.0012724342375497763,0.13333333333333333,10.984336372469663
