states,flag,Avg0,SD0,frust0,time
'01010',1,0.33298,0.0015418819669481747,0.2,8.875231904180822
'11101',1,0.09816333333333334,0.0012158490403371969,0.3,3.7800931204274986
'10101',1,0.3355033333333333,0.0007897819670994939,0.2,8.862974369460725
'11001',1,0.06700666666666667,0.0006306786468206739,0.4,3.311511471876539
'00010',1,0.09835333333333333,0.0007290328448628944,0.3,3.808268494982883
'00110',1,0.06799333333333334,0.0011716749644087446,0.4,3.2894809484323315
