states,flag,Avg0,SD0,frust0,time
'11001',1,0.31749333333333335,0.00043698461706970996,0.35,19.38247307740509
'01001',1,0.1818,0.0009525754563287873,0.45,22.60483604701004
'10110',1,0.1832366666666667,0.0013403813719319744,0.45,22.594383221449657
'00110',1,0.31747000000000003,0.0018524038436582796,0.35,19.301406291095905
