states,flag,Avg0,SD0,frust0,time
'00100',1,0.43183666666666665,0.0010441051458332956,0.3,10.575455411985947
'11011',1,0.43278666666666665,0.0004534558657931513,0.3,10.584971304859842
'10100',1,0.06819333333333333,0.0005757507176624997,0.4,3.799845646131242
'01011',1,0.06718333333333333,0.0004919575410766921,0.4,3.7767519573273365
