states,flag,Avg0,SD0,frust0,time
'0000',1,0.4980366666666667,0.0014508005452929333,0.25,6.8999018142939015
'1111',1,0.5019633333333333,0.0014508005452929266,0.25,6.919845557933523
