states,flag,Avg0,SD0,frust0,time
'100000',1,0.5007266666666667,0.00035367907612536347,0.3333333333333333,37.00931782697348
'011111',1,0.4992733333333333,0.00035367907612534374,0.3333333333333333,36.86285456471591
