states,flag,Avg0,SD0,frust0,time
'0111',1,0.4990566666666667,0.0010523729799310072,0.3333333333333333,10.931077289127346
'1000',1,0.5009433333333333,0.001052372979931016,0.3333333333333333,10.989391191114946
