states,flag,Avg0,SD0,frust0,time
'10101',1,0.36041666666666666,0.0026072889282846173,0.3,15.072057241609725
'01010',1,0.3605766666666666,0.0009603587292719942,0.3,15.22032409912885
'10111',1,0.13987999999999998,0.0023637681781426834,0.4,14.811957569459137
'01000',1,0.13912666666666668,0.0009594906055935247,0.4,14.633245428878645
