states,flag,Avg0,SD0,frust0,time
'011010',1,0.29912,0.00037478882943152593,0.3,14.86284369220276
'100101',1,0.29799666666666663,0.0003256105376400107,0.3,14.964491805604247
'110010',1,0.20130333333333336,0.0008896566129068482,0.36666666666666664,14.134224641847803
'001101',1,0.20157999999999998,0.0008230431337420947,0.36666666666666664,14.206174042841257
