states,flag,Avg0,SD0,frust0,time
'10111',1,0.15717,0.00044519658579104016,0.35,6.300204375291108
'01000',1,0.15693666666666664,0.00015691469727919377,0.35,6.275304385940867
'01110',1,0.24546333333333334,0.001415305228171244,0.35,7.871306607838122
'00000',1,0.09627000000000001,0.0014142371324027173,0.35,4.79334877962216
'10001',1,0.24705666666666667,0.00042820036846732225,0.35,7.877398764460035
'11111',1,0.09710333333333333,0.0007358592860655446,0.35,4.807732916278359
