states,flag,Avg0,SD0,frust0,time
'10011',1,0.2505933333333333,0.001481808204713265,0.3,8.976716314285502
'00101',1,0.12550333333333333,0.0010005442963152054,0.4,5.745530232554015
'01100',1,0.24896666666666667,0.0016850783034888614,0.3,8.96359430654506
'01110',1,0.12492333333333334,0.00048814842915745067,0.3,4.790754906990087
'10001',1,0.12477,0.000559821400091139,0.3,4.805120952917092
'11010',1,0.12524333333333335,0.0010302858287334108,0.4,5.722742521688677
