states,flag,Avg0,SD0,frust0,time
'11110',1,0.39909,0.0003959797974644757,0.4,18.031699294457173
'00001',1,0.3956933333333333,0.0019683552073297573,0.4,17.98330586970297
'10111',1,0.10189,0.0009327736417087817,0.4,8.64248442871847
'01000',1,0.10332666666666666,0.0017570682652899114,0.4,8.59721246743137
