states,flag,Avg0,SD0,frust0,time
'11001',1,0.050359999999999995,0.0002860069929215034,0.4,2.253773394026897
'01001',1,0.04966,0.0005568363014986241,0.4,2.270004490004213
'01110',1,0.04987333333333333,0.0002288133640230755,0.4,2.2500912866258584
'11010',1,0.049893333333333324,0.0005367391255432077,0.4,2.2607489523932958
'00111',1,0.050050000000000004,0.0001930457631409348,0.4,2.271857643136163
'01011',1,0.049653333333333334,0.0005546370184383872,0.4,2.258329299940955
'10101',1,0.049903333333333334,0.0006401215162416875,0.4,2.264220015298322
'10100',1,0.04994333333333333,0.00043122564343456835,0.4,2.2652893495696342
'00101',1,0.05056,0.0010413772931395554,0.4,2.259797477187346
'00011',1,0.05031666666666667,0.0003714236873915763,0.4,2.2692462518576133
'10001',1,0.050403333333333335,0.0009428443962582345,0.4,2.2575724442484604
'10010',1,0.05044666666666667,0.00042460439103816233,0.4,2.260473837657002
'01010',1,0.05041,0.00043042614542644387,0.4,2.2600054023623426
'11100',1,0.049389999999999996,0.0009198188227399273,0.4,2.2562108403175434
'11000',1,0.049690000000000005,0.00013928388277184299,0.4,2.263491826057051
'01100',1,0.049969999999999994,0.00044698993277253923,0.4,2.2636595595469586
'00110',1,0.05009,0.0009932102832062623,0.4,2.253958729413098
'01101',1,0.05006,0.00037157323190276656,0.4,2.2601028274895842
'10011',1,0.04958333333333333,0.00012364824660660758,0.4,2.253445042379113
'10110',1,0.049743333333333334,0.000377918274528003,0.4,2.2523841535595426
