states,flag,Avg0,SD0,frust0,time
'01010',1,0.5002333333333333,0.0014910697129540708,0.45,19.75769682873288
'10101',1,0.49976666666666664,0.0014910697129540235,0.45,19.759913373034916
