states,flag,Avg0,SD0,frust0,time
'1011',1,0.4997566666666667,0.0016807604099203233,0.25,6.9057348453894605
'0100',1,0.5002433333333333,0.0016807604099203233,0.25,6.898384766867561
