states,flag,Avg0,SD0,frust0,time
'00001',1,0.08577,0.0005685654462475429,0.4,4.860648070523205
'00000',1,0.13610666666666668,0.000850346334671293,0.3,5.101840206007242
'01111',1,0.2797,0.0008013738203859674,0.4,10.41755580688348
'10000',1,0.27907333333333334,0.0010077477638554067,0.4,10.48606784530389
'11111',1,0.13331,0.0006953176732017319,0.3,5.1578932522919665
'11110',1,0.08604,0.0005030573194643572,0.4,4.897601939495171
