states,flag,Avg0,SD0,frust0,time
'10110',1,0.1722233333333333,0.0005800191567717492,0.35,7.957882261396239
'00100',1,0.15035333333333334,0.0009034132805950784,0.45,10.809644038046214
'10010',1,0.17759666666666665,0.0012500755532722362,0.35,9.91117526438031
'01101',1,0.1768533333333333,0.0006624365797736506,0.35,9.997115682823418
'01001',1,0.17198,0.0006903622237637327,0.35,7.950651886251318
'11011',1,0.15099333333333334,0.000162138486760212,0.45,10.799530900181372
