states,flag,Avg0,SD0,frust0,time
'10101',1,0.20666666666666667,0.001050851506583534,0.3,6.96206201199557
'01010',1,0.20754333333333333,0.001247245854762491,0.3,6.954090389474916
'11001',1,0.21576666666666666,0.0003750851755120224,0.3,6.760579448752725
'11011',1,0.07944666666666665,0.0004352266331719862,0.3,3.6621697271367197
'00110',1,0.21274666666666664,0.00022095751225568511,0.3,6.739400101217748
'00100',1,0.07783000000000001,0.0008000416655816529,0.3,3.663353726804979
