states,flag,Avg0,SD0,frust0,time
'101100',1,0.15894,0.0005771192828754385,0.36666666666666664,11.452351963698312
'010101',1,0.1825433333333333,0.00017152907107024953,0.3,10.978502060824452
'101010',1,0.18234666666666666,0.0010141115432841731,0.3,10.931783043893056
'000111',1,0.1584,0.0007610519036176151,0.36666666666666664,11.486715132328234
'010011',1,0.16016333333333335,0.0010056286038537686,0.36666666666666664,11.495704195838597
'111000',1,0.15760666666666667,0.0006219503374243224,0.36666666666666664,11.429880062094327
