states,flag,Avg0,SD0,frust0,time
'111101',1,0.5000333333333333,0.0019257956508645716,0.3,15.84752255123798
'000010',1,0.49996666666666667,0.0019257956508645453,0.3,15.859032867865034
