states,flag,Avg0,SD0,frust0,time
'111110',1,0.5010633333333333,0.0015245181388082935,0.3333333333333333,31.25528294540749
'000001',1,0.49893666666666664,0.0015245181388083022,0.3333333333333333,31.298833576552028
