states,flag,Avg0,SD0,frust0,time
'00011',1,0.15358333333333332,0.0006269680126520732,0.4,7.514759944689174
'11011',1,0.34773000000000004,0.001391042774324374,0.3,11.254501232413787
'00100',1,0.34528,0.001523176505421027,0.3,11.246440243837833
'11100',1,0.15340666666666666,0.0006723259791367744,0.4,7.469229529846882
