states,flag,Avg0,SD0,frust0,time
'10100',1,0.04961000000000001,0.0006322973983814908,0.4,2.269330824783244
'00111',1,0.04947000000000001,0.0003490940656422953,0.4,2.2656289723815686
'01011',1,0.04989,0.0005304714883949933,0.4,2.255943960897161
'10110',1,0.049743333333333334,0.0004784930047091127,0.4,2.262820077987238
'11001',1,0.05016666666666667,0.0009599421278852646,0.4,2.263444599619661
'01010',1,0.049543333333333335,0.0010770742262671057,0.4,2.255568556864072
'10010',1,0.05131,0.00033950945004030026,0.4,2.2687373232212007
'10011',1,0.050440000000000006,0.0005616641938620152,0.4,2.2586216938536214
'01001',1,0.05031666666666667,0.00023697163449568336,0.4,2.2616790532460276
'10101',1,0.05080666666666667,5.734883511361814e-5,0.4,2.2616452631397514
'01100',1,0.05003333333333334,0.0004538232646698,0.4,2.2549497801548397
'00011',1,0.04956333333333333,0.000803920946915112,0.4,2.2503113613449646
'11000',1,0.05047666666666667,0.0005893122168162556,0.4,2.251528598632067
'01110',1,0.04977333333333333,0.0004043375927228254,0.4,2.2640125882023154
'10001',1,0.0501,8.981462390204905e-5,0.4,2.261477874700166
'01101',1,0.04948333333333333,0.0004352266331719862,0.4,2.265207311349117
'00110',1,0.049916666666666665,0.00022881336402307275,0.4,2.25284604970397
'11100',1,0.04979333333333333,0.00020853989759489548,0.4,2.2485957555801104
'00101',1,0.04952,0.00016573070526208262,0.4,2.262513721584155
'11010',1,0.050043333333333335,0.00037809463835864545,0.4,2.2627882275846853
