states,flag,Avg0,SD0,frust0,time
'10110',1,0.05014333333333334,0.0006651482708556209,0.4,2.2677846565199418
'10010',1,0.05040666666666666,0.00019618585292749315,0.4,2.265444468200089
'01110',1,0.05045666666666667,0.0010124996570644149,0.4,2.2659097691929646
'10100',1,0.05003,0.0006922908829868175,0.4,2.2549524090770414
'01001',1,0.049826666666666665,0.0009098107251266917,0.4,2.262513910240852
'01101',1,0.05050333333333334,6.1282587702833e-5,0.4,2.2596517572288346
'01100',1,0.050216666666666666,0.0001925847576753898,0.4,2.258212405184633
'10001',1,0.049850000000000005,0.0005452216674589049,0.4,2.2445538511360863
'00110',1,0.05013,0.0006086597297888774,0.4,2.253793483243776
'00011',1,0.05018333333333334,0.0006796731240497542,0.4,2.2495520668259488
'00111',1,0.049363333333333335,0.0003968486977286034,0.4,2.2616399259792073
'01010',1,0.05002333333333333,0.0017382238699955243,0.4,2.2643036921069686
'10011',1,0.04991333333333334,0.00025616834742454495,0.4,2.267255265631847
'11100',1,0.05023333333333333,0.00026132142830026127,0.4,2.260566543086157
'11000',1,0.04965,0.0005400617248673222,0.4,2.26482385557585
'11010',1,0.049916666666666665,0.000518609251320834,0.4,2.25810868576088
'00101',1,0.04959333333333333,0.00022939534045447198,0.4,2.2573897886855576
'01011',1,0.04951,0.0004982636517614608,0.4,2.2705673138964495
'10101',1,0.05014,0.0004384062043356577,0.4,2.2578881966321553
'11001',1,0.04991,0.0005818934610390456,0.4,2.263023316723899
