states,flag,Avg0,SD0,frust0,time
'01110',1,0.16101666666666667,0.00014383632673594513,0.45,19.236450465009415
'11110',1,0.33864,0.0013713497001129986,0.35,16.492852776374225
'00001',1,0.33958666666666665,0.0004938510796676494,0.35,16.516526482415625
'10001',1,0.16075666666666666,0.0008505815004389048,0.45,19.36568231783119
