states,flag,Avg0,SD0,frust0,time
'00110',1,0.3280866666666667,0.0005668823119092322,0.15,7.673729195321232
'10001',1,0.09375333333333334,0.0009726367370309562,0.35,3.9272691857592044
'01110',1,0.09498666666666666,0.0009359605879641669,0.35,3.9062210215098507
'11001',1,0.32722999999999997,0.0013023312430663213,0.15,7.678748691887122
'01010',1,0.07838333333333333,0.0005495048275998624,0.45,4.698792116422638
'10101',1,0.07756,0.0011714094075087537,0.45,4.664546561325301
