states,flag,Avg0,SD0,frust0,time
'000000',1,0.4979166666666666,0.0003390509630653699,0.23333333333333334,15.293090970603693
'111111',1,0.5020833333333333,0.0003390509630653699,0.23333333333333334,15.276268457768312
