states,flag,Avg0,SD0,frust0,time
'10111',1,0.061636666666666666,0.0004454460935087692,0.45,4.212243277805052
'00001',1,0.44003333333333333,0.00203413099108413,0.35,12.106589169264355
'11110',1,0.43585999999999997,0.0009148041684790447,0.35,12.128672291139686
'01000',1,0.06247,0.0010826202781523448,0.45,4.2046167824268075
