states,flag,Avg0,SD0,frust0,time
'10100',1,0.18104,0.0009986991538997049,0.35,6.711561020218652
'10010',1,0.3202466666666666,0.0013718681504511427,0.25,7.36178840479197
'01101',1,0.31824,0.001269514342836135,0.25,7.3579432419031505
'01011',1,0.18047333333333335,0.00019344824171396222,0.35,6.7232037955664765
