states,flag,Avg0,SD0,frust0,time
'10110',1,0.05045666666666667,0.0005492014404771913,0.4,2.2587700404689772
'11000',1,0.04992,0.0003196873472629167,0.4,2.263915604223178
'10100',1,0.04905999999999999,0.0002141650453894534,0.4,2.2528878318256225
'00111',1,0.049993333333333334,0.0005892556509887901,0.4,2.261512392522891
'01010',1,0.049969999999999994,0.00031885210782848253,0.4,2.2579076395072026
'01100',1,0.04966999999999999,0.0002698147512646396,0.4,2.2605432846436138
'10011',1,0.04978666666666667,0.0007570703768841812,0.4,2.249848782766639
'11001',1,0.049883333333333335,0.00015107025591499598,0.4,2.266592710534318
'11100',1,0.049826666666666665,0.0005570358057511995,0.4,2.270680402823231
'11010',1,0.05037666666666666,0.0005470730197047644,0.4,2.2606590694279713
'10010',1,0.04934333333333333,0.000990633916013153,0.4,2.2657924294627922
'01101',1,0.05002333333333333,0.000332097709851917,0.4,2.251625869112157
'10001',1,0.04973333333333333,0.001253430847270357,0.4,2.2592954601596595
'10101',1,0.05028666666666667,0.0009845585587234292,0.4,2.2431773324009208
'00011',1,0.05027333333333334,0.0006913432979031183,0.4,2.266923615012033
'00110',1,0.05048333333333333,0.0006623359335630893,0.4,2.263662425807803
'01011',1,0.05038,0.00044698993277253923,0.4,2.2627080474599865
'01001',1,0.050626666666666674,0.00028825143345504584,0.4,2.261667975507675
'01110',1,0.05029,0.00012832251036613403,0.4,2.2626475207774863
'00101',1,0.04961666666666667,0.00030214051182998996,0.4,2.25229414156926
