states,flag,Avg0,SD0,frust0,time
'00011',1,0.5011966666666666,0.0013953812700795503,0.2,10.829810801156635
'11100',1,0.4988033333333333,0.0013953812700795707,0.2,10.84370516918006
