states,flag,Avg0,SD0,frust0,time
'010011',1,0.5001566666666667,0.0009252146898002895,0.36666666666666664,38.96124685800512
'101100',1,0.49984333333333336,0.0009252146898002445,0.36666666666666664,39.007395768698494
