states,flag,Avg0,SD0,frust0,time
'000000',1,0.50077,0.0017158282742357116,0.0,9.9858743694019
'111111',1,0.49923,0.0017158282742356869,0.0,9.98407500587029
