states,flag,Avg0,SD0,frust0,time
'000000',1,0.5006833333333334,0.0017300160564444136,0.23333333333333334,14.489920436237872
'111111',1,0.49931666666666663,0.0017300160564444496,0.23333333333333334,14.518703224248176
