states,flag,Avg0,SD0,frust0,time
'111111',1,0.49874,0.0006772001181334974,0.26666666666666666,32.21203706932854
'000000',1,0.5012599999999999,0.0006772001181334556,0.26666666666666666,32.22635038120932
