states,flag,Avg0,SD0,frust0,time
'011110',1,0.49976666666666664,0.0012670262647457274,0.3333333333333333,25.409740421074
'100001',1,0.5002333333333333,0.0012670262647457623,0.3333333333333333,25.455756462220005
