states,flag,Avg0,SD0,frust0,time
'11111',1,0.2935466666666667,0.0007179755489491783,0.2,8.063180318994176
'00000',1,0.29074333333333335,0.00048582118338152307,0.2,8.056560818966483
'10001',1,0.20897,0.0011202083139606955,0.4,7.472999991605993
'01110',1,0.20674,0.00046953878079095937,0.4,7.453771089926401
