states,flag,Avg0,SD0,frust0,time
'01110',1,0.3764066666666667,0.0016160101759855596,0.35,14.089102139121634
'10001',1,0.3755933333333334,0.0013328249030620037,0.35,14.05261259552747
'00001',1,0.08054,0.00045701932854822175,0.35,4.297155067910178
'11110',1,0.08126666666666667,0.0003857748335781152,0.35,4.231028566988211
'00110',1,0.042989999999999993,0.0004477350406955734,0.45,2.3887595047279233
'11001',1,0.04320333333333334,0.0006035634920113124,0.45,2.361771197573296
