states,flag,Avg0,SD0,frust0,time
'111111',1,0.5008800000000001,0.001980050504406382,0.23333333333333334,13.559401188780724
'000000',1,0.49912,0.0019800505044063944,0.23333333333333334,13.59638152915962
