states,flag,Avg0,SD0,frust0,time
'000100',1,0.5012766666666667,0.0014211810424979477,0.36666666666666664,30.334825481226687
'111011',1,0.49872333333333335,0.0014211810424979733,0.36666666666666664,30.30038900966476
