states,flag,Avg0,SD0,frust0,time
'11111',1,0.31581333333333333,0.00182593050859615,0.25,9.688646462294397
'00000',1,0.3171933333333334,0.0012479939458542753,0.25,9.68690856826536
'00011',1,0.09409000000000001,0.0017256303196223697,0.35,4.639168564466491
'01111',1,0.08971,0.0005198076567346837,0.35,4.605883612056946
'11100',1,0.09408,0.0007425631286294756,0.35,4.629008222156998
'10000',1,0.08911333333333334,0.00031351058816073596,0.35,4.597575319867917
