states,flag,Avg0,SD0,frust0,time
'101100',1,0.49955666666666665,0.0009562891241088546,0.3333333333333333,40.493467206975275
'010011',1,0.5004433333333335,0.0009562891241088547,0.3333333333333333,40.253679646561125
