states,flag,Avg0,SD0,frust0,time
'11111',1,0.5001133333333333,0.0005797317387282591,0.3,12.317236129783081
'00000',1,0.49988666666666665,0.0005797317387282719,0.3,12.37585234040138
