states,flag,Avg0,SD0,frust0,time
'111011',1,0.5007033333333334,0.00022454893057463236,0.3333333333333333,19.006210324843828
'000100',1,0.4992966666666667,0.00022454893057465518,0.3333333333333333,18.96777225038316
