states,flag,Avg0,SD0,frust0,time
'01001',1,0.37528,0.001992586259111521,0.2,10.104176359493634
'10110',1,0.37551333333333337,0.0006988721072000296,0.2,10.153392183496154
'10001',1,0.03129,0.00038270963754087324,0.5,2.0
'01110',1,0.03135333333333334,0.0004407821331325581,0.5,2.0
'10010',1,0.09322333333333332,0.0004781445620544325,0.4,5.949444790442492
'01101',1,0.09333999999999999,0.0003612016980395679,0.4,5.982114078703536
