states,flag,Avg0,SD0,frust0,time
'110001',1,0.27594,0.00012754084313139027,0.23333333333333334,10.641197013359873
'011010',1,0.22386999999999999,0.0009489292211048602,0.3,10.530868202093991
'001110',1,0.27545,0.0013902757520242739,0.23333333333333334,10.650891041144241
'100101',1,0.22474000000000002,0.0008787870428418164,0.3,10.571828237071335
