states,flag,Avg0,SD0,frust0,time
'01000',1,0.49815999999999994,0.0006612614208213376,0.35,27.373171528101064
'10111',1,0.5018400000000001,0.0006612614208213637,0.35,27.398688487525888
