states,flag,Avg0,SD0,frust0,time
'11111',1,0.2568566666666667,0.0003458644564308655,0.3,10.938383715915558
'11110',1,0.24312,0.0006790189000805973,0.3,8.263584618351237
'00000',1,0.25684,0.0012241187306248926,0.3,10.948185104816872
'00001',1,0.2431833333333333,0.0005850546033396294,0.3,8.255935054182194
