states,flag,Avg0,SD0,frust0,time
'10111',1,0.34363666666666665,0.0004722522866246746,0.35,12.787415605050699
'01000',1,0.3429933333333333,0.0013767675507829653,0.35,12.7047440869664
'11101',1,0.15617,0.0014443683740652834,0.35,8.773282936499594
'00010',1,0.1572,0.0008319054433447718,0.35,8.722761551624918
