states,flag,Avg0,SD0,frust0,time
'101001',1,0.5021266666666666,0.0014559380328693996,0.3,24.218085889303207
'010110',1,0.49787333333333333,0.0014559380328693784,0.3,24.186463770803215
