states,flag,Avg0,SD0,frust0,time
'110111',1,0.18289666666666668,0.001412806505584622,0.4,14.830469295746445
'001000',1,0.18386666666666665,0.0010241853130930705,0.4,14.935407603171148
'110001',1,0.3166933333333333,0.0013533251231278138,0.3333333333333333,17.77918279336527
'001110',1,0.31654333333333334,0.0002468917891618971,0.3333333333333333,17.793686276760877
