states,flag,Avg0,SD0,frust0,time
'00111',1,0.2964166666666666,0.00035668224265054976,0.2,8.274698830169767
'01000',1,0.16226333333333331,0.00046949145063804977,0.3,6.10745178533097
'01101',1,0.04163666666666666,0.0005546370184383869,0.4,2.2493769564608477
'10010',1,0.041890000000000004,0.00035440090293338566,0.4,2.2405648905923052
'11000',1,0.29646666666666666,0.0010160817989818543,0.2,8.282680558534828
'10111',1,0.16132666666666667,0.000706745278646346,0.3,6.113188540478638
