states,flag,Avg0,SD0,frust0,time
'00000',1,0.37387666666666663,0.0015638058987255832,0.25,10.658470292763672
'11111',1,0.3724166666666666,0.0020544315245071896,0.25,10.620517796678811
'10111',1,0.12771000000000002,0.0005944745579080723,0.35,7.405402593897819
'01000',1,0.12599666666666667,0.002162195386381374,0.35,7.422778549499463
