states,flag,Avg0,SD0,frust0,time
'10100',1,0.16090333333333334,0.0016131611478364097,0.4,7.354440422307249
'00110',1,0.17959999999999998,0.0012803384969087995,0.4,8.417902877576322
'11001',1,0.17919,0.0013101399416347267,0.4,8.445110168812933
'01111',1,0.16005,0.001335440002396212,0.4,7.334606306718707
'10000',1,0.15974000000000002,0.001034440267326564,0.4,7.370784017505522
'01011',1,0.16051666666666664,0.0008983441557789685,0.4,7.389971770229295
