states,flag,Avg0,SD0,frust0,time
'01001',1,0.23556333333333335,0.0009415353890793902,0.3,11.334645401275063
'11001',1,0.23387000000000002,0.0006986176827612376,0.3,11.32035034442633
'10110',1,0.23367000000000002,0.0009537295214053078,0.3,11.332194422598777
'11100',1,0.031096666666666665,0.0003920317447463762,0.5,2.0
'00110',1,0.2348866666666667,0.0006407460928913717,0.3,11.325379183740699
'00011',1,0.03091333333333333,0.0003795025984393541,0.5,2.0
