states,flag,Avg0,SD0,frust0,time
'00111',1,0.43345999999999996,0.0015042827748354614,0.4,34.88206765618559
'11000',1,0.4359466666666667,0.001249435428058951,0.4,34.561173365483
'00101',1,0.06510666666666666,0.0005210459565996967,0.4,3.200581193061805
'11010',1,0.06548666666666668,0.00026587382136812273,0.4,3.2291198857336543
