states,flag,Avg0,SD0,frust0,time
'101100',1,0.5002300000000001,0.00010984838035524273,0.3333333333333333,24.81176190005929
'010011',1,0.49977,0.00010984838035521746,0.3333333333333333,24.840046334507665
