states,flag,Avg0,SD0,frust0,time
'111000',1,0.23509666666666665,0.0010525313402565404,0.3333333333333333,14.086002543462103
'000111',1,0.23564,0.00030800432897390076,0.3333333333333333,14.17653395582487
'101010',1,0.26320999999999994,0.0009922701245124687,0.3333333333333333,14.944801835262536
'010101',1,0.2660533333333333,0.0006280304309682719,0.3333333333333333,14.917370558408662
