states,flag,Avg0,SD0,frust0,time
'01101',1,0.08478333333333334,0.0010329354072523408,0.4,4.282487624079114
'10001',1,0.24974333333333334,0.0009313908357337962,0.3,10.094363025206457
'10011',1,0.13362666666666664,0.0002710883414846292,0.3,5.980033801818217
'10010',1,0.08436666666666666,0.0002877885025886568,0.4,4.2893920135279116
'01100',1,0.13373333333333334,0.0006389748734409608,0.3,5.952258901469506
'10100',1,0.03106333333333333,0.0006413180871368652,0.5,2.0
'01110',1,0.25128666666666666,0.0009630622455941904,0.3,10.084186548285388
'01011',1,0.03139666666666666,0.0004927699485786659,0.5,2.0
