states,flag,Avg0,SD0,frust0,time
'010101',1,0.49888333333333335,0.000443946943776951,0.3333333333333333,36.51801144607615
'101010',1,0.5011166666666665,0.0004439469437769304,0.3333333333333333,36.48121185573049
