states,flag,Avg0,SD0,frust0,time
'111010',1,0.49946333333333337,0.001315201716679074,0.36666666666666664,29.547745111402822
'000101',1,0.5005366666666667,0.0013152017166790837,0.36666666666666664,29.48814676289879
