states,flag,Avg0,SD0,frust0,time
'10001',1,0.1699466666666667,0.0009363166605849152,0.4,7.676874285125263
'11100',1,0.17110999999999998,0.0011533429672044573,0.4,7.64207945295952
'01101',1,0.15814999999999999,0.00043366653856006837,0.3,6.6229297671945835
'00011',1,0.17164000000000001,0.0007912437466840936,0.4,7.6522618909746285
'10010',1,0.15708333333333332,0.0010632131593533935,0.3,6.611174908764112
'01110',1,0.17207000000000003,0.0010237512718754818,0.4,7.680509120379452
