states,flag,Avg0,SD0,frust0,time
'01111',1,0.07988333333333335,0.001352166985085625,0.4,3.7576095899594524
'01000',1,0.31071,0.0003234192325759265,0.3,8.94164939139263
'10011',1,0.030800000000000004,0.0001823915202707261,0.5,2.0
'01100',1,0.03149333333333334,0.00020531818125912835,0.5,2.0
'10111',1,0.3088766666666667,0.0024903056483536767,0.3,8.965138966333905
'01011',1,0.07989,0.0016537432287591308,0.4,3.7744981870456225
'10100',1,0.07913333333333333,0.001150256010151169,0.4,3.756593434152871
'10000',1,0.07921333333333334,0.0003564952859280044,0.4,3.7669494506360857
