states,flag,Avg0,SD0,frust0,time
'10010',1,0.10018666666666666,0.00017556258776351582,0.4,5.411645189599338
'01101',1,0.09934333333333334,0.0015342823150327404,0.4,5.347013766707602
'00110',1,0.031573333333333335,0.0006743062278289347,0.5,2.0
'11000',1,0.26748666666666665,0.0007663477597598283,0.3,8.094259698274302
'00111',1,0.2678,0.0013721758876567625,0.3,8.103416361904012
'01100',1,0.10121333333333334,0.000412660743091573,0.4,5.532223194509558
'10011',1,0.10117,0.0011233283877240304,0.4,5.606820453728211
'11001',1,0.031226666666666666,0.0003680881536926829,0.5,2.0
