states,flag,Avg0,SD0,frust0,time
'011001',1,0.49892000000000003,0.0010632340601516741,0.3333333333333333,37.767342526593644
'100110',1,0.50108,0.0010632340601517,0.3333333333333333,37.647609972559394
