states,flag,Avg0,SD0,frust0,time
'00010',1,0.10176333333333333,0.0011324702596045915,0.45,6.7621087475630395
'11101',1,0.10206,0.0003476588366008634,0.45,6.744365911321828
'01001',1,0.14259333333333335,0.0009187068206028674,0.35,6.823474762740496
'00001',1,0.25471,0.00019131126469708394,0.25,7.594485864866395
'11110',1,0.25603333333333333,0.00080404532763328,0.25,7.618995973544959
'10110',1,0.14284,0.0017823766904520144,0.35,6.81879850872474
