states,flag,Avg0,SD0,frust0,time
'00011',1,0.4158866666666667,0.0010464330949574486,0.25,13.001415651093948
'11100',1,0.4177133333333333,0.000731087470066958,0.25,13.104944932951364
'00000',1,0.04223,0.0003317629675938332,0.45,2.2321254637383756
'11111',1,0.041563333333333334,0.00010143416036468791,0.45,2.235461542259189
'01100',1,0.04132666666666667,0.00035188381921057795,0.45,2.2419314470112854
'10011',1,0.041280000000000004,0.0006364484791926728,0.45,2.2450123346371655
