states,flag,Avg0,SD0,frust0,time
'10111',1,0.45796333333333333,0.0015961272575275018,0.25,12.021999437491408
'01000',1,0.45635000000000003,0.002175515264636556,0.25,12.07320305299676
'11000',1,0.04244666666666667,0.0003362869145371086,0.45,2.361269847577548
'00111',1,0.04324,0.0002817800560721087,0.45,2.3935807407619794
