states,flag,Avg0,SD0,frust0,time
'111000',1,0.24972333333333332,0.0003412070078738442,0.36666666666666664,15.084082628946136
'101001',1,0.24935666666666667,0.0013158605127022,0.36666666666666664,15.059665300671176
'010110',1,0.25055999999999995,0.001766710691275358,0.36666666666666664,15.099220354891651
'000111',1,0.25035999999999997,0.0005601785429664316,0.36666666666666664,15.112378143653167
