states,flag,Avg0,SD0,frust0,time
'000000',1,0.4998933333333333,0.0030886063020217984,0.2,13.111347046849225
'111111',1,0.5001066666666667,0.0030886063020218227,0.2,13.110560043042431
