states,flag,Avg0,SD0,frust0,time
'011100',1,0.4987266666666667,0.001145260766036379,0.3,28.51349750636443
'100011',1,0.5012733333333333,0.0011452607660363268,0.3,28.523975188572198
