states,flag,Avg0,SD0,frust0,time
'01011',1,0.24605333333333335,0.0014594595651206657,0.4,12.18352195745345
'00111',1,0.20037000000000002,0.0007947746011710978,0.3,6.878847983939889
'11000',1,0.20199666666666669,0.0004506538459714749,0.3,6.911278515425199
'10100',1,0.24811666666666668,0.00122284731489894,0.4,12.26753324479647
'11010',1,0.05202333333333333,0.0006404338807055373,0.4,2.876086337764624
'00101',1,0.05144000000000001,0.00022686266036231462,0.4,2.8910796632251627
