states,flag,Avg0,SD0,frust0,time
'111111',1,0.49957,0.0018443607745413067,0.26666666666666666,23.89922838871637
'000000',1,0.50043,0.0018443607745413269,0.26666666666666666,23.852400932625617
