states,flag,Avg0,SD0,frust0,time
'10011',1,0.24821666666666667,0.0009862499119842215,0.4,12.144982296274023
'00101',1,0.20259666666666667,0.0005897645481225732,0.3,6.906311760239245
'11010',1,0.20036666666666667,0.0006604207413123521,0.3,6.8458327162493715
'01100',1,0.24652666666666667,0.0005239168721170279,0.4,12.189584312217923
'00111',1,0.05066333333333333,0.00016819301082057197,0.4,2.881846326419837
'11000',1,0.05163,0.0005246586191674206,0.4,2.8688346396327926
