states,flag,Avg0,SD0,frust0,time
'001011',1,0.4994133333333333,0.0020123673179174473,0.3,29.346260653845675
'110100',1,0.5005866666666666,0.0020123673179174594,0.3,29.185159517181802
