states,flag,Avg0,SD0,frust0,time
'111011',1,0.5004866666666667,0.0008914906368299816,0.26666666666666666,21.375354276483048
'000100',1,0.4995133333333333,0.0008914906368299818,0.26666666666666666,21.314719878594566
