states,flag,Avg0,SD0,frust0,time
'001110',1,0.4995666666666667,0.001997604120495901,0.16666666666666666,12.589109742500872
'110001',1,0.5004333333333334,0.001997604120495901,0.16666666666666666,12.583888643535268
