states,flag,Avg0,SD0,frust0,time
'010101',1,0.4999266666666667,0.001904246716041704,0.3333333333333333,22.004822984953773
'101010',1,0.5000733333333334,0.001904246716041678,0.3333333333333333,21.93325510781626
