states,flag,Avg0,SD0,frust0,time
'01101',1,0.15822666666666665,0.0009189244921222903,0.35,6.273294475377757
'10101',1,0.24833000000000002,0.0009737898472805457,0.35,7.922556012506596
'01010',1,0.24656999999999998,0.0007190734779329977,0.35,7.884020279568591
'10010',1,0.15618333333333334,0.0004663570401407975,0.35,6.283033206792912
'01001',1,0.09519333333333334,0.0003937286149395526,0.35,4.768069926651912
'10110',1,0.09549666666666666,0.000784615971174579,0.35,4.806020527172405
