states,flag,Avg0,SD0,frust0,time
'001110',1,0.5005333333333334,0.0005022836737232187,0.3,19.463066993208894
'110001',1,0.49946666666666667,0.0005022836737232187,0.3,19.560613045951104
