states,flag,Avg0,SD0,frust0,time
'01011',1,0.04973333333333333,0.0005890859209166525,0.4,2.2592066267117663
'01101',1,0.0499,0.0003150661306244558,0.4,2.2526415144011334
'11010',1,0.05039,0.0002717842281418608,0.4,2.255210494059545
'10011',1,0.04963666666666667,0.00019223827807061556,0.4,2.2499388685293336
'10110',1,0.05015333333333333,0.0005716253629393627,0.4,2.2626369179823578
'10100',1,0.050116666666666664,0.00026587382136812544,0.4,2.2620566614450426
'01110',1,0.04907333333333334,0.000416839963961658,0.4,2.2549154201724915
'00111',1,0.05073333333333333,2.4944382578491928e-5,0.4,2.2536118457247984
'10101',1,0.05027,0.0001512172829628482,0.4,2.266418478550673
'11001',1,0.04989,0.0004838043681765048,0.4,2.264904898541325
'01001',1,0.05001333333333333,0.00035122009560324913,0.4,2.259073084512693
'00011',1,0.05042,0.00024385788210895816,0.4,2.2568810250254234
'01100',1,0.04982333333333333,0.000894141425552405,0.4,2.255270645894686
'10010',1,0.05004,0.0005786766512195459,0.4,2.264806573941378
'11000',1,0.050043333333333335,0.0011138621498591708,0.4,2.267046929903131
'00110',1,0.05031666666666667,0.00046016905106227444,0.4,2.2505193888901016
'01010',1,0.050050000000000004,0.0006340872705445729,0.4,2.259620246454879
'11100',1,0.05024,0.0005255473337388349,0.4,2.257839618265318
'10001',1,0.04981,0.0008556868586112582,0.4,2.263979106550217
'00101',1,0.04934666666666667,0.0002266176417571119,0.4,2.2645242374193573
