states,flag,Avg0,SD0,frust0,time
'111111',1,0.49971666666666664,0.0005851685417229757,0.2,18.236453138968514
'000000',1,0.5002833333333333,0.0005851685417230113,0.2,18.228858158662295
