states,flag,Avg0,SD0,frust0,time
'11101',1,0.39760666666666666,0.0017764446390348327,0.35,14.752406346927776
'11011',1,0.10307,0.0006151964455900753,0.45,7.929702841902331
'00010',1,0.39760333333333336,0.0004814099661988351,0.35,14.778818283034914
'00100',1,0.10171999999999999,0.001011170938400958,0.45,7.933995261870845
