states,flag,Avg0,SD0,frust0,time
'11111',1,0.17238333333333333,0.0008267338682362679,0.35,7.9008235252242285
'10111',1,0.17784333333333335,0.0008379870059984346,0.35,9.914023024213483
'00000',1,0.17160333333333333,0.0011554604661730735,0.35,7.952552293699007
'10010',1,0.15042666666666668,0.0009041509215219005,0.45,10.845506550479186
'01000',1,0.1768166666666667,0.00042026446699932067,0.35,9.913855559292019
'01101',1,0.15092666666666665,0.0006805063474273275,0.45,10.874767297175831
