states,flag,Avg0,SD0,frust0,time
'01011',1,0.05026333333333333,0.00035235714205271397,0.4,2.262782122553265
'00111',1,0.04987666666666666,0.00013912424503139458,0.4,2.26290093834529
'11001',1,0.050056666666666666,0.00012229290885229635,0.4,2.2664902853293474
'11000',1,0.049550000000000004,0.00025961509971494256,0.4,2.253793147814006
'10110',1,0.05023333333333333,0.0008935447511021601,0.4,2.2580726767832484
'10100',1,0.050243333333333334,0.00019618585292749605,0.4,2.2585608966846147
'01110',1,0.05006,0.00041287609117829257,0.4,2.270065133962656
'10010',1,0.05050333333333334,0.00028288199345702917,0.4,2.2520241377090517
'01101',1,0.04997666666666667,0.0005268986830712551,0.4,2.2534916945049868
'10011',1,0.04996333333333333,0.0007464285334548472,0.4,2.2509615694286857
'11010',1,0.05059333333333333,0.0009947305609504969,0.4,2.263144515731239
'00101',1,0.05006333333333333,0.00027402351886086365,0.4,2.2595422960643194
'11100',1,0.050026666666666664,0.0002358436393507849,0.4,2.2588254203331672
'01001',1,0.04981333333333333,0.00037809463835864545,0.4,2.2560475949630696
'00110',1,0.04970333333333334,0.0004036775390773627,0.4,2.263435000652825
'10101',1,0.049589999999999995,0.00036120169803956697,0.4,2.2761712187764758
'01100',1,0.05058666666666667,0.0009058452161134121,0.4,2.265655820196314
'00011',1,0.049783333333333325,0.00035140985883849154,0.4,2.2522587382786123
'01010',1,0.04992333333333334,0.0005972343668015847,0.4,2.2588973579366503
'10001',1,0.049190000000000005,0.00014445299120013734,0.4,2.268171765262202
