states,flag,Avg0,SD0,frust0,time
'00111',1,0.5010366666666667,0.0016287486676041245,0.4,17.798823260921036
'11000',1,0.49896333333333337,0.0016287486676041247,0.4,17.859980820581487
