states,flag,Avg0,SD0,frust0,time
'00110',1,0.19997333333333334,0.0007127567763425445,0.35,8.714987808811005
'10110',1,0.29914,0.001592733499365163,0.25,9.488371875199482
'11001',1,0.20131666666666667,0.000871677820196322,0.35,8.690961469481454
'01001',1,0.29957000000000006,0.001063986215449565,0.25,9.47399376584106
