states,flag,Avg0,SD0,frust0,time
'001011',1,0.4997399999999999,0.0010902293336725328,0.3,21.701715719253958
'110100',1,0.50026,0.0010902293336725098,0.3,21.69256802936215
