states,flag,Avg0,SD0,frust0,time
'110101',1,0.49867,0.001251745448031131,0.36666666666666664,19.34573468599486
'001010',1,0.5013299999999999,0.0012517454480311435,0.36666666666666664,19.327979751183644
