states,flag,Avg0,SD0,frust0,time
'100010',1,0.4993833333333333,0.0003583604640891983,0.3,27.38595883213718
'011101',1,0.5006166666666667,0.0003583604640891596,0.3,27.54208853382136
