states,flag,Avg0,SD0,frust0,time
'111111',1,0.5009199999999999,0.000339509450040299,0.06666666666666667,10.324068151239517
'000000',1,0.49907999999999997,0.000339509450040299,0.06666666666666667,10.339993872643808
