states,flag,Avg0,SD0,frust0,time
'110010',1,0.2516333333333333,0.0012893495345414243,0.3333333333333333,13.13591408558924
'010110',1,0.24932666666666667,0.0005552977179455681,0.3333333333333333,13.137964492470331
'101001',1,0.24987666666666666,0.0007448638950991054,0.3333333333333333,13.150737684112562
'001101',1,0.24916333333333332,0.0009343209060893219,0.3333333333333333,13.104900576831364
