states,flag,Avg0,SD0,frust0,time
'11010',1,0.05017666666666667,0.00021483844059095987,0.4,2.255339379332
'01001',1,0.05003,0.0009484021650474364,0.4,2.2624862467257114
'00101',1,0.04965666666666666,0.0004014418457953212,0.4,2.259774057403039
'00110',1,0.04989333333333334,0.0006960044699728736,0.4,2.2626823696841
'00011',1,0.04926,0.0009499824559783541,0.4,2.25290234580708
'11000',1,0.05017333333333334,0.00030401023374587494,0.4,2.258560398604969
'01110',1,0.04992666666666667,0.00017969109295924856,0.4,2.261050228201396
'01010',1,0.050223333333333335,0.0009853031118504704,0.4,2.265138964575662
'10100',1,0.050576666666666666,0.0004786323107447823,0.4,2.263332879199527
'01100',1,0.05003,0.0011975252258999262,0.4,2.259711664304074
'00111',1,0.050243333333333334,0.00010274023338281621,0.4,2.256211746314603
'10110',1,0.049923333333333327,0.0010288288919392233,0.4,2.2635603434926304
'10101',1,0.05009666666666667,0.0004152375491477402,0.4,2.265977016425444
'10001',1,0.05002,0.0007397296803562782,0.4,2.2605643749664655
'11100',1,0.05018,0.00031874754901018565,0.4,2.2588356973368833
'10010',1,0.049686666666666664,0.0005471339466305815,0.4,2.2595977436666748
'01011',1,0.05044333333333333,0.0003938132665222024,0.4,2.2526529379577487
'10011',1,0.04937333333333333,0.00119231800381535,0.4,2.2568169670524543
'01101',1,0.050690000000000006,0.00017682382946499804,0.4,2.256715499231182
'11001',1,0.049396666666666665,0.00041667999978667536,0.4,2.254802737263232
