states,flag,Avg0,SD0,frust0,time
'00011',1,0.3709233333333333,0.00037276742823850654,0.4,15.540544368934382
'11100',1,0.37002666666666667,0.0005184806864505365,0.4,15.528364802548438
'10000',1,0.12924333333333335,0.001296593828288396,0.3,6.163970647431712
'01111',1,0.12980666666666665,0.0010534493606982514,0.3,6.164054400551815
