states,flag,Avg0,SD0,frust0,time
'1111',1,0.5012666666666666,0.001743565950063912,0.3333333333333333,10.973677734208934
'0000',1,0.4987333333333333,0.0017435659500638857,0.3333333333333333,10.955295607885406
