states,flag,Avg0,SD0,frust0,time
'010000',1,0.20467333333333335,0.0008228541115464431,0.26666666666666666,9.160468260858279
'111110',1,0.20511333333333334,0.0010784659887492424,0.26666666666666666,9.177886040809788
'101111',1,0.20556,0.0003510935297989213,0.26666666666666666,9.124422640376624
'000001',1,0.20430333333333336,0.000904887961143379,0.26666666666666666,9.154966080586782
'101001',1,0.09012666666666667,0.0001746106780494518,0.4,4.977870375285547
'010110',1,0.09022333333333334,0.0007611103000806713,0.4,4.964746765530415
