states,flag,Avg0,SD0,frust0,time
'00000',1,0.46365666666666666,0.0017629016484824798,0.15,8.838438520551533
'11111',1,0.4614766666666667,0.00167031600469957,0.15,8.865079199714547
'10101',1,0.03715333333333334,1.6996731711974802e-5,0.45,2.0
'01010',1,0.037713333333333335,0.0009827286276259345,0.45,2.0
