states,flag,Avg0,SD0,frust0,time
'111111',1,0.50054,0.0009562426470305336,0.2,22.015364133173218
'000000',1,0.49946,0.00095624264703058,0.2,21.9859995062009
