states,flag,Avg0,SD0,frust0,time
'00001',1,0.24357333333333334,0.0009515717991244115,0.25,7.164522957351338
'00110',1,0.12437999999999999,0.0007164263162856763,0.35,5.411734362103928
'11001',1,0.12507,0.0006094806532340974,0.35,5.408536340410886
'11110',1,0.24371333333333334,0.0015712061891708915,0.25,7.216707071759365
'01001',1,0.08866,0.0014843404820547978,0.35,4.818566922633404
'00010',1,0.04260333333333333,9.809292646374949e-5,0.45,2.3864871751130527
'11101',1,0.04352,0.0006275879752406574,0.45,2.3714563499560173
'10110',1,0.08848,0.0012920010319913367,0.35,4.793672126723105
