states,flag,Avg0,SD0,frust0,time
'100001',1,0.23181,0.0009538693132010693,0.3333333333333333,11.261585931520207
'111111',1,0.26722,0.0006211280061307841,0.26666666666666666,11.098325495089847
'011110',1,0.23329,0.0010141991914806444,0.3333333333333333,11.29487344542833
'000000',1,0.26768,0.0014670605531697384,0.26666666666666666,11.167092802690867
