states,flag,Avg0,SD0,frust0,time
'00100',1,0.5010733333333333,0.0013873075442100986,0.35,12.544886653275084
'11011',1,0.4989266666666667,0.0013873075442100986,0.35,12.545925982972472
