states,flag,Avg0,SD0,frust0,time
'0111',1,0.24846333333333334,0.0015430777326139004,0.3333333333333333,4.274018782224366
'1000',1,0.25027666666666665,0.001751500943635358,0.3333333333333333,4.272032800492833
'0100',1,0.25062,0.0011679326464598275,0.3333333333333333,4.272715456312029
'1011',1,0.25064000000000003,0.000949245314271646,0.3333333333333333,4.2968699728602235
