states,flag,Avg0,SD0,frust0,time
'00000',1,0.18681,0.0012097107092193561,0.3,7.776091684953965
'11111',1,0.18682333333333334,0.001403147256071938,0.3,7.846927473510415
'01010',1,0.3126333333333333,0.0015251302312334742,0.4,13.500345472969935
'10101',1,0.31373333333333336,0.001829122436822896,0.4,13.514624363082492
