states,flag,Avg0,SD0,frust0,time
'100000',1,0.49989333333333336,0.0009083807327082151,0.23333333333333334,17.13786045153779
'011111',1,0.5001066666666666,0.0009083807327082604,0.23333333333333334,17.202372540478027
