states,flag,Avg0,SD0,frust0,time
'01101',1,0.14441666666666667,0.0005281624329271724,0.4,6.23640527459202
'11001',1,0.35566000000000003,0.0016944615663980177,0.4,10.48921729726758
'00110',1,0.35597666666666666,0.0015324562709004763,0.4,10.491186608381506
'10010',1,0.14394666666666667,0.0002400462918318554,0.4,6.287775740057257
