states,flag,Avg0,SD0,frust0,time
'10101',1,0.2061833333333333,0.0007149048110685012,0.25,8.131277512541505
'01011',1,0.2003,0.0008270832283795094,0.25,6.198703794409014
'11101',1,0.09323,0.0009248062860224645,0.35,3.5312538319948175
'01010',1,0.20596666666666666,0.0010661561278203524,0.25,8.076315506189136
'00010',1,0.09413666666666666,0.0007635589186318387,0.35,3.5512035789655196
'10100',1,0.2001833333333333,0.0006449978466803057,0.25,6.214004021865395
