states,flag,Avg0,SD0,frust0,time
'01100',1,0.21064666666666668,0.0006760834925428203,0.3,8.599654130001804
'01110',1,0.28904,0.0006296559907335592,0.3,10.627884798014579
'10011',1,0.2085,0.0017123667831396396,0.3,8.60449790873409
'10001',1,0.2918133333333333,0.0012013695887980887,0.3,10.610371879435021
