states,flag,Avg0,SD0,frust0,time
'10111',1,0.08639000000000001,0.00019252705437591616,0.4,4.560600971821582
'11010',1,0.3286666666666667,0.0005246797965320287,0.2,7.691486829356268
'10000',1,0.08525333333333333,0.0005802489887013084,0.4,4.509282919357526
'01111',1,0.08507999999999999,0.0009782978414913668,0.4,4.514233217585233
'01000',1,0.08607333333333334,0.00047639852597961967,0.4,4.52789380075253
'00101',1,0.3285366666666667,0.0008998271438942529,0.2,7.667685100657256
