states,flag,Avg0,SD0,frust0,time
'10000',1,0.18906666666666663,0.0013181889933625737,0.3,6.339715373094861
'11011',1,0.18936666666666666,0.0005897080256835191,0.3,6.362211129199186
'00000',1,0.12136666666666666,0.0009301373853122739,0.2,4.214963903026937
'00100',1,0.18953333333333333,0.0014761737326239354,0.3,6.346174459838171
'01111',1,0.18941666666666665,0.001069901345400074,0.3,6.36584041641666
'11111',1,0.12125000000000001,0.0003307567081708267,0.2,4.195632101964971
