states,flag,Avg0,SD0,frust0,time
'10011',1,0.04988,0.0003043024810940587,0.4,2.253241459769597
'11010',1,0.04975000000000001,0.0005016638981097465,0.4,2.2626699210632832
'01011',1,0.04969333333333333,0.0007310874700669465,0.4,2.264609416166872
'10100',1,0.049776666666666664,0.00011671427600007844,0.4,2.267580509811511
'11000',1,0.04952666666666666,0.00056511552407942,0.4,2.2656845695488994
'01010',1,0.049923333333333327,0.0006715322446134313,0.4,2.2549093023764337
'10010',1,0.050436666666666664,0.0002023747898221414,0.4,2.264599429974599
'00110',1,0.04929999999999999,0.0007105397009785366,0.4,2.2583574322413433
'00011',1,0.05023,0.0007392338376093639,0.4,2.2598062772920713
'00101',1,0.050016666666666675,0.0016282778905607276,0.4,2.259746265374808
'10001',1,0.05033333333333334,0.00030401023374587494,0.4,2.252961921911708
'00111',1,0.05044333333333333,0.0006697926710723423,0.4,2.264923976507326
'10110',1,0.05058666666666667,0.0004677843757782243,0.4,2.2594134937631853
'01101',1,0.049993333333333334,2.624669291337222e-5,0.4,2.2519047932921015
'01001',1,0.04966,0.0009830903654632513,0.4,2.2520681515814687
'01100',1,0.04961000000000001,0.0006451873113032131,0.4,2.2671835759035397
'11100',1,0.05058666666666667,0.0009206640115819796,0.4,2.2663526386479855
'10101',1,0.04999,0.0002758018612458357,0.4,2.246207653392625
'01110',1,0.05052333333333333,0.0001020892855407571,0.4,2.257952387098307
'11001',1,0.049740000000000006,0.0003894440481849306,0.4,2.273838126031843
