states,flag,Avg0,SD0,frust0,time
'011010',1,0.24802666666666665,0.00036790699307780324,0.3333333333333333,17.964043731550532
'100101',1,0.25049,0.0003240370349204001,0.3333333333333333,17.836215408690364
'001110',1,0.25072333333333335,0.0009397280930614282,0.3333333333333333,17.944534877001203
'110001',1,0.25076,0.0007242007088277998,0.3333333333333333,17.935558954472167
