states,flag,Avg0,SD0,frust0,time
'01110',1,0.50158,0.0018676901955802603,0.4,15.386057094820657
'10001',1,0.49842000000000003,0.0018676901955802917,0.4,15.316953686028526
