states,flag,Avg0,SD0,frust0,time
'10010',1,0.10300666666666668,0.00047842333648024494,0.45,7.913342117230591
'11000',1,0.3973,0.0018874321179846473,0.35,14.78053949203045
'00111',1,0.39651666666666663,0.001755037194920817,0.35,14.811335666013491
'01101',1,0.10317666666666665,0.0005785230236463268,0.45,7.823754718350382
