states,flag,Avg0,SD0,frust0,time
'11101',1,0.19938333333333336,0.0011176264531984198,0.25,6.160233094267269
'00010',1,0.19816666666666669,0.0016096859597104296,0.25,6.163732067659378
'00000',1,0.15722333333333335,0.0006380351784101668,0.25,6.259516929270384
'11111',1,0.15687333333333334,0.000751457842389635,0.25,6.217640979085402
'01111',1,0.08864666666666665,0.0010617700106687633,0.35,3.431980568563022
'00111',1,0.05557666666666666,0.00045330882286680554,0.45,3.5724673351397294
'10000',1,0.08774333333333333,0.0008322793334505494,0.35,3.427015930217808
'11000',1,0.05638666666666667,0.0011715042561690613,0.45,3.506685894107493
