states,flag,Avg0,SD0,frust0,time
'10110',1,0.37920333333333334,0.0005724993934979867,0.3,11.579915290690758
'01001',1,0.38066,0.0013718843488671544,0.3,11.572135456616984
'01011',1,0.12002333333333333,0.0009229060383135194,0.4,6.7796475494958806
'10100',1,0.12011333333333334,0.0003184685576665637,0.4,6.861143078344924
