states,flag,Avg0,SD0,frust0,time
'00000',1,0.44219,0.0002624245923435405,0.15,8.402106893374262
'11111',1,0.44184666666666667,0.0006216823054333077,0.15,8.400967146200287
'10001',1,0.05828666666666666,0.0009629584045476146,0.45,3.6050038985819466
'01110',1,0.05767666666666666,0.000361693547388149,0.45,3.595467784771133
