states,flag,Avg0,SD0,frust0,time
'11010',1,0.40682,0.00032690467519855455,0.35,14.468881590788483
'01001',1,0.09343333333333333,0.00045057987329908897,0.45,5.62368689681779
'00101',1,0.40582,0.0009638810438361398,0.35,14.481245287499368
'10110',1,0.09392666666666666,0.0002688659310676781,0.45,5.674678994696478
