states,flag,Avg0,SD0,frust0,time
'11011',1,0.08574,0.00010677078252031461,0.45,9.538366282638966
'11010',1,0.41477,0.000975943987463763,0.35,14.93670493735595
'00101',1,0.4132533333333333,0.0011531213678051928,0.35,14.989583640742216
'00100',1,0.08623666666666667,0.0007737929668558362,0.45,9.60127654133754
