states,flag,Avg0,SD0,frust0,time
'010000',1,0.5000033333333334,0.0021586466953986516,0.3333333333333333,15.71401004215135
'101111',1,0.49999666666666664,0.0021586466953986516,0.3333333333333333,15.695955731329283
