states,flag,Avg0,SD0,frust0,time
'1100',1,0.49886333333333327,0.001086595089667196,0.0,5.419597234360123
'0011',1,0.5011366666666667,0.001086595089667209,0.0,5.428518177741522
