states,flag,Avg0,SD0,frust0,time
'11111',1,0.1772,0.0008532682266829425,0.25,6.353518609725772
'01011',1,0.05725333333333333,0.0004428945196720707,0.45,3.6608722496940156
'00100',1,0.2662533333333333,0.00044753646654646856,0.35,11.682831568120164
'00000',1,0.17475666666666667,0.0012533776587906667,0.25,6.380406291711785
'11011',1,0.26691,0.0006651315659326331,0.35,11.677432415370612
'10100',1,0.05762666666666666,0.0006018490028422587,0.45,3.6139663437274305
