states,flag,Avg0,SD0,frust0,time
'11111',1,0.28184000000000003,0.0013293607486307305,0.25,8.169491259983172
'00000',1,0.28109,0.00031283648551066426,0.25,8.2108188287097
'01111',1,0.21860333333333334,0.0006599663291074408,0.35,10.839271680162485
'10000',1,0.21846666666666667,0.0006458758050550843,0.35,10.869494262113731
