states,flag,Avg0,SD0,frust0,time
'10111',1,0.14365333333333333,0.0008947749561885398,0.35,5.472788597332567
'01101',1,0.1429033333333333,0.000824998316496603,0.35,5.412536995179568
'01000',1,0.14324333333333336,0.0008238257636714732,0.35,5.398799600118977
'00100',1,0.21336333333333335,0.0007795867851339869,0.35,8.874104573047722
'11011',1,0.21316333333333334,0.0013394609197567363,0.35,8.853639313484484
'10010',1,0.14367333333333335,0.0006513746148637461,0.35,5.440697856867591
