states,flag,Avg0,SD0,frust0,time
'001100',1,0.5001099999999999,0.001431246542936137,0.26666666666666666,26.843877422088298
'110011',1,0.49989,0.0014312465429361558,0.26666666666666666,26.90317550131775
