states,flag,Avg0,SD0,frust0,time
'00011',1,0.04999,0.0005101633725255719,0.4,2.258082381346874
'01011',1,0.04967,0.0005659210781254471,0.4,2.2570636099545207
'00111',1,0.050910000000000004,0.00013735598518691038,0.4,2.2532796270183275
'10101',1,0.049999999999999996,0.0006354525946126906,0.4,2.257254340528837
'10001',1,0.04980333333333334,0.0005197649041206588,0.4,2.2613163912741014
'10010',1,0.05013,0.0002513961017995322,0.4,2.267043899013956
'11001',1,0.04964333333333334,0.00032826141344293884,0.4,2.2586382738787054
'01001',1,0.05069333333333333,0.0005523485212154441,0.4,2.2419830760454125
'01100',1,0.050089999999999996,0.0006657827473483126,0.4,2.2465091449202164
'10011',1,0.05019333333333333,0.0009119332334234901,0.4,2.2633399655510495
'01110',1,0.04949,0.0002350886357667373,0.4,2.2535178262031184
'01101',1,0.049883333333333335,0.0006202329311548128,0.4,2.2633018247695262
'10100',1,0.050223333333333335,0.00011897712198383042,0.4,2.261620305390118
'01010',1,0.049883333333333335,0.000917108984193751,0.4,2.266366750640211
'00101',1,0.04948666666666667,0.0005287931752795429,0.4,2.2696752733192262
'11000',1,0.04996,0.00031968734726291404,0.4,2.2650008374111277
'11010',1,0.05003333333333334,0.00013474255287605197,0.4,2.2592939352857933
'00110',1,0.05026666666666666,0.0005153855083548855,0.4,2.2656330290299818
'11100',1,0.049859999999999995,0.0005886141916966226,0.4,2.261278609121765
'10110',1,0.04979,0.0004931531202375179,0.4,2.2583971600578665
