states,flag,Avg0,SD0,frust0,time
'011100',1,0.5010466666666668,0.0010824765842989547,0.26666666666666666,24.43412533052879
'100011',1,0.4989533333333333,0.0010824765842989733,0.26666666666666666,24.67289722702971
