states,flag,Avg0,SD0,frust0,time
'01001',1,0.49994333333333335,0.0003068477726097258,0.1,8.738456780148963
'10110',1,0.5000566666666667,0.00030684777260972816,0.1,8.750364636316833
