states,flag,Avg0,SD0,frust0,time
'100100',1,0.49956333333333336,0.0014786104588054637,0.3,17.38230624205298
'011011',1,0.5004366666666666,0.001478610458805441,0.3,17.4242464429282
