states,flag,Avg0,SD0,frust0,time
'01010',1,0.07390666666666666,0.0005389083616183952,0.4,3.3800430508725348
'00111',1,0.10210999999999999,0.000995690715031528,0.4,5.784327466728109
'01111',1,0.32366333333333336,0.001006920497799541,0.3,10.701128416479833
'10000',1,0.32439666666666667,0.0002458093208611431,0.3,10.717105461586073
'10101',1,0.07356333333333333,0.0008518737517313752,0.4,3.391730194586142
'11000',1,0.10236,0.0005174939613174234,0.4,5.7259268246337625
