states,flag,Avg0,SD0,frust0,time
'11000',1,0.11136666666666667,0.00046226495528959015,0.45,7.165290372670035
'01101',1,0.20567,0.0005678027826631436,0.35,8.041115534763563
'10111',1,0.1819133333333333,0.0007896975511056261,0.35,7.22869425192226
'01000',1,0.18238666666666667,0.0009428443962582292,0.35,7.222140127539787
'10010',1,0.20661666666666667,0.00026948510575210556,0.35,7.993700204934394
'00111',1,0.11204666666666667,0.0009034870717884648,0.45,7.1691250786056075
