states,flag,Avg0,SD0,frust0,time
'11110',1,0.31492000000000003,0.0009437160589923138,0.35,9.28783685346489
'11011',1,0.09268333333333333,0.00066263782633418,0.45,5.643455493104644
'00100',1,0.09295666666666667,0.00012256517540567305,0.45,5.642791570876504
'01000',1,0.09164333333333334,0.00045183576170501914,0.45,5.628081683630232
'10111',1,0.09279333333333334,0.0009525521274741641,0.45,5.63186323952736
'00001',1,0.31500333333333336,0.001241513413361105,0.35,9.249216328639342
