states,flag,Avg0,SD0,frust0,time
'110111',1,0.5000666666666667,0.0008901810053142382,0.26666666666666666,18.461770819238794
'001000',1,0.49993333333333334,0.0008901810053141931,0.26666666666666666,18.474934614820494
