states,flag,Avg0,SD0,frust0,time
'10101',1,0.20636333333333334,0.00040663934334438405,0.3,6.435024567931563
'00011',1,0.25088000000000005,0.0013417401636183779,0.3,8.14374850758221
'11100',1,0.2499566666666667,0.0009466549295047062,0.3,8.126973868852504
'11101',1,0.04261999999999999,0.00021648710508172643,0.4,2.3788713492889637
'01010',1,0.20765666666666668,0.0010502803858441253,0.3,6.441643604870002
'00010',1,0.04252333333333334,0.0003739280976634706,0.4,2.3981204576124253
