states,flag,Avg0,SD0,frust0,time
'01110',1,0.26304,0.001529466137796662,0.3,10.251835013364834
'10001',1,0.26209,0.0006637770710110256,0.3,10.231288846323475
'10011',1,0.17842000000000002,0.0009757390361498659,0.3,8.0306065532341
'00011',1,0.05883333333333333,0.0008108157757605742,0.4,2.6640723701584013
'01100',1,0.17833,0.0010660519061784272,0.3,8.058056296893307
'11100',1,0.05928666666666666,0.000369353790047187,0.4,2.6788007025361336
