states,flag,Avg0,SD0,frust0,time
'00011',1,0.04944333333333333,0.0008179785381590945,0.4,2.2598892344114794
'01011',1,0.050293333333333336,0.0002548637980482024,0.4,2.260618893128052
'10100',1,0.050403333333333335,2.8674417556808933e-5,0.4,2.26069356040129
'01101',1,0.05001,0.0006681816120387232,0.4,2.2659219432845563
'10001',1,0.050320000000000004,0.000335956346370577,0.4,2.259251071545153
'11001',1,0.049973333333333335,0.00014197026292697752,0.4,2.2525398641209256
'01110',1,0.04946999999999999,0.0015410602410894482,0.4,2.2560996236000435
'01100',1,0.05002,0.0004128760911782953,0.4,2.258961910558529
'10110',1,0.05028666666666667,0.0002819377393838758,0.4,2.2627777808047598
'11010',1,0.05016333333333334,0.00034653843782312153,0.4,2.273480386770751
'00101',1,0.04958333333333333,0.0003193048003954158,0.4,2.2591055604540364
'10011',1,0.05026666666666666,8.653836657164838e-5,0.4,2.25225893192266
'11000',1,0.04985333333333333,0.0005257587110283778,0.4,2.2610337909021374
'01001',1,0.04995,0.0004280965623158717,0.4,2.273782419108183
'11100',1,0.049793333333333335,0.00029578520735305206,0.4,2.262617245841748
'10010',1,0.0504,0.00022905603390145887,0.4,2.250666405594613
'00110',1,0.049993333333333334,0.0003607707797973074,0.4,2.2594720678353934
'01010',1,0.04994666666666667,0.0005063156678945998,0.4,2.2684475376729427
'10101',1,0.05027333333333334,0.00019567546828585497,0.4,2.2566185148046265
'00111',1,0.049556666666666666,0.00010077477638554161,0.4,2.259891454148461
