states,flag,Avg0,SD0,frust0,time
'111101',1,0.49937666666666664,0.001657655640421809,0.3,22.330315756165366
'000010',1,0.5006233333333333,0.0016576556404218278,0.3,22.3841290565524
