states,flag,Avg0,SD0,frust0,time
'10010',1,0.3448466666666667,0.0008966728624321174,0.3,11.227313539343461
'11111',1,0.15371666666666667,0.0007995971207774309,0.4,7.4713093959013435
'00000',1,0.15505333333333335,0.0007746540446475961,0.4,7.429382762161417
'01101',1,0.3463833333333333,0.0013623835322290466,0.3,11.24634904435763
