states,flag,Avg0,SD0,frust0,time
'0111',1,0.5005733333333333,0.0016752578574323565,0.25,8.948655923262733
'1000',1,0.4994266666666667,0.0016752578574323804,0.25,9.018773915691256
