states,flag,Avg0,SD0,frust0,time
'0111',1,0.5007466666666667,0.0011024316557299966,0.25,8.968577093500977
'1000',1,0.4992533333333333,0.0011024316557299945,0.25,8.96617826934032
