states,flag,Avg0,SD0,frust0,time
'111111',1,0.50151,0.001238170693671407,0.3,17.606958231025683
'000000',1,0.49849000000000004,0.001238170693671355,0.3,17.622710654781553
