states,flag,Avg0,SD0,frust0,time
'111111',1,0.50081,0.0012333963947842221,0.26666666666666666,25.9197793012253
'000000',1,0.49919,0.001233396394784198,0.26666666666666666,25.889731806941573
