states,flag,Avg0,SD0,frust0,time
'00000',1,0.5001866666666667,0.0012017302341022656,0.15,9.263529861237759
'11111',1,0.4998133333333333,0.0012017302341023133,0.15,9.242641069317154
