states,flag,Avg0,SD0,frust0,time
'01111',1,0.47007666666666664,0.0016789348475215538,0.3,10.877622674614793
'10000',1,0.46797333333333335,0.0015043123198177882,0.3,10.89939337144765
'10100',1,0.031023333333333337,0.0004833448274495372,0.5,2.0
'01011',1,0.03092666666666667,7.930251502246834e-5,0.5,2.0
