states,flag,Avg0,SD0,frust0,time
'111111',1,0.5009533333333334,0.0024173860998101863,0.13333333333333333,11.005142382922932
'000000',1,0.49904666666666664,0.0024173860998102023,0.13333333333333333,11.010553431134932
