states,flag,Avg0,SD0,frust0,time
'101010',1,0.49979666666666667,0.0020172974220200642,0.26666666666666666,30.20280280431189
'010101',1,0.5002033333333333,0.002017297422020087,0.26666666666666666,30.078921216614763
