states,flag,Avg0,SD0,frust0,time
'10010',1,0.15039333333333335,0.0004231889517566539,0.3,5.098794762919305
'11001',1,0.14965666666666666,0.0014904436326886822,0.3,5.095602393946959
'00110',1,0.15068,0.0007109149034870553,0.3,5.079239488760493
'00010',1,0.05023333333333333,0.0005468901982015141,0.3,2.254777680180788
'00000',1,0.14975,0.0009785703858180006,0.3,5.117282991345973
'11101',1,0.05006666666666667,0.0002088593359709421,0.3,2.2625939042803562
'11111',1,0.14869333333333334,0.0012846357027923782,0.3,5.12876283122995
'01101',1,0.15052666666666667,0.0003868964834279184,0.3,5.091829269212028
