states,flag,Avg0,SD0,frust0,time
'11111',1,0.46962666666666664,0.0011054511396810934,0.3,21.926165490414505
'00000',1,0.46835,0.0002290560339014626,0.3,21.97769196410928
'10110',1,0.031123333333333336,0.0005603173703853519,0.5,2.0
'01001',1,0.0309,0.0005939696961966986,0.5,2.0
