states,flag,Avg0,SD0,frust0,time
'00111',1,0.03121,0.0003024345659257006,0.5,2.0
'01000',1,0.24053999999999998,0.0008765082239583781,0.3,6.910683530915303
'11011',1,0.07622000000000001,0.0003432200460346124,0.4,3.5641883943831005
'01011',1,0.15287666666666666,0.001167399769668566,0.4,7.28439160093751
'00100',1,0.07646333333333334,0.00060960825307916,0.4,3.571310765383066
'10100',1,0.15100666666666665,0.0010091690751416343,0.4,7.301323840129755
'10111',1,0.24040666666666666,0.0011492702998956363,0.3,6.900250466566427
'11000',1,0.03127666666666667,0.0004540435612973218,0.5,2.0
