states,flag,Avg0,SD0,frust0,time
'01011',1,0.05024666666666666,0.0005933146064460423,0.4,2.263272556194023
'01110',1,0.05033000000000001,0.00019131126469708936,0.4,2.2601677761873353
'01001',1,0.04906,0.00020314198646923366,0.4,2.2621111854646587
'00011',1,0.04982999999999999,0.0003196873472629128,0.4,2.266132549543594
'11100',1,0.050166666666666665,0.0007734913631637333,0.4,2.249162000067567
'01100',1,0.05077333333333334,0.0004001943972066027,0.4,2.2635574736104167
'10100',1,0.04949,0.0004656178690729135,0.4,2.2552874507440674
'00110',1,0.05009666666666667,0.0004896483999315811,0.4,2.2686701841508343
'00101',1,0.050113333333333336,0.0006096082530791568,0.4,2.261719399595968
'11000',1,0.05016,0.00040406270140495,0.4,2.263402675120862
'01010',1,0.05010666666666667,0.0003586394041683421,0.4,2.260791180050274
'10010',1,0.04907333333333333,0.0007753422183497768,0.4,2.266609572168315
'10001',1,0.049749999999999996,0.0006445153217728802,0.4,2.2574826208812193
'10101',1,0.05013666666666666,0.0004407821331325581,0.4,2.254881659270793
'10011',1,0.049826666666666665,0.0004993551397107642,0.4,2.262766777906357
'11010',1,0.05022000000000001,0.00038893015654056415,0.4,2.2593543006491092
'01101',1,0.050263333333333333,0.0003586394041683421,0.4,2.2534212191548453
'00111',1,0.05071666666666667,0.00047232286509218334,0.4,2.263786160462708
'11001',1,0.05012,0.0007925065720021916,0.4,2.265474302997242
'10110',1,0.04952,0.00018493242008906888,0.4,2.2634699395681004
