states,flag,Avg0,SD0,frust0,time
'11111',1,0.19676000000000002,0.00036037018004638567,0.3,7.833397747862125
'11100',1,0.19741,0.0009103845341392792,0.3,7.81474179242385
'00000',1,0.19805333333333333,0.0008958174417195065,0.3,7.737883921678481
'11101',1,0.10522,0.0009013693286698132,0.4,7.4764432715922995
'00011',1,0.19692,0.0014383555425091059,0.3,7.81308150214598
'00010',1,0.10563666666666667,0.00018785337071473916,0.4,7.505620364889207
