states,flag,Avg0,SD0,frust0,time
'000000',1,0.5006200000000001,0.0015410602410894497,0.13333333333333333,11.80097948823314
'111111',1,0.4993800000000001,0.0015410602410894651,0.13333333333333333,11.7713902277667
