states,flag,Avg0,SD0,frust0,time
'01001',1,0.45314666666666664,0.0004365266951236279,0.35,16.285896654941137
'10110',1,0.45292333333333334,0.0007180683966184772,0.35,16.378969653881935
'11001',1,0.04705,0.00015895492023421971,0.45,3.03573859760815
'00110',1,0.04688,0.00045847573545390396,0.45,3.005153335755358
