states,flag,Avg0,SD0,frust0,time
'000000',1,0.5024033333333334,0.001320614335157019,0.2,14.542521341528536
'111111',1,0.4975966666666667,0.0013206143351570114,0.2,14.524742032150828
