states,flag,Avg0,SD0,frust0,time
'11111',1,0.3007433333333333,0.00107858961405882,0.1,6.914760336363639
'00001',1,0.19823,0.0011869568933481358,0.3,6.7664520633078835
'11110',1,0.19842333333333337,0.00076286011532623,0.3,6.793088060331617
'00000',1,0.30260333333333334,0.0012812580623052562,0.1,6.940920361280962
