states,flag,Avg0,SD0,frust0,time
'001',1,0.3737333333333333,0.000857684220574354,0.16666666666666666,3.595769758987858
'110',1,0.3753033333333333,0.0013106063058328616,0.16666666666666666,3.5983900095632873
'011',1,0.12561666666666665,0.0006883958809354495,0.5,2.0
'100',1,0.1253466666666667,0.0007784742913046141,0.5,2.0
