states,flag,Avg0,SD0,frust0,time
'111000',1,0.5005833333333333,0.001836161455016636,0.23333333333333334,19.26831015177115
'000111',1,0.4994166666666667,0.001836161455016675,0.23333333333333334,19.241038450856948
