states,flag,Avg0,SD0,frust0,time
'10011',1,0.049743333333333334,0.00017782638224465386,0.4,2.260401858972929
'10110',1,0.05013333333333333,0.0001225651754056689,0.4,2.2499724007498507
'00111',1,0.050403333333333335,0.0005712170243339112,0.4,2.251783304784546
'11000',1,0.04981333333333334,0.0004135483311805557,0.4,2.260644578630754
'11010',1,0.05016,0.0004907137658554118,0.4,2.2583003322330506
'01011',1,0.05002333333333333,0.00042851163604063397,0.4,2.268260717801554
'00101',1,0.050339999999999996,0.0004042276586281567,0.4,2.2596036372650494
'10001',1,0.04954,0.000602052046476605,0.4,2.265522170822809
'01100',1,0.050440000000000006,0.0009334166629467603,0.4,2.2619603834995687
'11001',1,0.050206666666666656,0.00042944408509399805,0.4,2.2659298460265718
'00110',1,0.05085,0.0003159113799786264,0.4,2.258290373561262
'01001',1,0.04960333333333333,0.000584370506518672,0.4,2.2710354585380395
'01010',1,0.049776666666666664,0.0010002110888318637,0.4,2.2542563270178437
'01110',1,0.05013,0.00019131126469709118,0.4,2.259974382341085
'10100',1,0.04925666666666667,0.00022305953365762217,0.4,2.2624614152439864
'11100',1,0.05017,0.0003608323710533754,0.4,2.2575104688320375
'01101',1,0.05005333333333333,0.00020677416559027783,0.4,2.2613268705779404
'10010',1,0.05010666666666667,0.00029169999809545614,0.4,2.2669021487180996
'10101',1,0.04967,0.0010085963844207785,0.4,2.2647775091771867
'00011',1,0.04957999999999999,0.0006337717780610526,0.4,2.262692522057217
