states,flag,Avg0,SD0,frust0,time
'000000',1,0.5002366666666667,0.0014459214670544639,0.23333333333333334,14.585485973715043
'111111',1,0.49976333333333334,0.0014459214670544639,0.23333333333333334,14.528342867852459
