states,flag,Avg0,SD0,frust0,time
'111000',1,0.11889333333333334,0.0013861537512924798,0.4,8.039232030871974
'101001',1,0.11811666666666666,0.0004613265895460896,0.4,8.070422773327318
'101100',1,0.17984666666666668,0.0009902973739684905,0.3333333333333333,9.307445535136175
'000111',1,0.11826999999999999,0.00033950945004030026,0.4,8.064766292683105
'010110',1,0.11922333333333333,0.0011685413509537818,0.4,8.071499014192812
'010011',1,0.18152000000000001,0.0005132250968142574,0.3333333333333333,9.331981537372986
'001110',1,0.08211333333333333,0.0009309970760188039,0.4,5.444516600806529
'110001',1,0.08201666666666667,0.0007530530452025845,0.4,5.43779069698088
