states,flag,Avg0,SD0,frust0,time
'10001',1,0.18357,0.0010750813922675829,0.3,5.611372398837869
'00010',1,0.07858666666666667,0.0010000444434568319,0.4,3.6266302715946925
'01101',1,0.20597333333333334,0.0015949573313693718,0.4,9.64715402130644
'11110',1,0.031536666666666664,0.00029578520735305293,0.5,2.0
'10010',1,0.20624333333333333,0.0009471829578046515,0.4,9.64866052488472
'11101',1,0.07739666666666667,0.0015251302312334573,0.4,3.646692196992882
'01110',1,0.18491,0.0014389116257319872,0.3,5.610294275688865
'00001',1,0.03178333333333333,0.0007706418681131254,0.5,2.0
