states,flag,Avg0,SD0,frust0,time
'001100',1,0.5004933333333333,0.0004099864496405896,0.3,19.288747957266228
'110011',1,0.4995066666666666,0.0004099864496405511,0.3,19.46762553429907
