states,flag,Avg0,SD0,frust0,time
'000001',1,0.4999633333333333,0.0016842868586503248,0.3,26.47580287601578
'111110',1,0.5000366666666666,0.001684286858650349,0.3,26.373901665779783
