states,flag,Avg0,SD0,frust0,time
'01010',1,0.2646933333333333,0.0007880073321711844,0.35,11.657805109113545
'01000',1,0.17586999999999997,0.0003350621832834477,0.25,6.357551822838874
'10111',1,0.17597666666666667,0.0012826361742737386,0.25,6.37184493937646
'10101',1,0.2676866666666667,0.0004277330423939325,0.35,11.704307096522237
'10001',1,0.05747,0.0001336662510384229,0.45,3.6308431403893446
'01110',1,0.058303333333333325,0.0005596030339048891,0.45,3.6659157293007856
