states,flag,Avg0,SD0,frust0,time
'01000',1,0.09864666666666666,0.00030728199137310726,0.4,9.181938611677902
'10111',1,0.09819333333333334,0.00018624953392931963,0.4,9.000708168608705
'11111',1,0.24459,0.0012662806429329394,0.3,11.413349993220734
'00000',1,0.2451266666666667,0.0006593599590174989,0.3,11.407053079384196
'10001',1,0.15625333333333333,0.0013542115377181143,0.4,10.901564582096844
'01110',1,0.15719000000000002,0.0001414213562373201,0.4,10.986729758664668
