states,flag,Avg0,SD0,frust0,time
'010001',1,0.50079,0.0024403415061557757,0.2,15.68115618377395
'101110',1,0.49921,0.0024403415061557826,0.2,15.639634814979722
