states,flag,Avg0,SD0,frust0,time
'01110',1,0.05009333333333333,0.0003057595278791654,0.4,2.2613723087634856
'11100',1,0.050083333333333334,0.0003007028803025048,0.4,2.263716955401844
'10100',1,0.04942,0.0006414566755959957,0.4,2.2567672574272404
'11001',1,0.049673333333333326,0.00044394694377694225,0.4,2.2601942958141286
'11010',1,0.050576666666666666,0.00012283683848459025,0.4,2.265330973816234
'01010',1,0.049406666666666675,0.0008749222187651232,0.4,2.2503094908964543
'01100',1,0.050283333333333326,0.00031414787742222225,0.4,2.2676990967049386
'10011',1,0.05031,0.00012328828005938014,0.4,2.25600843357908
'01011',1,0.04926666666666666,0.000481409966198826,0.4,2.2610149110945126
'10101',1,0.04992333333333334,0.0004590085934804364,0.4,2.2528244228231804
'11000',1,0.05053,0.0005741080037762931,0.4,2.26724507549851
'00011',1,0.050216666666666666,0.00043438334324521366,0.4,2.2585434273067135
'10010',1,0.04993333333333333,0.0004733802793620473,0.4,2.2747134020935964
'00101',1,0.050039999999999994,0.00032166234884839387,0.4,2.2639108643905073
'00110',1,0.05050333333333334,0.00047541794478355787,0.4,2.265769977628432
'10110',1,0.049710000000000004,0.0009355568751640206,0.4,2.2634553820133734
'10001',1,0.049833333333333334,0.0003551838334659324,0.4,2.264093623054952
'00111',1,0.049969999999999994,0.00023151673805580467,0.4,2.253471316529543
'01101',1,0.05024666666666666,0.0004706260605713303,0.4,2.264140470396491
'01001',1,0.049980000000000004,0.0005923399924592855,0.4,2.259101189425614
