states,flag,Avg0,SD0,frust0,time
'11111',1,0.3147233333333333,0.0012035872308321623,0.3,12.964328354376084
'00001',1,0.1851533333333333,0.0009225447896383692,0.4,14.588157036872323
'00000',1,0.31409000000000004,0.0010693300083073887,0.3,12.999625723811604
'11110',1,0.1860333333333333,0.0013594688505278625,0.4,14.713047473684872
