states,flag,Avg0,SD0,frust0,time
'100101',1,0.4996666666666667,0.0008708744009455128,0.23333333333333334,19.729614658741568
'011010',1,0.5003333333333333,0.0008708744009455378,0.23333333333333334,19.72481922605805
