states,flag,Avg0,SD0,frust0,time
'10001',1,0.4996366666666667,0.0012641290370140894,0.25,12.7643349681529
'01110',1,0.5003633333333334,0.0012641290370140894,0.25,12.730945293355058
