states,flag,Avg0,SD0,frust0,time
'01100',1,0.37029333333333336,0.00038663792996663485,0.35,15.813604057730302
'10011',1,0.3699866666666667,0.000253289469886842,0.35,15.871076833605903
'01011',1,0.05561666666666667,0.0001481740718059529,0.45,3.52677733436958
'10001',1,0.07452000000000002,0.001054166337285851,0.35,3.6466705976034177
'01110',1,0.07445333333333333,0.0006002406924633555,0.35,3.632349690497744
'10100',1,0.055130000000000005,0.0005824660218988472,0.45,3.526110967426245
