states,flag,Avg0,SD0,frust0,time
'000000',1,0.4992733333333334,0.002325759135326697,0.16666666666666666,13.05778280950535
'111111',1,0.5007266666666667,0.0023257591353266784,0.16666666666666666,13.047577678611882
