states,flag,Avg0,SD0,frust0,time
'00001',1,0.0506,0.0005678027826631353,0.4,2.7971918965591036
'11001',1,0.45073,0.001952349012514582,0.3,20.94506990821392
'11110',1,0.04992,0.00024097026095903774,0.4,2.771522791180196
'00110',1,0.44875,0.0021570968143935225,0.3,20.834212893274707
