states,flag,Avg0,SD0,frust0,time
'01110',1,0.4410866666666666,0.000950835889567116,0.2,10.847776174498117
'10001',1,0.44066333333333335,0.0003456716489515495,0.2,10.83210427813926
'00001',1,0.05931666666666666,0.00021202725191719126,0.4,2.6803908168048576
'11110',1,0.05893333333333334,0.0007512360185424781,0.4,2.679447869833312
