states,flag,Avg0,SD0,frust0,time
'11111',1,0.3285633333333333,0.00043399948796690795,0.2,8.774884214467845
'11101',1,0.13903333333333334,0.0006424086619036889,0.3,5.744003177877546
'00000',1,0.33000999999999997,0.0008057708524553664,0.2,8.78948508865546
'10011',1,0.031253333333333334,0.00019067132861433543,0.5,2.0
'00010',1,0.13933333333333334,0.0004858211833815204,0.3,5.780415629509357
'01100',1,0.03180666666666667,0.0009212069377844612,0.5,2.0
