states,flag,Avg0,SD0,frust0,time
'10100',1,0.18189666666666668,0.0011782850060811055,0.35,7.031002563019794
'01011',1,0.18142999999999998,0.001553726702694737,0.35,7.0227490063205025
'10010',1,0.10735666666666666,0.00015326085243430143,0.45,6.540283560230274
'01101',1,0.10616333333333333,0.0008896566129068534,0.45,6.649672599129805
'10011',1,0.10521333333333333,0.00035188381921057795,0.35,3.9112229841222614
'01010',1,0.10687333333333333,0.0013750717153015045,0.45,6.596817433864991
'10101',1,0.10562666666666666,0.00037043517951488013,0.45,6.590492541702432
'01100',1,0.10543999999999999,0.0004955804677345526,0.35,3.901344971031888
