states,flag,Avg0,SD0,frust0,time
'00001',1,0.18572,0.0005025932749251549,0.3,7.8005670846214805
'00100',1,0.31359000000000004,0.0006151964455900753,0.4,13.543278817960363
'11011',1,0.31337,0.001998315957667027,0.4,13.470922231406725
'11110',1,0.18732000000000001,0.0019788380428928513,0.3,7.780734225263035
