states,flag,Avg0,SD0,frust0,time
'10100',1,0.05010666666666667,0.0004449968788904264,0.4,2.2616254993385754
'11100',1,0.049833333333333334,0.0007448191428498309,0.4,2.264154293374326
'00011',1,0.04987,0.000914002188181189,0.4,2.2689312156474677
'11000',1,0.050216666666666666,0.0005279730632859539,0.4,2.2567748615962615
'10011',1,0.04926666666666666,0.0006904265992043541,0.4,2.2557006861410582
'00101',1,0.049210000000000004,0.0005184592558726292,0.4,2.2663557279031576
'01100',1,0.04935333333333333,0.00019754043186705458,0.4,2.2565091075653267
'10101',1,0.04951,0.0009652288157046836,0.4,2.2592447919710996
'01101',1,0.04964333333333334,0.0007255496001116848,0.4,2.260264693850211
'11010',1,0.05035,0.0006782821438506749,0.4,2.2685221111889557
'00111',1,0.049389999999999996,0.0016878586038725709,0.4,2.2645933805693113
'10110',1,0.050686666666666665,0.00030879694874715936,0.4,2.259940660853328
'11001',1,0.05015,0.0005559376463837171,0.4,2.252435625233399
'10001',1,0.05019666666666667,0.00027860764925289336,0.4,2.2665407638325274
'01011',1,0.05026666666666666,0.0003961761673240282,0.4,2.2565784650164074
'01001',1,0.04972000000000001,0.0004042276586281539,0.4,2.2628335399889488
'01010',1,0.050249999999999996,0.0003023243291566186,0.4,2.2622676807736664
'10010',1,0.05119666666666667,0.0006878145744958373,0.4,2.2654919188600737
'00110',1,0.050660000000000004,0.0008828740944589253,0.4,2.2574534080706257
'01110',1,0.05012333333333333,0.0006251044357189889,0.4,2.274461314120835
