states,flag,Avg0,SD0,frust0,time
'1011',1,0.5011,0.001181298720335664,0.25,7.644301232436898
'0100',1,0.49890000000000007,0.0011812987203356836,0.25,7.685274024605103
