states,flag,Avg0,SD0,frust0,time
'100011',1,0.49987333333333334,0.0023664647801215103,0.3333333333333333,30.873514890167375
'011100',1,0.5001266666666666,0.0023664647801214973,0.3333333333333333,30.926048039302128
