states,flag,Avg0,SD0,frust0,time
'01011',1,0.2698933333333333,0.002067435340920941,0.35,11.193227264233593
'10000',1,0.18746,0.0006762149559619809,0.35,8.41345881990707
'01111',1,0.18846666666666667,0.0005808805576211254,0.35,8.401964847104969
'10100',1,0.2689066666666667,0.001230401921686119,0.35,11.248320779254698
'01110',1,0.04272,0.0010836973747315238,0.45,2.3722139744094157
'10001',1,0.04255333333333333,0.000579789233735465,0.45,2.371664406149298
