states,flag,Avg0,SD0,frust0,time
'01000',1,0.19914666666666667,0.001275678468719898,0.3,14.542877712016738
'11100',1,0.07236666666666665,0.0008532421826317637,0.4,3.3302044117658007
'10000',1,0.03165,0.0006083310502240269,0.5,2.0
'10101',1,0.19724666666666668,0.0008207449190962015,0.4,18.180491558682974
'00011',1,0.07265666666666666,0.0005007549855523708,0.4,3.370020573287134
'10111',1,0.19874999999999998,0.0013932934603545243,0.3,14.641522080313893
'01111',1,0.03047,0.0005028584956691751,0.5,2.0
'01010',1,0.19771333333333332,0.0007879227260475535,0.4,18.24642342200443
