states,flag,Avg0,SD0,frust0,time
'001000',1,0.5002866666666667,0.0011456972646481348,0.3333333333333333,28.141368414993064
'110111',1,0.4997133333333333,0.0011456972646481545,0.3333333333333333,27.959455488899835
