states,flag,Avg0,SD0,frust0,time
'001011',1,0.501,0.00039217343102253613,0.3,14.087856792641695
'110100',1,0.49899999999999994,0.0003921734310225583,0.3,14.069993848488743
