states,flag,Avg0,SD0,frust0,time
'001101',1,0.4996066666666667,0.0014755865123927867,0.3333333333333333,34.279791269039606
'110010',1,0.5003933333333334,0.0014755865123928262,0.3333333333333333,34.33275392999338
