states,flag,Avg0,SD0,frust0,time
'10010',1,0.5020133333333333,0.00045020982762363,0.3,13.679893489434116
'01101',1,0.49798666666666663,0.0004502098276236339,0.3,13.729786803967366
