states,flag,Avg0,SD0,frust0,time
'01011',1,0.04935333333333333,0.0001913693345920963,0.4,2.263960912938869
'00011',1,0.04942,0.0004172129751897321,0.4,2.256080932304266
'01110',1,0.04990333333333333,0.0004608928532991409,0.4,2.2779951216905365
'10110',1,0.04939000000000001,0.00047518417482067,0.4,2.263548839738593
'11000',1,0.05016999999999999,0.0006265780079128231,0.4,2.2620239293447297
'01100',1,0.05021,0.0002458997085534397,0.4,2.248729696486963
'11001',1,0.05048666666666666,0.0007819775501182158,0.4,2.2615431401815296
'00110',1,0.050449999999999995,0.0004393935214209082,0.4,2.2530741073868414
'01001',1,0.05002333333333333,0.00032826141344293705,0.4,2.2678736778741087
'01101',1,0.05031666666666667,0.00031982634176829313,0.4,2.2651675129648208
'11100',1,0.04913,0.0005435071296680487,0.4,2.269440775112374
'10010',1,0.049859999999999995,0.00027652606869274797,0.4,2.246860086792647
'10001',1,0.05035666666666666,0.00020038851153585439,0.4,2.2679523082169033
'10101',1,0.05048333333333333,0.0006154853550022322,0.4,2.265304896643652
'10011',1,0.05053,0.0006033793720924401,0.4,2.2666269509156645
'00101',1,0.050243333333333334,5.3124591501696705e-5,0.4,2.268942470273515
'10100',1,0.05079999999999999,0.000494233413142684,0.4,2.2570550304853376
'01010',1,0.04916,0.0006974716242734663,0.4,2.2664640915433725
'00111',1,0.049833333333333334,0.0009275175949214577,0.4,2.25733780298012
'11010',1,0.04988,0.0004754646849837189,0.4,2.2575377097621474
