states,flag,Avg0,SD0,frust0,time
'110111',1,0.5011266666666666,0.0006162971866090258,0.26666666666666666,24.953739656892754
'001000',1,0.49887333333333334,0.0006162971866090412,0.26666666666666666,25.042402808018014
