states,flag,Avg0,SD0,frust0,time
'10110',1,0.31337333333333334,0.0016891089037977744,0.3,12.923718763824974
'01001',1,0.31594333333333335,0.0015893884218640567,0.3,13.014657565714145
'10100',1,0.18543666666666667,0.00045536310297998014,0.4,14.570298164720832
'01011',1,0.18524666666666667,0.0007801851632073539,0.4,14.701349313091363
