states,flag,Avg0,SD0,frust0,time
'00000',1,0.32780000000000004,0.00023720595832875022,0.15,7.678965190298075
'00100',1,0.09450666666666667,0.0004694204464609074,0.35,3.917816299620815
'11111',1,0.32781333333333335,0.00066664999979166,0.15,7.669081994825251
'01100',1,0.07870666666666666,0.0007558365490560023,0.45,4.6855807493143695
'11011',1,0.09302333333333333,0.0005325619421459079,0.35,3.881878231590155
'10011',1,0.07815,0.00042551929059287823,0.45,4.712104560312351
