states,flag,Avg0,SD0,frust0,time
'100110',1,0.49868333333333337,0.001083246150338062,0.36666666666666664,28.491513243344702
'011001',1,0.5013166666666667,0.001083246150338079,0.36666666666666664,28.605675287388653
