states,flag,Avg0,SD0,frust0,time
'00111',1,0.30717,0.0010991208608095231,0.3,13.86572802323307
'01111',1,0.16081666666666666,0.0014723526147707316,0.4,13.021002144233
'11000',1,0.30863666666666667,0.0018377220198447163,0.3,13.784149522797494
'01010',1,0.03074666666666667,0.0006085136718997284,0.5,2.0
'10000',1,0.16153000000000003,0.0016837458240482738,0.4,13.10358691200996
'10101',1,0.0311,0.0003184336665618141,0.5,2.0
