states,flag,Avg0,SD0,frust0,time
'10010',1,0.38962666666666673,0.0012544941432926524,0.25,11.95130195574773
'01101',1,0.38877,0.002304141199377048,0.25,11.935259015195529
'11100',1,0.05575333333333334,0.0008503463346712862,0.45,3.5361612997944243
'00011',1,0.05533,0.0002628053779256947,0.45,3.5270793606082607
'00101',1,0.05525,0.0007788452991448311,0.45,3.494980793869582
'11010',1,0.05526999999999999,0.0005021951811795895,0.45,3.5319300693722
