states,flag,Avg0,SD0,frust0,time
'01111',1,0.20615666666666668,8.730533902472112e-5,0.35,7.975130356081707
'00100',1,0.11270333333333332,0.0005585894934764008,0.45,7.178161150989594
'11011',1,0.11145,0.0007216647421067459,0.45,7.166997807957517
'10000',1,0.20471333333333333,0.0009458799547981096,0.35,8.017400810927574
'11010',1,0.18252666666666664,0.0006593599590174912,0.35,7.229131146972058
'00101',1,0.18245,0.0008447484832777214,0.35,7.287985764263976
