states,flag,Avg0,SD0,frust0,time
'11010',1,0.24643333333333337,0.0013768159725330784,0.35,10.224984010543002
'11000',1,0.05998333333333333,0.0004669284979761068,0.45,4.036314806881106
'00101',1,0.24741666666666665,0.0006858733281169567,0.35,10.234196317410724
'01011',1,0.19300333333333333,0.0011725849886279273,0.35,9.521051713254254
'10100',1,0.19206666666666664,0.00044214125445256065,0.35,9.55431636534467
'00111',1,0.06109666666666667,0.00025629843715654595,0.45,4.048931730775631
