states,flag,Avg0,SD0,frust0,time
'11111',1,0.2577066666666667,0.0013822284744410289,0.25,6.6424973211244085
'00110',1,0.24022999999999997,0.0006315589178110572,0.35,10.763745955670055
'00000',1,0.2615433333333333,0.0019871811414385308,0.25,6.646805895434571
'11001',1,0.24051999999999998,0.0007397296803562755,0.35,10.749605925464982
