states,flag,Avg0,SD0,frust0,time
'10100',1,0.08950666666666666,0.00047133380480881307,0.3,3.953260154464991
'01001',1,0.2146066666666667,0.001206546955387798,0.3,7.657940978150957
'10110',1,0.21498333333333333,0.0004601690510622732,0.3,7.618637899613803
'01011',1,0.08888,0.00041737273509418686,0.3,3.953478944953576
'11111',1,0.19622666666666666,0.0010274347776001328,0.4,8.232779495586692
'00000',1,0.19579666666666665,0.0004957373856746679,0.4,8.209232717042255
