states,flag,Avg0,SD0,frust0,time
'10100',1,0.41412333333333334,0.001558211225162446,0.25,9.691935094873346
'01011',1,0.41342666666666666,0.0016180097513783967,0.25,9.67264796093451
'01001',1,0.042846666666666665,0.000107806410858643,0.45,2.383727223609967
'10110',1,0.04338,0.0001687206764645857,0.45,2.3710188744929117
'10011',1,0.04292666666666667,0.00015839472494022394,0.45,2.3673381522920827
'01100',1,0.04329666666666667,0.0003193048003954158,0.45,2.377141654589245
