states,flag,Avg0,SD0,frust0,time
'000000',1,0.49899333333333334,0.0009284515185092906,0.2,13.398749005349037
'111111',1,0.5010066666666667,0.0009284515185093175,0.2,13.365636298770754
