states,flag,Avg0,SD0,frust0,time
'11011',1,0.24918666666666667,0.0005007549855523672,0.2,6.99957306059465
'00000',1,0.25033333333333335,0.0009021948545383918,0.2,6.976386009465815
'11111',1,0.25081,0.00047770283649984914,0.2,7.027517551533566
'00100',1,0.24966999999999998,0.00031187604375243185,0.2,7.0040956241940995
