states,flag,Avg0,SD0,frust0,time
'11100',1,0.05470666666666666,0.00039372861493955857,0.4,2.5969461565155223
'01011',1,0.31742333333333334,0.00040185680147147385,0.2,8.294937167570621
'10100',1,0.31671,0.0013008458786497423,0.2,8.328369776879692
'11110',1,0.12841333333333335,0.00016048537489614492,0.4,6.25363965754249
'00011',1,0.05453,0.0004477350406955734,0.4,2.588078587965352
'00001',1,0.12821666666666667,0.0010610162843027245,0.4,6.341943340026549
