states,flag,Avg0,SD0,frust0,time
'01011',1,0.21511333333333335,0.0005342492135906431,0.35,8.232891504080252
'10001',1,0.28371999999999997,0.0006354525946126906,0.45,11.115681229616508
'01110',1,0.28504,0.0006182232606429641,0.45,11.096432122614699
'10100',1,0.2161266666666667,0.0007597514213360946,0.35,8.232461605878065
