states,flag,Avg0,SD0,frust0,time
'101000',1,0.5002666666666667,0.002726540339371916,0.3333333333333333,27.2434256185136
'010111',1,0.4997333333333333,0.0027265403393718947,0.3333333333333333,27.29151967634154
