states,flag,Avg0,SD0,frust0,time
'11010',1,0.05004,0.00010708252269472798,0.4,2.259112860159067
'00110',1,0.049969999999999994,0.001054924957836653,0.4,2.246671790669594
'10010',1,0.04998666666666667,7.318166133366818e-5,0.4,2.263273675650741
'01110',1,0.049903333333333334,0.00016539514973407067,0.4,2.2665265931596035
'10001',1,0.05039,0.000510751080925598,0.4,2.2604001548300494
'00011',1,0.05072666666666667,0.0005786382481501043,0.4,2.254540731830471
'10101',1,0.049166666666666664,0.00038801489089409363,0.4,2.246362453904051
'10110',1,0.05019666666666667,0.0002120272519171888,0.4,2.25421317727461
'10100',1,0.04935333333333334,0.0012503421753886242,0.4,2.2620592197491813
'11000',1,0.049600000000000005,0.00033236526092037194,0.4,2.2595781411434626
'11001',1,0.04962333333333333,0.0008170815272800022,0.4,2.2677612104620333
'01011',1,0.04956333333333333,0.0006644463024871847,0.4,2.2602391658892476
'01100',1,0.049940000000000005,0.0002535087112244216,0.4,2.2613940844643055
'01001',1,0.05029,0.000729246186140182,0.4,2.269824040513223
'10011',1,0.049870000000000005,0.0005727710420985564,0.4,2.2636809804529903
'11100',1,0.050940000000000006,0.0003691431519975233,0.4,2.2505879558402704
'00111',1,0.05005333333333333,0.00037276742823851423,0.4,2.2683547441159004
'01101',1,0.05046666666666667,0.00037606146069787765,0.4,2.2632709570810072
'00101',1,0.049903333333333334,0.00040549010126293114,0.4,2.26232335660335
'01010',1,0.05001666666666666,0.0004543371239753802,0.4,2.2495212168684935
