states,flag,Avg0,SD0,frust0,time
'10010',1,0.04990666666666666,0.00044499687889042823,0.4,2.267166624464758
'11001',1,0.050293333333333336,0.000744147536148279,0.4,2.256762539435471
'01110',1,0.04944666666666667,0.0011757928766959296,0.4,2.261642480932435
'00110',1,0.04995666666666667,0.00023669013968102248,0.4,2.2554523647272178
'11100',1,0.05007333333333333,0.0002885981442921762,0.4,2.25337848690048
'00011',1,0.04996333333333334,0.0009031180555288578,0.4,2.261516320938188
'10100',1,0.049826666666666665,0.0008319588665045637,0.4,2.2612468704204143
'10001',1,0.0501,0.00023366642891095785,0.4,2.269051365105522
'01011',1,0.04987333333333333,0.0004893760199364979,0.4,2.2645601718023713
'11010',1,0.04992333333333334,0.00033369979855486407,0.4,2.2615820378204425
'10101',1,0.05005333333333334,0.0005771385352659167,0.4,2.255369353663609
'11000',1,0.05047666666666667,0.0002369716344956818,0.4,2.250496798983573
'10011',1,0.05005333333333333,0.0004659995231280325,0.4,2.2534943177850373
'00101',1,0.05003,0.000533479146733967,0.4,2.263919174728013
'01101',1,0.050480000000000004,0.0003779770716150226,0.4,2.2563357396894355
'01100',1,0.050429999999999996,0.0006606562394064442,0.4,2.260997717929164
'00111',1,0.04954,0.0009437160589923219,0.4,2.263849801286202
'10110',1,0.050249999999999996,0.0004459446901429204,0.4,2.263237252637215
'01010',1,0.050050000000000004,0.0012483856241829547,0.4,2.2670166178300284
'01001',1,0.04927333333333333,0.00025315783394730135,0.4,2.2520997100397886
