states,flag,Avg0,SD0,frust0,time
'00100',1,0.46910333333333337,0.0011164626679333635,0.3,11.8912503947333
'11011',1,0.4686333333333333,0.001112874156806994,0.3,11.933931117122887
'10011',1,0.031236666666666663,0.0001713346303452842,0.5,2.0
'01100',1,0.031026666666666664,0.00028075295585660757,0.5,2.0
