states,flag,Avg0,SD0,frust0,time
'11010',1,0.28148,0.0002515286597321915,0.4,10.446501393848076
'11011',1,0.13311,0.00024859605789311735,0.3,5.115162723013738
'00101',1,0.28118000000000004,0.0007571437556149178,0.4,10.399270138105463
'00100',1,0.13418,0.0010772495842035256,0.3,5.084946758999597
'00000',1,0.08513333333333334,0.0010066556290785616,0.4,4.853431729046243
'11111',1,0.08491666666666668,0.0008736640595153772,0.4,4.877065616418577
