states,flag,Avg0,SD0,frust0,time
'111001',1,0.4989033333333333,0.0005771962885843672,0.23333333333333334,15.494732966083243
'000110',1,0.5010966666666667,0.00057719628858433,0.23333333333333334,15.52710178738185
