states,flag,Avg0,SD0,frust0,time
'000000',1,0.49912333333333336,0.001074192202954797,0.16666666666666666,12.912433917894703
'111111',1,0.5008766666666666,0.0010741922029547804,0.16666666666666666,12.886493286208937
