states,flag,Avg0,SD0,frust0,time
'00000',1,0.14429,0.001181044735252084,0.2,4.614853243297941
'10111',1,0.35584,0.001336487934850141,0.3,11.687335332469736
'01000',1,0.35645,0.0003965686153324061,0.3,11.708413540988133
'11111',1,0.14342000000000002,0.0012429802894656046,0.2,4.632659599391062
