states,flag,Avg0,SD0,frust0,time
'01011',1,0.13565,0.0004356604182158373,0.25,4.7777070941632545
'00100',1,0.28420666666666666,0.00044342104395507764,0.25,8.417350310304974
'10100',1,0.13543000000000002,0.00022730302828309496,0.25,4.784560304322812
'01000',1,0.08018666666666667,0.0006236095644623241,0.45,4.708930431546421
'11011',1,0.28426999999999997,0.0019405153954555544,0.25,8.396035167462427
'10111',1,0.08025666666666666,0.0007007297783184527,0.45,4.768639396513889
