states,flag,Avg0,SD0,frust0,time
'11001',1,0.11759333333333333,0.0005263923336152286,0.4,6.088814507820815
'01110',1,0.13238,0.0005463210289442107,0.3,5.520643225363884
'01101',1,0.11699999999999999,0.00021648710508172803,0.4,6.061418633494246
'10010',1,0.11920666666666668,0.0004981521409725699,0.4,6.063554577657321
'00110',1,0.11849666666666668,0.0008872554436137433,0.4,6.014125302556248
'01100',1,0.13113666666666665,0.0012982381223112383,0.3,5.515715444043778
'10001',1,0.13188333333333332,0.0012089205469710937,0.3,5.550348549855595
'10011',1,0.13230333333333333,0.0011736647259285335,0.3,5.575263436282133
