states,flag,Avg0,SD0,frust0,time
'111101',1,0.49793666666666664,0.00125648539806701,0.3333333333333333,29.96354861222675
'000010',1,0.5020633333333333,0.0012564853980669751,0.3333333333333333,30.095203564707244
