states,flag,Avg0,SD0,frust0,time
'110001',1,0.4988966666666667,0.0011576220837945712,0.36666666666666664,18.346773144553868
'001110',1,0.5011033333333333,0.0011576220837945972,0.36666666666666664,18.36503365491833
