states,flag,Avg0,SD0,frust0,time
'11111',1,0.12474999999999999,0.0006125901294231425,0.3,5.1246544543020605
'00010',1,0.06432333333333333,0.0001673983937265335,0.4,3.0846506035326358
'00100',1,0.31105333333333335,0.0005356823270890777,0.3,10.337074250092494
'00000',1,0.12598,0.00015641824275532682,0.3,5.120263506681829
'11011',1,0.3102233333333333,0.0011069577930325862,0.3,10.371653055216843
'11101',1,0.06367,0.0002772483844257085,0.4,3.0980240182224654
