states,flag,Avg0,SD0,frust0,time
'00111',1,0.4280166666666667,0.001241647650861095,0.35,14.390193001165864
'11000',1,0.42802,0.0006475080437080655,0.35,14.341387718513346
'01000',1,0.07249,0.0009725224933131341,0.35,3.627796819136975
'10111',1,0.07147333333333335,0.0008824712774677478,0.35,3.6127209747900597
