states,flag,Avg0,SD0,frust0,time
'00101',1,0.15050333333333332,0.00044432220541203523,0.3,5.108437249731533
'11100',1,0.15006333333333333,0.0007574665375814012,0.3,5.093743298992837
'00110',1,0.15091333333333332,0.0009738697152197684,0.3,5.117932235107162
'00011',1,0.14936333333333332,0.0006199103877891507,0.3,5.115568580747777
'11001',1,0.14989333333333332,0.00019754043186705021,0.3,5.111660586316444
'11000',1,0.050116666666666664,0.0004956028876249834,0.3,2.264868419659646
'11010',1,0.14906666666666668,0.0006817787193967152,0.3,5.120325072220434
'00111',1,0.05007999999999999,0.000326904675198547,0.3,2.267812467662642
