states,flag,Avg0,SD0,frust0,time
'00111',1,0.22453,0.0005629091104846842,0.3,8.995300375066419
'01111',1,0.22602,0.0009489994731294674,0.3,9.037882887651117
'01100',1,0.04982,0.0003395094500402972,0.4,2.7493015137754893
'11000',1,0.2253333333333333,0.001422212673579054,0.3,9.042546583342917
'10000',1,0.2239266666666667,0.0008367529835952538,0.3,9.003972733041445
'10011',1,0.05037,0.0005646828018159118,0.4,2.7387832204000992
