states,flag,Avg0,SD0,frust0,time
'01111',1,0.4034866666666666,0.0008946631892629835,0.45,14.217695923807016
'10000',1,0.4013366666666667,0.00036590830666832167,0.45,14.13977110623025
'01110',1,0.09683666666666667,0.0004731689855526102,0.35,3.7220585511076045
'10001',1,0.09833999999999998,0.0006294441992742499,0.35,3.7248908430755256
