states,flag,Avg0,SD0,frust0,time
'11100',1,0.24518666666666666,0.0009862499119842262,0.3,9.829951857094292
'00011',1,0.24667333333333333,0.0013597140222201955,0.3,9.718875439536006
'11101',1,0.13179,0.0012751731908516052,0.4,8.968195894638994
'00010',1,0.13309333333333337,0.0007387075800943747,0.4,9.022538796373512
'10010',1,0.12211666666666667,0.0007352248333370909,0.4,7.393498840234752
'01101',1,0.12114000000000001,0.0001728197519575466,0.4,7.318121914816024
