states,flag,Avg0,SD0,frust0,time
'01110',1,0.37213,0.0007523740204623443,0.35,30.74134959592247
'10001',1,0.37311,0.0007473954776422098,0.35,30.60487942529539
'00110',1,0.07027333333333334,0.0010693403989791492,0.35,3.5725943949907855
'01011',1,0.05727666666666666,0.0003910953279643653,0.45,3.665979946813575
'11001',1,0.06984666666666667,0.000522642856600525,0.35,3.602341406370568
'10100',1,0.05736333333333333,0.0008190373753512251,0.45,3.640432170930282
