states,flag,Avg0,SD0,frust0,time
'10000',1,0.18456999999999998,0.0011080613701415652,0.35,9.952251422766484
'01110',1,0.20087333333333335,0.0006620339031264794,0.35,10.501916328013573
'10001',1,0.20318666666666665,0.0011349400375741897,0.35,10.434197976399679
'01000',1,0.11251666666666667,0.0009463379711052298,0.45,8.976562147411487
'01111',1,0.18556666666666669,0.0007715496671562298,0.35,9.97440764195702
'10111',1,0.11328666666666666,0.00027145697428670134,0.45,8.935905714897766
