states,flag,Avg0,SD0,frust0,time
'11100',1,0.04920666666666667,0.0002522344588319014,0.4,2.2663147041375673
'01100',1,0.04996333333333333,0.0004870546398734162,0.4,2.2579356087397318
'11001',1,0.04988,0.0006818113130967141,0.4,2.2620102974936516
'01001',1,0.04981666666666667,0.0004584272631023994,0.4,2.2616405541247313
'00110',1,0.049690000000000005,0.00026545558322752915,0.4,2.2593556212658594
'00111',1,0.050056666666666666,0.00023626726862225673,0.4,2.2464961633820213
'01010',1,0.04983666666666667,0.0005756349151637315,0.4,2.259202613797258
'01101',1,0.049760000000000006,0.0003144307024873153,0.4,2.2591864355833207
'01110',1,0.05024666666666667,0.00039852505846210186,0.4,2.2693692560009673
'11010',1,0.050859999999999995,0.000361109401705356,0.4,2.254407320241039
'00011',1,0.05065,0.0005633826408401306,0.4,2.267413121063633
'10100',1,0.04965000000000001,0.0004928150430604442,0.4,2.262443303973523
'10110',1,0.05084666666666667,0.00039194670839569795,0.4,2.2608561330034185
'00101',1,0.04989,0.000729977168592735,0.4,2.270411107443666
'10010',1,0.05013666666666666,0.000656522826885875,0.4,2.2657329720253814
'10001',1,0.04874666666666667,0.0004292888175679492,0.4,2.2677659075855616
'10101',1,0.04979666666666666,0.0001596524001977067,0.4,2.262800221421124
'01011',1,0.050743333333333335,3.399346342395369e-5,0.4,2.261444111940495
'11000',1,0.049600000000000005,0.000208486610281492,0.4,2.2544467069427774
'10011',1,0.05062333333333333,0.0006890250761442258,0.4,2.2663028148713096
