states,flag,Avg0,SD0,frust0,time
'00000',1,0.4538533333333333,0.0011243467239048543,0.35,12.464667109982178
'11111',1,0.45320999999999995,0.001109083705888202,0.35,12.508732953713817
'11011',1,0.04635333333333334,0.0005989620652057646,0.45,3.0496801011739643
'00100',1,0.04658333333333333,0.0009853707706013802,0.45,3.01256444015115
