states,flag,Avg0,SD0,frust0,time
'00101',1,0.39862,0.000473779132789388,0.4,18.00211997212151
'11100',1,0.10310000000000001,0.0010354065224184488,0.4,8.572938871524926
'11010',1,0.3970833333333333,0.0013724997470147405,0.4,18.022834323157632
'00011',1,0.10119666666666667,0.0005416846150872477,0.4,8.623687658798978
