states,flag,Avg0,SD0,frust0,time
'111111',1,0.5012533333333332,0.002357121596825728,0.13333333333333333,11.986003934956278
'000000',1,0.49874666666666667,0.0023571215968257245,0.13333333333333333,11.973765945410932
