states,flag,Avg0,SD0,frust0,time
'111111',1,0.5003066666666667,0.001228558324034941,0.16666666666666666,12.62291073776534
'000000',1,0.4996933333333333,0.0012285583240349651,0.16666666666666666,12.611850834659956
