states,flag,Avg0,SD0,frust0,time
'111110',1,0.49989666666666666,0.0012714645973137377,0.26666666666666666,16.115381431435342
'000001',1,0.5001033333333333,0.0012714645973137622,0.26666666666666666,16.15046288011042
