states,flag,Avg0,SD0,frust0,time
'111111',1,0.5002533333333333,0.0005610307973324987,0.16666666666666666,13.565111157455405
'000000',1,0.4997466666666666,0.0005610307973324987,0.16666666666666666,13.566441793551325
