states,flag,Avg0,SD0,frust0,time
'1111',1,0.49876000000000004,0.0005435071296680451,0.16666666666666666,6.46292225881836
'0000',1,0.50124,0.0005435071296680418,0.16666666666666666,6.484988581493049
