states,flag,Avg0,SD0,frust0,time
'00101',1,0.50012,0.0011042644610780561,0.3,15.058434799481956
'11010',1,0.49988000000000005,0.0011042644610780492,0.3,15.043568269203426
