states,flag,Avg0,SD0,frust0,time
'10001',1,0.5012633333333333,0.0011595784674709006,0.1,8.754583509938508
'01110',1,0.49873666666666666,0.0011595784674709266,0.1,8.738643146993349
