states,flag,Avg0,SD0,frust0,time
'101100',1,0.5001766666666666,0.0007969246444230866,0.3333333333333333,24.434125893186803
'010011',1,0.49982333333333334,0.0007969246444231196,0.3333333333333333,24.484789140224336
