states,flag,Avg0,SD0,frust0,time
'00101',1,0.42111666666666664,0.0011367888497381116,0.2,9.473126612389589
'11010',1,0.42210333333333333,0.0010421878696068201,0.2,9.503576562539747
'01110',1,0.07913333333333332,0.0004066393433443897,0.4,3.636353486101745
'10001',1,0.07764666666666666,0.00013767917618709173,0.4,3.6800313030857716
