states,flag,Avg0,SD0,frust0,time
'10001',1,0.39927,0.001446674347137832,0.4,18.338314117959825
'01110',1,0.40243333333333337,0.0011374337587550102,0.4,18.328898611530576
'10011',1,0.09989333333333333,0.0003564017707899645,0.4,7.560947016308231
'01100',1,0.09840333333333333,0.0005285409686633164,0.4,7.55261340458163
