states,flag,Avg0,SD0,frust0,time
'111111',1,0.5011566666666666,0.0012626515310602804,0.03333333333333333,10.140464762517452
'000000',1,0.4988433333333333,0.0012626515310602804,0.03333333333333333,10.133369803723363
