states,flag,Avg0,SD0,frust0,time
'01000',1,0.055299999999999995,0.000128322510366134,0.45,3.527758538009342
'10000',1,0.24705,0.0003559026084010383,0.25,7.663657881760215
'01111',1,0.24750000000000003,0.0005416641025580358,0.25,7.661964984521684
'10001',1,0.06332333333333333,0.000696387503876651,0.35,3.399862893784333
'10111',1,0.055779999999999996,0.0004518849411078018,0.45,3.5406690798889104
'00001',1,0.13418,0.00041697322056298265,0.35,5.479671848244976
'11110',1,0.13377333333333333,0.0015616728921967677,0.35,5.484307431619977
'01110',1,0.06309333333333333,0.0003081485933045271,0.35,3.3993369250614975
