states,flag,Avg0,SD0,frust0,time
'101000',1,0.50143,0.0009569743988215873,0.26666666666666666,17.871212727163464
'010111',1,0.49857,0.000956974398821632,0.26666666666666666,17.890104145582416
