states,flag,Avg0,SD0,frust0,time
'10011',1,0.12700999999999998,0.0009685384177546431,0.4,8.262911158271436
'11100',1,0.18660999999999997,0.0010466454350288108,0.3,7.978143209438739
'00011',1,0.18675,0.0016613849644197456,0.3,8.02271568542741
'01111',1,0.08697333333333335,0.0012719101994856218,0.4,5.226675209433826
'01100',1,0.12469999999999999,0.0003980787191833697,0.4,8.366325765612428
'01101',1,0.10178666666666668,0.0008252003123821233,0.4,7.7422575671091
'10000',1,0.08649999999999998,0.0004737791327893886,0.4,5.224489672524573
'10010',1,0.09967,0.0005372150407425325,0.4,7.693971354940493
