states,flag,Avg0,SD0,frust0,time
'10001',1,0.39782,0.0016786303941010974,0.35,32.603013811007095
'00110',1,0.10332666666666668,0.00030136725472788877,0.45,20.418306706567392
'01110',1,0.3963966666666667,0.0013837710150968686,0.35,32.52987012911066
'11001',1,0.10245666666666665,0.00017969109295924569,0.45,20.504002371659872
