states,flag,Avg0,SD0,frust0,time
'111111',1,0.5002166666666666,0.0012189157294725604,0.23333333333333334,15.909950547248565
'000000',1,0.4997833333333333,0.0012189157294725343,0.23333333333333334,15.893208628177325
