states,flag,Avg0,SD0,frust0,time
'1100',1,0.49938666666666665,0.001393444971604163,0.16666666666666666,6.485981178033189
'0011',1,0.5006133333333334,0.0013934449716041584,0.16666666666666666,6.45838339912349
