states,flag,Avg0,SD0,frust0,time
'111111',1,0.49946,0.00156869372409021,0.1,10.541324347530479
'000000',1,0.50054,0.0015686937240901868,0.1,10.514399256785508
