states,flag,Avg0,SD0,frust0,time
'11110',1,0.30050333333333334,0.0010441051458332956,0.15,7.802751590047099
'11100',1,0.19841666666666666,0.0016357736871448804,0.25,6.251933117412196
'00001',1,0.3020966666666667,0.0008754554370281998,0.15,7.845678203342595
'00011',1,0.19898333333333332,0.001381239379044136,0.25,6.2766161900225255
