states,flag,Avg0,SD0,frust0,time
'111000',1,0.4999133333333334,0.0005956695579112866,0.3333333333333333,28.0968880462413
'000111',1,0.5000866666666667,0.0005956695579112933,0.3333333333333333,28.129157014016446
