states,flag,Avg0,SD0,frust0,time
'00100',1,0.3497333333333334,0.0003403266404826913,0.25,8.518654980630593
'11011',1,0.35050000000000003,0.001239462248988106,0.25,8.464223609594155
'10000',1,0.15030333333333332,0.001185645628151835,0.35,6.0188609062380465
'01111',1,0.1494633333333333,6.34209919681292e-5,0.35,6.02570191188387
