states,flag,Avg0,SD0,frust0,time
'01101',1,0.10373666666666666,0.0003398365620248771,0.35,6.537072536376343
'11101',1,0.32495,0.0004173727350941928,0.35,14.451413822179518
'00010',1,0.3236266666666667,0.000677511787515323,0.35,14.450100922319976
'11110',1,0.07155666666666667,0.00026637484032009454,0.45,6.760400927265711
'00001',1,0.07256,0.0002967602848540677,0.45,6.701597486653902
'10010',1,0.10357,0.0008161290747588028,0.35,6.605769109903384
