states,flag,Avg0,SD0,frust0,time
'111111',1,0.5005633333333334,0.0004533088228668281,0.1,11.878258544104234
'000000',1,0.4994366666666667,0.0004533088228668058,0.1,11.900195829885213
