states,flag,Avg0,SD0,frust0,time
'1001',1,0.4992633333333334,0.001049518408075291,0.25,8.979372723833919
'0110',1,0.5007366666666667,0.0010495184080752786,0.25,8.957892667854535
