states,flag,Avg0,SD0,frust0,time
'110001',1,0.49824,0.0010406087961701365,0.3,25.300477107851105
'001110',1,0.50176,0.0010406087961701554,0.3,25.318781381806133
