states,flag,Avg0,SD0,frust0,time
'11011',1,0.13415999999999997,0.0016446478853136563,0.35,5.369123670548461
'00100',1,0.13461666666666666,0.00040342974054419814,0.35,5.3247405027392665
'11110',1,0.23177,2.4494897427833614e-5,0.25,6.134759493140758
'01010',1,0.13505,0.0010465498873282056,0.35,5.366650454269295
'00001',1,0.23170333333333334,0.0009162362625921828,0.25,6.119525623361728
'10101',1,0.1327,0.0007176350047203601,0.35,5.401430016064026
