states,flag,Avg0,SD0,frust0,time
'10110',1,0.050436666666666664,0.00032836294282732745,0.4,2.256793425191209
'00101',1,0.049710000000000004,0.0006513575566972927,0.4,2.2618048774589634
'10011',1,0.05017333333333333,0.00023921166824012038,0.4,2.2684182271104043
'01011',1,0.04979333333333333,0.0007189034860273134,0.4,2.26168952412784
'10010',1,0.049760000000000006,0.0001061445555206042,0.4,2.2670137407010795
'10101',1,0.050050000000000004,6.164414002969138e-5,0.4,2.26640240328207
'00110',1,0.04999000000000001,0.0003225936556516052,0.4,2.2658666552671165
'10001',1,0.05101,0.0005236410984634425,0.4,2.2551215734088337
'11100',1,0.05044666666666667,0.0005049972497174832,0.4,2.266178179893607
'11000',1,0.049543333333333335,0.00046657141885127266,0.4,2.2615807205651843
'11001',1,0.050283333333333326,0.0008138932498935142,0.4,2.259948881345869
'01101',1,0.04991333333333334,0.00018873850222522802,0.4,2.2510934813544186
'01001',1,0.05024666666666667,0.001069776716059115,0.4,2.2698814268309486
'01100',1,0.049903333333333334,0.0004800231475900131,0.4,2.256006718225416
'10100',1,0.04994333333333333,0.00012552113589175037,0.4,2.2505210828988487
'11010',1,0.05067333333333333,0.0003252007926736286,0.4,2.2643903541664883
'00011',1,0.049460000000000004,0.0008350249497270514,0.4,2.2581993512349867
'01110',1,0.04949,0.0005123150072627832,0.4,2.256948871925781
'01010',1,0.04956,0.0005961543424315541,0.4,2.259787919407335
'00111',1,0.049613333333333336,0.00021638443156156827,0.4,2.2582196363242697
