states,flag,Avg0,SD0,frust0,time
'01000',1,0.35674,0.0004320493798938526,0.35,13.576221444839957
'11111',1,0.14349333333333333,0.0008305152349930372,0.25,5.136373444889661
'00000',1,0.14381666666666668,0.0017782638224465449,0.25,5.172840259576612
'10111',1,0.35595,0.0013367373214908894,0.35,13.641909636147725
