states,flag,Avg0,SD0,frust0,time
'000000',1,0.4999833333333334,0.0015862814658467454,0.16666666666666666,13.073591636689663
'111111',1,0.5000166666666667,0.0015862814658467585,0.16666666666666666,13.136051288058477
