states,flag,Avg0,SD0,frust0,time
'000010',1,0.25031,0.0007141895173318207,0.3,11.894534096723698
'111101',1,0.24977333333333332,0.001305535224427973,0.3,11.902651622273696
'001000',1,0.24896333333333331,0.0007016330158201515,0.3,11.919308133890034
'110111',1,0.25095333333333336,0.00015282524515128332,0.3,11.88217613053619
