states,flag,Avg0,SD0,frust0,time
'0000',1,0.49937666666666675,0.0010005442963152364,0.25,10.071372040262235
'1111',1,0.5006233333333333,0.0010005442963152062,0.25,10.089158796284567
