states,flag,Avg0,SD0,frust0,time
'000000',1,0.50134,0.0021444346574330665,0.1,10.919062169835152
'111111',1,0.49866000000000005,0.0021444346574330518,0.1,10.91956592163348
