states,flag,Avg0,SD0,frust0,time
'10001',1,0.4693833333333333,0.0012064364421257021,0.3,10.915038177725828
'01110',1,0.4681,0.0018055654700582509,0.3,10.896250601316035
'00001',1,0.03113,0.0007359800721939863,0.5,2.0
'11110',1,0.03138666666666667,0.0003082567472452509,0.5,2.0
