states,flag,Avg0,SD0,frust0,time
'0100',1,0.5002066666666667,0.0023440752737249704,0.3333333333333333,7.4697561004835435
'1011',1,0.4997933333333333,0.002344075273724979,0.3333333333333333,7.473067461694153
