states,flag,Avg0,SD0,frust0,time
'000011',1,0.4985866666666667,0.0006202329311548162,0.26666666666666666,17.80135507880072
'111100',1,0.5014133333333334,0.0006202329311548162,0.26666666666666666,17.847558752053132
