states,flag,Avg0,SD0,frust0,time
'01001',1,0.049436666666666663,0.00022983085567917507,0.4,2.259752706623623
'10100',1,0.04946333333333333,0.0005741854133369195,0.4,2.2521069671701173
'10110',1,0.04970333333333334,0.0004290558109254411,0.4,2.2523102215571975
'01110',1,0.050396666666666666,0.00048561530270598176,0.4,2.25602765492374
'11100',1,0.050306666666666666,0.0009438337895107498,0.4,2.265899058470935
'00011',1,0.050113333333333336,0.00040998644964058186,0.4,2.254804498535421
'01011',1,0.04979,0.0004348179695765413,0.4,2.264049675172092
'11010',1,0.049940000000000005,0.0006782821438506747,0.4,2.261834973778967
'10011',1,0.05076333333333333,0.0004691363222869106,0.4,2.2493445200594993
'01101',1,0.04958666666666667,0.0008412028424953293,0.4,2.258793835865332
'11000',1,0.05007333333333333,0.0002332857094256365,0.4,2.2529785681964682
'00111',1,0.050513333333333334,0.0007901617274682171,0.4,2.2579453901197533
'00110',1,0.05029666666666668,0.0008008467740807559,0.4,2.264650290136475
'11001',1,0.04995333333333333,0.0006051078875337494,0.4,2.2623417858887023
'10101',1,0.04994666666666667,0.001332474723545962,0.4,2.2562588875866383
'00101',1,0.05075666666666667,0.00032045107097478993,0.4,2.254958538765733
'01100',1,0.04958333333333333,0.0007715496671562315,0.4,2.2592132676803494
'10001',1,0.04970666666666667,0.00029227080289043954,0.4,2.2599202963509035
'01010',1,0.049983333333333324,0.0005917394321452265,0.4,2.2690471029385573
'10010',1,0.049686666666666664,0.0004106363625182546,0.4,2.25039900289285
