states,flag,Avg0,SD0,frust0,time
'01101',1,0.39618666666666663,0.00184214247247297,0.35,14.820347047862137
'10010',1,0.39714333333333335,0.00222818810297115,0.35,14.773082386053114
'11011',1,0.10380666666666667,0.00034305814214049353,0.45,7.864805914094635
'00100',1,0.10286333333333335,0.00036380703065713005,0.45,7.900617122934206
