states,flag,Avg0,SD0,frust0,time
'11011',1,0.5005366666666666,0.0004910080334259896,0.15,8.85089529596438
'00100',1,0.49946333333333337,0.0004910080334260407,0.15,8.834390889313358
