states,flag,Avg0,SD0,frust0,time
'000000',1,0.50092,0.0017996851576502853,0.13333333333333333,10.923877129971542
'111111',1,0.49908,0.0017996851576502762,0.13333333333333333,10.927451878444394
