states,flag,Avg0,SD0,frust0,time
'01000',1,0.2581333333333333,0.0009481326676976921,0.3,11.302657936260532
'00111',1,0.14825666666666668,0.0009342495502927504,0.4,10.08647157393998
'01011',1,0.09458666666666667,0.0009816426143063578,0.4,5.344441740431731
'10111',1,0.2575633333333333,0.0006445842760173944,0.3,11.258983553584429
'11000',1,0.14744,0.0015718990637654333,0.4,10.066919859541825
'10100',1,0.09401999999999999,0.00039225841822281953,0.4,5.288820146559277
