states,flag,Avg0,SD0,frust0,time
'011100',1,0.49988666666666665,0.0009097374468616073,0.36666666666666664,31.52285636996615
'100011',1,0.5001133333333334,0.0009097374468615878,0.36666666666666664,31.59552096620766
