states,flag,Avg0,SD0,frust0,time
'101010',1,0.49905333333333335,0.001133441171340121,0.3333333333333333,36.59757820936948
'010101',1,0.5009466666666667,0.0011334411713401018,0.3333333333333333,36.69483538452389
