states,flag,Avg0,SD0,frust0,time
'000000',1,0.4993266666666667,0.0008074789298936587,0.16666666666666666,13.800038859489726
'111111',1,0.5006733333333333,0.0008074789298936739,0.16666666666666666,13.80707316750915
