states,flag,Avg0,SD0,frust0,time
'000111',1,0.12474999999999999,0.001818369232765084,0.3333333333333333,6.0471456785188815
'110001',1,0.12429000000000001,0.000520832666666243,0.3333333333333333,6.036961537649211
'010110',1,0.12471666666666666,0.0011772944500940434,0.3333333333333333,6.076365641396862
'011001',1,0.12533,0.0006013872850889498,0.3333333333333333,6.037511806492238
'111000',1,0.12498666666666668,0.0008028836915906449,0.3333333333333333,6.006294902917748
'001110',1,0.12473666666666666,0.0008196069518711732,0.3333333333333333,6.011654962832506
'100110',1,0.12511666666666665,0.0002963481436119057,0.3333333333333333,6.050574612564456
'101001',1,0.12607333333333334,0.00038904441334577055,0.3333333333333333,6.032145143575238
