states,flag,Avg0,SD0,frust0,time
'111111',1,0.5004033333333333,0.0013283908394076552,0.06666666666666667,10.308704568970976
'000000',1,0.4995966666666667,0.0013283908394076552,0.06666666666666667,10.334919771942717
