states,flag,Avg0,SD0,frust0,time
'00011',1,0.04978333333333334,0.00034305814214049635,0.4,2.2577307115987764
'00110',1,0.04953333333333334,0.00020885933597093918,0.4,2.2622782480018144
'11100',1,0.05021333333333333,0.0006852898818910319,0.4,2.2621828292445847
'00111',1,0.049806666666666666,0.0003189914662738726,0.4,2.262661751603517
'00101',1,0.04947666666666667,0.0002963481436119046,0.4,2.25466694906242
'01101',1,0.05038666666666667,0.000481409966198828,0.4,2.2600047253669664
'11000',1,0.050449999999999995,0.0003314614105241596,0.4,2.255099497733727
'01110',1,0.05031,0.0008131830462243209,0.4,2.2662936739482356
'11010',1,0.049830000000000006,0.0007109149034870482,0.4,2.2516865894095286
'10001',1,0.04982,0.0006093165570265338,0.4,2.2582740065860922
'10010',1,0.049949999999999994,0.0007422039252568441,0.4,2.2654931494893553
'10110',1,0.05029,8.041558721209982e-5,0.4,2.2635435506842727
'01010',1,0.04992,0.0005452216674589023,0.4,2.2694240342044547
'10100',1,0.05068333333333334,0.00019737161790783322,0.4,2.2586310078457053
'01011',1,0.04989,0.00020832666655999798,0.4,2.263081207834425
'01100',1,0.049916666666666665,0.0006697926710723413,0.4,2.264524123081325
'11001',1,0.04946333333333333,0.0003400326781681759,0.4,2.2584324796872473
'01001',1,0.04951,0.0006591408549518584,0.4,2.2662501959049446
'10011',1,0.05057333333333333,0.0006601178345989122,0.4,2.2612860025525063
'10101',1,0.05019333333333334,0.0005788110418972874,0.4,2.2749163478811503
