states,flag,Avg0,SD0,frust0,time
'100110',1,0.50079,0.001777019977377842,0.3333333333333333,40.34408495850195
'011001',1,0.49921,0.001777019977377866,0.3333333333333333,40.3840028211473
