states,flag,Avg0,SD0,frust0,time
'000000',1,0.4997566666666666,0.000868766686490457,0.13333333333333333,11.103543972496226
'111111',1,0.5002433333333333,0.0008687666864904049,0.13333333333333333,11.104829394242875
