states,flag,Avg0,SD0,frust0,time
'1101',1,0.4983033333333333,0.001009169075141633,0.25,9.418759598778255
'0010',1,0.5016966666666667,0.001009169075141616,0.25,9.419015857794891
