states,flag,Avg0,SD0,frust0,time
'10000',1,0.4381733333333333,0.002582148115211233,0.35,11.284518725526242
'01111',1,0.4381966666666666,0.0031534566572079077,0.35,11.279873591128554
'01010',1,0.062073333333333335,0.001174573208540967,0.45,4.268164230005618
'10101',1,0.06155666666666667,0.0006169999099585762,0.45,4.230041304257424
