states,flag,Avg0,SD0,frust0,time
'11111',1,0.38582333333333335,0.0010179172636101336,0.2,9.54001070182537
'11101',1,0.11595,0.0008472307831990046,0.3,4.202541387837108
'00000',1,0.3830133333333334,0.0022809403518919426,0.2,9.551622862744805
'00010',1,0.11521333333333333,0.0006537243727715489,0.3,4.208948644284049
