states,flag,Avg0,SD0,frust0,time
'000110',1,0.3460366666666667,0.001346831673059247,0.36666666666666664,14.512588693623577
'101101',1,0.15479333333333334,0.00044214125445256525,0.36666666666666664,9.783739934298962
'111001',1,0.34521333333333337,0.00208128699499985,0.36666666666666664,14.50336992904265
'010010',1,0.15395666666666666,0.00038767110917488687,0.36666666666666664,9.751887810717767
