states,flag,Avg0,SD0,frust0,time
'011010',1,0.49984999999999996,0.0011455420841971074,0.26666666666666666,26.865717651930822
'100101',1,0.50015,0.001145542084197134,0.26666666666666666,26.915856053219034
