states,flag,Avg0,SD0,frust0,time
'11000',1,0.4340133333333333,0.000874541149530549,0.4,34.878888225459214
'00110',1,0.06508666666666667,0.0009104699641149964,0.4,3.184043798348894
'00111',1,0.43518666666666667,0.0010865950896672071,0.4,34.756729269723934
'11001',1,0.06571333333333333,0.0008662691395993666,0.4,3.210398726696075
