states,flag,Avg0,SD0,frust0,time
'11010',1,0.38203000000000004,0.0011722627691776344,0.25,10.368781428337153
'00101',1,0.3829066666666667,0.0020787870394909573,0.25,10.403319718034142
'10110',1,0.052943333333333335,0.0005050632523643813,0.45,2.9448476282665843
'01001',1,0.052186666666666666,0.0005771385352659198,0.45,2.9393780447190103
'11000',1,0.06512333333333332,0.00041152831683318684,0.35,2.9816663935531795
'00111',1,0.06480999999999999,0.00038401388863772644,0.35,2.9875410937638702
