states,flag,Avg0,SD0,frust0,time
'11010',1,0.4326733333333334,0.0015965448805328262,0.3,12.023123442745423
'01010',1,0.06804,0.0005078057371344542,0.4,5.928831833052061
'00101',1,0.43123,0.002225368883279036,0.3,12.019879608998115
'10101',1,0.06805666666666667,0.0004430450190318034,0.4,5.866919105835749
