states,flag,Avg0,SD0,frust0,time
'011011',1,0.50009,0.0008414669730100234,0.3333333333333333,15.80256577517447
'100100',1,0.49991,0.0008414669730100366,0.3333333333333333,15.733858623384249
