states,flag,Avg0,SD0,frust0,time
'10100',1,0.45660000000000006,0.0027158915049513123,0.15,8.776054030986456
'01011',1,0.45761333333333337,0.0016735258853357755,0.15,8.77784808555562
'11101',1,0.043190000000000006,0.0007377443098165304,0.45,2.3815624188160993
'00010',1,0.042596666666666665,0.0008179785381590945,0.45,2.376403559013252
