states,flag,Avg0,SD0,frust0,time
'011000',0,0.12517999999999999,0.00038790033084114354,0.36666666666666664,1000.0
'000000',0,0.1246,0.0010287856919689326,0.23333333333333334,1000.0
'100111',0,0.12517666666666666,0.0005756349151637268,0.36666666666666664,1000.0
'110111',0,0.12563333333333335,0.0010315791562238725,0.3,1000.0
'010000',0,0.12349333333333333,0.0007963388446858263,0.3,1000.0
'111111',0,0.12561333333333333,0.0009591778887267056,0.23333333333333334,1000.0
'101111',0,0.12517,0.0007105397009785392,0.3,1000.0
'001000',0,0.12513333333333335,0.0004454460935087685,0.3,1000.0
