states,flag,Avg0,SD0,frust0,time
'011010',1,0.49912333333333336,0.001916982582660084,0.3333333333333333,31.239083690698283
'100101',1,0.5008766666666666,0.0019169825826601324,0.3333333333333333,31.17861157137021
