states,flag,Avg0,SD0,frust0,time
'11111',1,0.29666,0.0018298087331740328,0.2,7.872377359638477
'01000',1,0.20227666666666666,0.0006234491870945666,0.3,8.424926611535243
'10111',1,0.20375666666666667,0.0008923502052943581,0.3,8.436397861985974
'00000',1,0.29730666666666666,0.00168517720795831,0.2,7.885620164516322
