states,flag,Avg0,SD0,frust0,time
'11000',1,0.2506033333333333,0.0013530541583970587,0.45,22.166884877786305
'01010',1,0.2497366666666667,0.0005619213072624681,0.45,22.4330270408997
'10101',1,0.24908666666666668,0.0010600733727226393,0.45,22.28206819618569
'00111',1,0.2505733333333333,0.0014893025959227396,0.45,22.26555452421489
