states,flag,Avg0,SD0,frust0,time
'10100',1,0.05107333333333333,0.00023299976156401778,0.4,2.2589551034677484
'01100',1,0.04963666666666666,0.00018372685039360845,0.4,2.266610074145495
'00110',1,0.050023333333333336,0.0006121183618295466,0.4,2.2714645084256726
'10110',1,0.050350000000000006,0.0004669760878960139,0.4,2.271899413629914
'11001',1,0.05069666666666667,0.00036380703065712496,0.4,2.2668666557511137
'01101',1,0.05042,0.00021648710508172643,0.4,2.2712083536801715
'00101',1,0.049609999999999994,0.0006621681558838849,0.4,2.2592990777744197
'11100',1,0.04992,0.0005948669318987795,0.4,2.269645141461155
'00011',1,0.049969999999999994,0.0009064215354899727,0.4,2.259389012459622
'01110',1,0.05006,0.000920543317829206,0.4,2.2725485720029197
'10001',1,0.04964,0.0004949747468305844,0.4,2.267042429055216
'10101',1,0.050199999999999995,0.00044519658579104243,0.4,2.2654719531839054
'01011',1,0.04963666666666666,0.0004677843757782243,0.4,2.258519289056407
'10011',1,0.049936666666666664,0.0001929306150465039,0.4,2.2512267294988355
'10010',1,0.04998,0.0002619160170741759,0.4,2.2667220802320167
'01001',1,0.05004333333333333,0.00030070288030250604,0.4,2.246090414601324
'11010',1,0.04941,0.00014899664425751152,0.4,2.257988966348238
'01010',1,0.049666666666666665,0.00040957973040124413,0.4,2.2573462937654205
'00111',1,0.04963,0.0005678027826631353,0.4,2.2457702283464527
'11000',1,0.05009666666666666,8.730533902472606e-5,0.4,2.2647108491604957
