states,flag,Avg0,SD0,frust0,time
'01001',1,0.46876,0.0010826202781523417,0.3,17.339906255304246
'10100',1,0.031213333333333333,0.0004195500235040191,0.5,2.0
'10110',1,0.4685033333333333,0.0014370649100007786,0.3,17.309081706024596
'01011',1,0.031523333333333334,0.000446193779527335,0.5,2.0
