states,flag,Avg0,SD0,frust0,time
'11111',1,0.37613666666666673,0.0012189157294725484,0.35,14.085463312039145
'00000',1,0.37590666666666667,0.0018714937587095636,0.35,14.025315637055263
'10111',1,0.04225333333333333,0.000418436242322399,0.45,2.3869681664490474
'01000',1,0.04289333333333334,0.0008526950738035757,0.45,2.3809082475272505
'11101',1,0.08228333333333333,0.0005268986830712542,0.35,4.227124823481276
'00010',1,0.08052666666666666,0.0005216853031814846,0.35,4.2485662742120525
