states,flag,Avg0,SD0,frust0,time
'000000',1,0.4987166666666667,0.001249275345505904,0.26666666666666666,18.41925148148135
'111111',1,0.5012833333333333,0.0012492753455059268,0.26666666666666666,18.410432046351374
