states,flag,Avg0,SD0,frust0,time
'01000',1,0.13396333333333332,0.0009350341645570382,0.3,5.949889206737853
'00000',1,0.24827666666666667,0.0005342492135906431,0.3,10.102368566607367
'10111',1,0.13351666666666664,0.00044078213313256137,0.3,5.988587038234935
'10011',1,0.08484666666666667,0.0005956695579112806,0.4,4.283504263359849
'11111',1,0.25251333333333337,0.0009530419135005976,0.3,10.079489411998331
'10100',1,0.03106333333333333,0.00023921166824012247,0.5,2.0
'01100',1,0.08458666666666666,0.0007703390307015651,0.4,4.258347184402712
'01011',1,0.031233333333333335,0.00044909786114931595,0.5,2.0
