states,flag,Avg0,SD0,frust0,time
'01111',1,0.43307333333333337,0.0009431978701323677,0.3,12.04945769278001
'10000',1,0.4305866666666667,0.0014265186839139304,0.3,12.031028456442508
'00111',1,0.06845666666666667,0.00040119266637808344,0.4,5.772321205847292
'11000',1,0.06788333333333334,0.0008368326528577192,0.4,5.860933850389756
