states,flag,Avg0,SD0,frust0,time
'11',0,0.2504133333333333,0.0004832068800098795,0.5,1000.0
'00',0,0.2501933333333333,0.0010305122782167879,0.5,1000.0
'10',0,0.24968333333333334,0.0017763320510410052,0.5,1000.0
'01',0,0.24971000000000002,0.001052837436011216,0.5,1000.0
