states,flag,Avg0,SD0,frust0,time
'00010',1,0.21653333333333333,0.0021873931719946604,0.45,9.531159726496506
'10111',1,0.28207333333333334,0.0013219766345220518,0.35,9.140729957040344
'01000',1,0.28316,0.0014181913364093828,0.35,9.179572028175498
'11101',1,0.2182333333333333,0.0015714607500312875,0.45,9.561693379956067
