states,flag,Avg0,SD0,frust0,time
'10010',1,0.4670166666666667,0.0023821745434697995,0.3,11.924980573236956
'01101',1,0.47030333333333335,0.002193966473966475,0.3,11.950075037686773
'10110',1,0.031050000000000005,0.0005162040940041712,0.5,2.0
'01001',1,0.03163,0.00012027745701779057,0.5,2.0
