states,flag,Avg0,SD0,frust0,time
'11011',1,0.25064,0.0008120755301489243,0.4,28.028555744687875
'00100',1,0.25059666666666663,0.001697730511267591,0.4,28.2976501740995
'10000',1,0.24916333333333332,0.0021034786003718393,0.4,28.175779269362582
'01111',1,0.24960000000000002,0.0013865785228395799,0.4,27.866439960129785
