states,flag,Avg0,SD0,frust0,time
'10111',1,0.4996833333333333,0.0008199728992811465,0.45,65.90694333202732
'01000',1,0.5003133333333333,0.0008189559749393746,0.45,66.37607780514895
'00101',0,3.3333333333333337e-6,4.714045207910317e-6,0.45,1000.0
