states,flag,Avg0,SD0,frust0,time
'01101',1,0.49987333333333334,0.0011441542242586185,0.4,15.132640194335545
'10010',1,0.5001266666666667,0.0011441542242586337,0.4,15.106990652027932
