states,flag,Avg0,SD0,frust0,time
'00110',1,0.44029999999999997,0.001590869783064185,0.4,48.47536796455671
'11001',1,0.4381633333333333,0.001998905255939413,0.4,48.66952832726802
'01110',1,0.06093666666666667,0.00037703521792474087,0.4,2.803355754905302
'10001',1,0.06060000000000001,0.000914913474961797,0.4,2.8142315786057353
