states,flag,Avg0,SD0,frust0,time
'000000',1,0.25838333333333335,0.0009989772547738778,0.3,11.855274688012699
'111111',1,0.25857,0.0013934848402476494,0.3,11.878314240515591
'010101',1,0.2415466666666667,0.0009853707706013778,0.3,10.587043555544346
'101010',1,0.24150000000000002,0.0008020390680426163,0.3,10.595291982748908
