states,flag,Avg0,SD0,frust0,time
'10001',1,0.29403666666666667,0.00044251804734068447,0.35,12.263025334372864
'11101',1,0.20493333333333333,0.0016999281030548223,0.35,8.723161360895764
'00010',1,0.20624333333333333,0.0028543572929042244,0.35,8.731232103349624
'01110',1,0.2947866666666667,0.0016822471743342352,0.35,12.299242414703428
