states,flag,Avg0,SD0,frust0,time
'000000',1,0.49996,0.00045847573545391084,0.3,18.428475452334133
'111111',1,0.50004,0.0004584757354539109,0.3,18.371281820914152
