states,flag,Avg0,SD0,frust0,time
'11100',1,0.049653333333333334,0.0002422578974747542,0.4,2.2653100194168982
'00011',1,0.050116666666666664,0.0002673740617354057,0.4,2.2712782511341345
'01001',1,0.05004333333333333,0.0007385721961249899,0.4,2.2671074178381327
'10100',1,0.04979666666666666,0.0004206608557443327,0.4,2.2615831202890444
'11000',1,0.049523333333333336,0.00032252476218458387,0.4,2.254736389590807
'01110',1,0.050283333333333326,0.00013523641850067062,0.4,2.254145736286839
'10101',1,0.05011000000000001,0.00044519658579104243,0.4,2.2566687355607358
'00110',1,0.04980333333333333,0.0006878630354624042,0.4,2.265382992195646
'01010',1,0.04967,0.0002041241452319317,0.4,2.2588921703264933
'10010',1,0.04953333333333334,0.00024957742063113156,0.4,2.266471933393801
'11001',1,0.05076666666666666,0.0006897503574160397,0.4,2.27439038555411
'11010',1,0.04950000000000001,0.0009413111423257832,0.4,2.253589854407782
'10001',1,0.05031666666666667,0.0008156932974810797,0.4,2.2618776638380496
'00101',1,0.04987,0.000716286720990041,0.4,2.2646061362655856
'10011',1,0.05042,0.00031026870075253455,0.4,2.26002340570914
'00111',1,0.05017,0.00032690467519854653,0.4,2.2650689361141843
'01011',1,0.04969666666666667,0.0007484354050655,0.4,2.2688182711331795
'10110',1,0.04982,0.0003334666400106595,0.4,2.256206723828044
'01101',1,0.05058666666666667,0.0009208812204742915,0.4,2.267467469194271
'01100',1,0.050320000000000004,0.00047074409183759346,0.4,2.2694864429149386
