states,flag,Avg0,SD0,frust0,time
'111111',1,0.5003833333333333,0.0013758472137397652,0.23333333333333334,15.39568223066201
'000000',1,0.49961666666666665,0.0013758472137398107,0.23333333333333334,15.3313809788847
