states,flag,Avg0,SD0,frust0,time
'100100',1,0.36884999999999996,0.0028097805371001257,0.23333333333333334,11.35337631593544
'011011',1,0.3693633333333333,0.0016439045660324157,0.23333333333333334,11.355536946502687
'010101',1,0.13117666666666666,0.0006842189383198577,0.36666666666666664,7.76682255462206
'101010',1,0.13061,0.0013718843488671562,0.36666666666666664,7.768016637565855
