states,flag,Avg0,SD0,frust0,time
'00110',1,0.05034666666666667,0.0006645967866976875,0.4,2.2542187222131633
'01010',1,0.05030333333333333,0.00037818278943154175,0.4,2.2505884513370793
'10010',1,0.05052,0.0007879509290981689,0.4,2.260595095369055
'00011',1,0.05041333333333333,0.0004818252334151411,0.4,2.2558710320637325
'11010',1,0.049850000000000005,0.0005080026246651358,0.4,2.2514090264282665
'10110',1,0.049729999999999996,0.0007926327438774319,0.4,2.2579245632237215
'10001',1,0.049479999999999996,0.00045107279530766213,0.4,2.2506846191992005
'10100',1,0.049883333333333335,0.00042773304239391565,0.4,2.259166669815938
'00101',1,0.050359999999999995,0.0006122635598062882,0.4,2.2537709830960875
'01101',1,0.04986666666666667,0.0003638070306571282,0.4,2.2634782182913464
'10011',1,0.04948333333333333,0.0002613214283002597,0.4,2.2573045384248043
'10101',1,0.05021,0.0008792420978699023,0.4,2.2717010708583705
'01001',1,0.049859999999999995,0.00033536050254415244,0.4,2.2576172637502805
'11100',1,0.049896666666666666,0.0009426676096176323,0.4,2.2641100660112077
'00111',1,0.05043,0.0007101173611922647,0.4,2.2642300852102193
'01100',1,0.04975333333333334,0.00034315529364350013,0.4,2.260490762772496
'11001',1,0.04987333333333333,0.00031457201966410904,0.4,2.270049506462921
'01011',1,0.049973333333333335,0.0007031516352979782,0.4,2.263223666451785
'11000',1,0.04929666666666666,0.000191891172861656,0.4,2.2525087500445706
'01110',1,0.050469999999999994,8.602325267042706e-5,0.4,2.2665586571744396
