states,flag,Avg0,SD0,frust0,time
'000110',1,0.5002566666666667,0.0008335599691817006,0.23333333333333334,14.517851522616963
'111001',1,0.4997433333333334,0.0008335599691817098,0.23333333333333334,14.546404893252832
