states,flag,Avg0,SD0,frust0,time
'000011',1,0.5007233333333333,0.0018308710738031157,0.3,23.819406270637003
'111100',1,0.49927666666666665,0.0018308710738030635,0.3,23.74932875223118
