states,flag,Avg0,SD0,frust0,time
'11000',1,0.14981333333333335,0.0008816776936928556,0.4,6.8936380493961975
'01001',1,0.3075466666666667,0.0008658072662101096,0.3,9.40627208044954
'10110',1,0.3076933333333334,0.0008249983164966126,0.3,9.442784114382844
'00111',1,0.14916333333333334,0.0005942128313061608,0.4,6.895242082712529
'00001',1,0.04269,0.0004626733909213565,0.4,2.387425212616335
'11110',1,0.04309333333333334,0.00017326921891156076,0.4,2.372923739646802
