states,flag,Avg0,SD0,frust0,time
'11000',1,0.07290666666666668,0.0003278549814916487,0.4,3.3697008327076428
'10010',1,0.03144,0.00042245315322135513,0.5,2.0
'01010',1,0.19807333333333332,0.001292473941280401,0.3,14.602269781627143
'10001',1,0.19644333333333333,0.0011410326706784342,0.4,18.24583093741518
'01110',1,0.19722666666666666,0.0006209848808322297,0.4,18.330407983112668
'00111',1,0.07234333333333333,0.0008672305857664919,0.4,3.319238044248884
'10101',1,0.2004166666666667,0.0012576256288030318,0.3,14.501245536111204
'01101',1,0.03115,0.0004931531202375179,0.5,2.0
