states,flag,Avg0,SD0,frust0,time
'11100',1,0.45615999999999995,0.001601749044014074,0.25,12.019256000582457
'00011',1,0.45731000000000005,0.001120386837956721,0.25,11.99525710195182
'01100',1,0.043456666666666664,0.0005836856079165304,0.45,2.373887404730935
'10011',1,0.04307333333333333,0.0006114645442614717,0.45,2.3809440579117562
