states,flag,Avg0,SD0,frust0,time
'001011',1,0.49888333333333335,0.0016507843253704994,0.3,22.042036840518687
'110100',1,0.5011166666666667,0.0016507843253704816,0.3,21.975748345642213
