states,flag,Avg0,SD0,frust0,time
'101101',1,0.5009733333333334,0.0008948867091549656,0.3,32.986064421489125
'010010',1,0.4990266666666667,0.0008948867091549799,0.3,33.01393525278401
