states,flag,Avg0,SD0,frust0,time
'01011',1,0.3811466666666667,0.000308256747245257,0.15,8.639674968034102
'01111',1,0.11716666666666666,0.0010819221578078286,0.35,4.99449987546834
'10000',1,0.11859000000000001,0.0010894341038661616,0.35,4.995902013712466
'10100',1,0.38309666666666664,0.00023414145771781864,0.15,8.628090349399775
