states,flag,Avg0,SD0,frust0,time
'11001',1,0.04948666666666666,0.0008854879383079627,0.4,2.2653285260440548
'10110',1,0.05023333333333333,0.00041667999978667363,0.4,2.2597934907576027
'11010',1,0.05032333333333333,0.0010920724436694763,0.4,2.2626832665647085
'10011',1,0.050076666666666665,0.0002577250904010363,0.4,2.260151587978422
'01001',1,0.05056333333333333,0.00018080068829760774,0.4,2.2598778360991267
'01110',1,0.04956,0.0005217917847826523,0.4,2.2608848390853336
'11100',1,0.04972000000000001,0.00010424330514074634,0.4,2.2539677015852737
'10001',1,0.049870000000000005,0.0003676955262170028,0.4,2.250735148059741
'01101',1,0.05030333333333333,0.00041603952803656705,0.4,2.2593936584175167
'00101',1,0.04998,0.0002127596452964388,0.4,2.252883784696911
'01100',1,0.04947000000000001,0.0009064215354899727,0.4,2.2662572785094937
'10100',1,0.05038666666666666,0.0004054901012629294,0.4,2.252705348197537
'00011',1,0.050146666666666666,0.0003910953279643653,0.4,2.2700284903792967
'00111',1,0.05006333333333333,0.0003018093585177378,0.4,2.250507987879568
'01011',1,0.05019666666666667,0.0002559079695689229,0.4,2.2642869556405096
'10101',1,0.05009333333333333,0.0006890250761442267,0.4,2.2455647968640826
'01010',1,0.049806666666666666,0.00032499572646762874,0.4,2.249978879345359
'11000',1,0.049969999999999994,0.0010140348448976835,0.4,2.2569753228921665
'10010',1,0.05045,0.00034292856398964594,0.4,2.2668013012726784
'00110',1,0.049300000000000004,0.001246675579290779,0.4,2.2580925379629107
