states,flag,Avg0,SD0,frust0,time
'111111',1,0.5007033333333334,0.002277459598373195,0.26666666666666666,15.170887965589493
'000000',1,0.49929666666666667,0.0022774595983732094,0.26666666666666666,15.106000644292516
