states,flag,Avg0,SD0,frust0,time
'11000',1,0.5006,0.0016293761587388813,0.25,13.681642578940716
'00111',1,0.4994,0.001629376158738875,0.25,13.67535748710903
