states,flag,Avg0,SD0,frust0,time
'000000',1,0.5005233333333333,0.0011323230791411081,0.13333333333333333,12.4252921844013
'111111',1,0.4994766666666666,0.0011323230791410884,0.13333333333333333,12.443004059263565
