states,flag,Avg0,SD0,frust0,time
'111111',1,0.5006733333333333,0.001002541215556208,0.23333333333333334,15.52646752279522
'000000',1,0.4993266666666667,0.001002541215556192,0.23333333333333334,15.523083689491457
