states,flag,Avg0,SD0,frust0,time
'10000',1,0.49970999999999993,0.0031004193264782686,0.25,20.481161107227837
'01111',1,0.50029,0.0031004193264782863,0.25,20.420919714544056
