states,flag,Avg0,SD0,frust0,time
'10010',1,0.09862,0.00036986484017813775,0.4,9.127703073736118
'01001',1,0.24416000000000002,0.0007597806701059562,0.3,11.489681065112869
'00111',1,0.15564666666666668,0.0005917394321452232,0.4,10.901582507615075
'10110',1,0.24539,0.00042833009077891194,0.3,11.418687045927319
'11000',1,0.15627333333333335,0.001113922000062039,0.4,10.824344487026922
'01101',1,0.09991,0.00020510160083886777,0.4,9.061213358149706
