states,flag,Avg0,SD0,frust0,time
'01111',1,0.49908,0.0019415972805914025,0.4,15.306885312725464
'10000',1,0.5009199999999999,0.0019415972805914025,0.4,15.353025049521406
