states,flag,Avg0,SD0,frust0,time
'11111',1,0.4993033333333334,0.0008187931498383825,0.2,8.700198281726417
'00000',1,0.5006966666666667,0.0008187931498383373,0.2,8.71509540244823
