states,flag,Avg0,SD0,frust0,time
'101100',1,0.5020133333333333,0.001194719864886986,0.3333333333333333,20.63465631099369
'010011',1,0.49798666666666663,0.0011947198648869825,0.3333333333333333,20.718258558477142
