states,flag,Avg0,SD0,frust0,time
'00100',1,0.49993,0.0011405554202521943,0.4,33.93956291162555
'11011',1,0.50007,0.00114055542025217,0.4,33.91037383849663
