states,flag,Avg0,SD0,frust0,time
'01110',1,0.21802000000000002,0.0013023312430663196,0.4,9.605173824281158
'10001',1,0.21927333333333335,0.0011539593676651771,0.4,9.584826618812677
'10010',1,0.21842333333333333,0.0006948061280354107,0.4,9.57290662168838
'01101',1,0.21886999999999998,0.0007608328769622552,0.4,9.562076143335284
'10011',1,0.062470000000000005,0.0005372150407425355,0.4,2.9314276934973016
'01100',1,0.06294333333333334,0.00038125523675820586,0.4,2.9696859981874373
