states,flag,Avg0,SD0,frust0,time
'10100',1,0.29868999999999996,0.00193908913324442,0.25,9.525846983209279
'10101',1,0.20008,0.0005119244735961152,0.35,8.742704095920766
'01011',1,0.29952666666666666,0.0006775117875153475,0.25,9.510446729893465
'01010',1,0.20170333333333332,0.0011228634031894642,0.35,8.667779684951148
