states,flag,Avg0,SD0,frust0,time
'010011',1,0.49971999999999994,0.0005378351668184625,0.3333333333333333,41.00707956229945
'101100',1,0.5002800000000001,0.0005378351668184877,0.3333333333333333,41.184742153811975
