states,flag,Avg0,SD0,frust0,time
'10010',1,0.09717666666666665,0.0008367529835952531,0.3,3.7614935555312665
'01101',1,0.09793666666666667,0.0010850601621825167,0.3,3.7907430558692283
'00010',1,0.33555333333333337,0.0018362522218426781,0.2,8.896646836174751
'10000',1,0.06680666666666667,0.0007511916459126038,0.4,3.2948546379575423
'11101',1,0.33495333333333327,0.0015831684124634933,0.2,8.869734227019102
'01111',1,0.06757333333333333,0.0004046672158151108,0.4,3.3082832890049443
