states,flag,Avg0,SD0,frust0,time
'11010',1,0.4998,0.0016334217663134965,0.4,34.555161211049644
'00101',1,0.5002,0.0016334217663134716,0.4,34.615885261140455
