states,flag,Avg0,SD0,frust0,time
'11111',1,0.4620666666666667,0.0023690410624460623,0.3,34.39490302610399
'00000',1,0.4627266666666667,0.001661351524780016,0.3,34.30538986093162
'01000',1,0.03729333333333334,0.0005687608362826045,0.4,2.0
'10111',1,0.037913333333333334,0.00026712460679532215,0.4,2.0
