states,flag,Avg0,SD0,frust0,time
'11110',1,0.11854999999999999,0.00029063149634316326,0.3,5.065413422626139
'10001',1,0.12279,0.0012071730061042017,0.3,5.023395729578942
'00000',1,0.14878333333333335,0.0012309977886070988,0.3,5.5489931560873496
'01100',1,0.11148666666666666,0.00037721199462488876,0.4,5.6498289006923175
'10011',1,0.11018666666666665,0.0007092405954415094,0.4,5.655203064810178
'11111',1,0.1477966666666667,0.0002659991645767957,0.3,5.565161158372386
'00001',1,0.11782333333333332,0.0005850546033396257,0.3,5.012050470700852
'01110',1,0.12258333333333334,0.0004982859509246548,0.3,5.006388636113848
