states,flag,Avg0,SD0,frust0,time
'01110',1,0.4365333333333334,0.0006058786090372344,0.35,11.285883453338585
'10001',1,0.43812333333333336,9.177266598623905e-5,0.35,11.314398999001163
'01001',1,0.06303666666666667,0.0004784930047091143,0.45,4.160543314036044
'10110',1,0.062306666666666656,5.436502143433298e-5,0.45,4.246618143228187
