states,flag,Avg0,SD0,frust0,time
'10101',1,0.4992566666666667,0.0006001296156294417,0.15,9.317491534615272
'01010',1,0.5007433333333333,0.0006001296156294871,0.15,9.316603762967551
