states,flag,Avg0,SD0,frust0,time
'111010',1,0.49901666666666666,0.001249648839563423,0.3333333333333333,30.319236617074395
'000101',1,0.5009833333333333,0.001249648839563402,0.3333333333333333,30.1629669424573
