states,flag,Avg0,SD0,frust0,time
'111111',1,0.5012833333333333,0.0002444494948972903,0.16666666666666666,12.533528906758837
'000000',1,0.4987166666666667,0.0002444494948973163,0.16666666666666666,12.542288958396314
