states,flag,Avg0,SD0,frust0,time
'01111',1,0.20004,0.0014405785874663942,0.25,6.281580683074743
'11000',1,0.29978666666666665,0.0011735227119896673,0.15,7.842925570582987
'00111',1,0.29994000000000004,0.0005943624034767594,0.15,7.853430810863993
'10000',1,0.20023333333333335,0.0014303690277531714,0.25,6.299405441165653
