states,flag,Avg0,SD0,frust0,time
'111111',1,0.50196,0.000959062041788737,0.13333333333333333,11.147877627621034
'000000',1,0.49804000000000004,0.000959062041788755,0.13333333333333333,11.16214538520677
