states,flag,Avg0,SD0,frust0,time
'11111',1,0.2895933333333333,0.00052689868307126,0.25,8.99723355514787
'11011',1,0.21246,0.0006491532946847026,0.25,7.810424845007589
'00000',1,0.28861,0.0002967602848540615,0.25,9.037007594695245
'00100',1,0.20933666666666664,0.00026132142830026576,0.25,7.812028606550218
