states,flag,Avg0,SD0,frust0,time
'110000',1,0.23868,0.00046676189504571674,0.3,10.808521463891196
'010011',1,0.26083666666666666,0.0010299622431051757,0.3,11.052790536572786
'101100',1,0.26064666666666664,0.000654081204608575,0.3,11.026200275580171
'001111',1,0.23983666666666667,0.0003437376260399144,0.3,10.849507345166295
