states,flag,Avg0,SD0,frust0,time
'000011',1,0.50036,0.000607014552269302,0.3,16.964040441789916
'111100',1,0.49964000000000003,0.0006070145522692771,0.3,16.980044978973933
