states,flag,Avg0,SD0,frust0,time
'10001',1,0.19847666666666666,0.0007270641114937694,0.3,7.930415034120493
'01110',1,0.19926999999999997,0.0007824321056807407,0.3,7.924462803656454
'01111',1,0.15042666666666668,0.0005751135153650591,0.3,5.97684641459172
'10000',1,0.15085,0.001416756859873986,0.3,5.954052376047574
'10111',1,0.08949666666666667,0.00027764885897278404,0.4,4.283227194302717
'01000',1,0.08944,0.0005256107558513831,0.4,4.274330935197779
'10101',1,0.061393333333333334,0.00046348918242201123,0.4,2.8188033521625893
'01010',1,0.060646666666666675,0.00024280765135299156,0.4,2.817495496866824
