states,flag,Avg0,SD0,frust0,time
'000000',1,0.49974,0.0008907300376657566,0.13333333333333333,11.102992607005527
'111111',1,0.50026,0.0008907300376657409,0.13333333333333333,11.098622322832833
