states,flag,Avg0,SD0,frust0,time
'10000',1,0.15139333333333335,0.0012466577539788398,0.4,7.344302703923089
'01111',1,0.1506566666666667,0.001254600423330964,0.4,7.274415514411703
'11100',1,0.23931666666666665,0.00023669013968102395,0.3,6.886929077564095
'10001',1,0.07721333333333334,0.0001541283736226285,0.4,3.583640125657137
'00011',1,0.2412466666666667,0.00023795424396767318,0.3,6.92741128144473
'01110',1,0.07755,0.00073171032519707,0.4,3.5772485863922987
'00010',1,0.03170333333333333,0.00029936970825757115,0.5,2.0
'11101',1,0.030920000000000003,0.000516978400580398,0.5,2.0
