states,flag,Avg0,SD0,frust0,time
'01011',1,0.4988766666666667,7.760297817882802e-5,0.3,29.219716187210782
'10100',1,0.5011233333333333,7.760297817882802e-5,0.3,29.08726703582123
