states,flag,Avg0,SD0,frust0,time
'000000',1,0.4987166666666667,0.002133546864313562,0.16666666666666666,13.332893998089368
'111111',1,0.5012833333333333,0.0021335468643135552,0.16666666666666666,13.274638649126599
