states,flag,Avg0,SD0,frust0,time
'110011',1,0.5018666666666668,0.00031008959278818854,0.26666666666666666,17.631014198749934
'001100',1,0.4981333333333334,0.0003100895927882146,0.26666666666666666,17.68255482656771
