states,flag,Avg0,SD0,frust0,time
'11100',1,0.24795,0.0012754084313139301,0.25,7.66119581871315
'01011',1,0.06284666666666666,0.00020171487027209823,0.35,3.356950835105831
'10110',1,0.13438000000000003,0.00023508863576673797,0.35,5.489304291906155
'00011',1,0.24616000000000002,0.0015159815302305038,0.25,7.654955119014692
'01001',1,0.13432666666666668,0.0011203074974706197,0.35,5.492965502975878
'10100',1,0.06326,0.00014514360704718333,0.35,3.3704417473917654
'00101',1,0.055600000000000004,0.00024166091947189002,0.45,3.508898329424174
'11010',1,0.05547666666666667,0.0005257587110283778,0.45,3.52148454234139
