states,flag,Avg0,SD0,frust0,time
'01101',1,0.46069000000000004,0.00031016124838540506,0.3,32.22510023316037
'10010',1,0.45781333333333335,0.0003600308628745871,0.3,32.23874890064402
'00011',1,0.04089333333333334,0.000249443825784931,0.4,2.1802806380393274
'11100',1,0.04060333333333333,0.0005638754787677441,0.4,2.178015053065993
