states,flag,Avg0,SD0,frust0,time
'11111',1,0.49868333333333337,0.00014884742374509752,0.2,10.690555970921208
'00000',1,0.5013166666666667,0.0001488474237451137,0.2,10.682560556499999
