states,flag,Avg0,SD0,frust0,time
'11011',1,0.2822766666666667,0.000662436579773665,0.25,11.411754544821013
'01011',1,0.16374,0.0009896800829897873,0.35,10.583540481384116
'01010',1,0.054846666666666676,0.0007109774179880039,0.45,3.508697180548324
'00100',1,0.27974666666666664,0.001841201298669493,0.25,11.471815363974207
'10100',1,0.16381333333333334,0.0020726847860256525,0.35,10.473895159629473
'10101',1,0.05557666666666666,0.00031372316175606467,0.45,3.494166651550175
