states,flag,Avg0,SD0,frust0,time
'01111',1,0.18375,0.0021140640166907626,0.4,9.178581884917966
'11100',1,0.20495666666666668,0.0006753435339802239,0.3,6.4239051679805526
'00011',1,0.20638666666666663,0.0007246301738741532,0.3,6.437610752652262
'10001',1,0.07770666666666666,0.0005636981067517897,0.4,3.6183280183745
'01110',1,0.07783666666666667,0.0012641026681229452,0.4,3.6106356007559515
'10000',1,0.1857966666666667,0.0012072098225062414,0.4,9.273287469405547
'00010',1,0.031573333333333335,0.00028288199345702673,0.5,2.0
'11101',1,0.03199333333333334,0.00013888444437333073,0.5,2.0
