states,flag,Avg0,SD0,frust0,time
'11001',1,0.42582000000000003,0.0014023076219812404,0.35,20.86748618166328
'00010',1,0.03743,9.273618495495749e-5,0.45,2.0
'00110',1,0.4251933333333333,0.0009897586686774783,0.35,20.771781333878263
'11101',1,0.03756333333333333,0.0005763293811316207,0.45,2.0
'00100',1,0.037193333333333335,0.0005517447074709647,0.45,2.0
'11011',1,0.0368,0.0002963106478005819,0.45,2.0
