states,flag,Avg0,SD0,frust0,time
'000000',1,0.4996499999999999,0.0006397395303298436,0.13333333333333333,10.89234940333022
'111111',1,0.50035,0.0006397395303298624,0.13333333333333333,10.89906514250812
