states,flag,Avg0,SD0,frust0,time
'0101',1,0.49923,0.000861278120005358,0.3333333333333333,11.025008618384257
'1010',1,0.50077,0.0008612781200053659,0.3333333333333333,10.951751646129495
