states,flag,Avg0,SD0,frust0,time
'111111',1,0.49938,0.0012650955168155163,0.16666666666666666,13.669197476014537
'000000',1,0.50062,0.0012650955168154979,0.16666666666666666,13.641203982788904
