states,flag,Avg0,SD0,frust0,time
'11001',1,0.18809,0.0004032369030731231,0.35,6.901623290667678
'10010',1,0.31015,0.0010577649392311517,0.45,12.401588209017069
'00110',1,0.19064666666666666,0.001312131429731372,0.35,6.926311451465824
'01101',1,0.3111133333333333,0.0004888308046303617,0.45,12.423000355739902
