states,flag,Avg0,SD0,frust0,time
'000100',1,0.49933333333333335,0.0024295998756082584,0.3,13.734797105635911
'111011',1,0.5006666666666667,0.0024295998756082063,0.3,13.73310635849144
