states,flag,Avg0,SD0,frust0,time
'011010',1,0.4991733333333334,0.00042499673201357255,0.26666666666666666,15.916854504965592
'100101',1,0.5008266666666666,0.0004249967320135958,0.26666666666666666,15.957890565955168
