states,flag,Avg0,SD0,frust0,time
'11111',1,0.058379999999999994,0.000498263651761459,0.3,2.730270837316706
'11011',1,0.2650133333333333,0.0014479717615417107,0.3,9.416209660393688
'00001',1,0.1774,0.0012958652193290256,0.3,5.863455964487367
'11110',1,0.17664,0.0004907816894166603,0.3,5.892541179796908
'00100',1,0.26295666666666667,0.001110925540059083,0.3,9.408296131703947
'00000',1,0.059609999999999996,0.0002687005768508878,0.3,2.7415424239375255
