states,flag,Avg0,SD0,frust0,time
'111',1,0.49921999999999994,0.0014960614960622335,0.3333333333333333,5.352603972390706
'000',1,0.5007799999999999,0.00149606149606223,0.3333333333333333,5.344779839258957
