states,flag,Avg0,SD0,frust0,time
'00110',1,0.5014533333333333,0.00012036980056843498,0.25,10.79817122691881
'11001',1,0.4985466666666667,0.0001203698005684524,0.25,10.827552210072879
