states,flag,Avg0,SD0,frust0,time
'11100',1,0.05498666666666666,0.0010746885853844164,0.4,2.594268837336548
'00111',1,0.35896,0.0012021092573749823,0.4,12.050655531696053
'11000',1,0.3599966666666667,0.0020350320772792698,0.4,12.031751767232725
'00011',1,0.054553333333333336,0.00012552113589175227,0.4,2.5987860733914667
'11110',1,0.08587,0.0009977307586050781,0.4,4.594709604745152
'00001',1,0.08563333333333334,0.000228958996814325,0.4,4.578260163880185
