states,flag,Avg0,SD0,frust0,time
'1010',1,0.49882,0.0008524474568362943,0.25,6.902700668292723
'0101',1,0.5011800000000001,0.0008524474568363051,0.25,6.902888753280467
