states,flag,Avg0,SD0,frust0,time
'01',1,0.49985000000000007,0.0009675742865537668,0.0,2.0
'10',1,0.5001500000000001,0.0009675742865537666,0.0,2.0
