states,flag,Avg0,SD0,frust0,time
'10',1,0.49992666666666663,0.0005310576449145686,0.5,2.0
'01',1,0.5000733333333334,0.0005310576449145686,0.5,2.0
