states,flag,Avg0,SD0,frust0,time
'100',1,0.16754666666666665,0.001003205971982928,0.2222222222222222,2.0
'101',1,0.16736333333333334,0.00036935379004717997,0.2222222222222222,2.0
'001',1,0.16664,0.0005184592558726334,0.2222222222222222,2.0
'010',1,0.16583333333333336,0.00032714251057027637,0.2222222222222222,2.0
'110',1,0.16602666666666666,0.0011109255400590789,0.2222222222222222,2.0
'011',1,0.16659000000000002,0.0018595877679385476,0.2222222222222222,2.0
