states,flag,Avg0,SD0,frust0,time
'0011',1,0.16723333333333332,0.0012351877949886348,0.5,2.538773476109096
'1001',1,0.16638333333333333,0.0018033364140454357,0.5,2.5320056759936054
'0110',1,0.16660666666666668,0.0006624365797736588,0.5,2.5311700335028107
'0101',1,0.16619000000000003,0.000658685559783014,0.5,2.537100355951735
'1010',1,0.16746666666666665,0.00127593974082721,0.5,2.5338474505394095
'1100',1,0.16612,0.0009102014429051838,0.5,2.531345007160287
