states,flag,Avg0,SD0,frust0,time
'111111111111000000',1,0.16803666666666664,0.0007575545451575636,0.23529411764705882,47.56697243299576
'000000111111111111',1,0.16527,0.0012422828448733676,0.23529411764705882,47.586623077216
'000000000000111111',1,0.16610666666666665,0.0009933892601705677,0.23529411764705882,47.72344157282925
'000000111111000000',1,0.16684666666666667,0.0003209707497922943,0.23529411764705882,47.607120431079146
'111111000000000000',1,0.16666,0.0009126152895205408,0.23529411764705882,47.49004571478043
'111111000000111111',1,0.16708,0.00024055491403558808,0.23529411764705882,47.59333132552066
