states,flag,Avg0,SD0,frust0,time
'00000000111111',1,0.5008199999999999,0.0010316330096825385,0.0,34.22477600363251
'11111111000000',1,0.49917999999999996,0.0010316330096825188,0.0,34.26789906622533
