states,flag,Avg0,SD0,frust0,time
'0000000111',1,0.49765,0.002183132306266999,0.0,21.229280242336273
'1111111000',1,0.50235,0.00218313230626698,0.0,21.203246128312593
