states,flag,Avg0,SD0,frust0,time
'000000000001111111111111',1,0.37959999999999994,0.0008904306074404092,0.15217391304347827,76.29892752278529
'111111111110000000000000',1,0.37634666666666666,0.0011040632026997233,0.15217391304347827,76.22094002676538
'111111111111111111000000',1,0.050743333333333335,0.000181169043222681,0.27898550724637683,68.6466817357977
'111111111110000000111111',1,0.07135000000000001,0.0004852490769354056,0.2391304347826087,68.89179786308873
'000000000001111111000000',1,0.07202333333333333,0.001076547981074484,0.2391304347826087,68.97170095128088
'000000000000000000111111',1,0.049936666666666664,0.000727659871704416,0.27898550724637683,68.64180662715727
