states,flag,Avg0,SD0,frust0,time
'000000000011111111',1,0.50046,0.00035693136595148174,0.0,48.52460491377142
'111111111100000000',1,0.49953999999999993,0.00035693136595149995,0.0,48.48702857281415
