states,flag,Avg0,SD0,frust0,time
'000000111111',1,0.5003166666666666,0.0009042983775035533,0.0,27.612131836759207
'111111000000',1,0.4996833333333333,0.0009042983775035388,0.0,27.565810017096563
