states,flag,Avg0,SD0,frust0,time
'111111000000000000001111',1,0.15335333333333334,0.0004737322262863577,0.2644927536231884,70.30290548534383
'000000111111111111110000',1,0.15281333333333333,0.0010229803951635114,0.2644927536231884,70.25321715316589
'111111000000011111110000',1,0.17323,0.000600166643524946,0.2536231884057971,72.0880762986527
'000000111111100000001111',1,0.17409333333333332,0.0003425719713513621,0.2536231884057971,72.00843277841602
'000000000000011111111111',1,0.17433,0.0011744786077234465,0.2536231884057971,71.81592366139968
'111111111111100000000000',1,0.17218,0.0008950232771647151,0.2536231884057971,72.18970872519806
