states,flag,Avg0,SD0,frust0,time
'111111000000',1,0.50052,0.001002230844998613,0.12121212121212122,32.92115934265561
'000000111111',1,0.49948,0.0010022308449986427,0.12121212121212122,32.951559047938936
