states,flag,Avg0,SD0,frust0,time
'11111111110000000000000000011111',1,0.18739333333333333,0.0014912708972178415,0.24596774193548387,108.37005564360356
'00000000000000000011111111111111',1,0.16575333333333334,0.0009732876701617535,0.25201612903225806,105.58573988243063
'11111111111111111100000000000000',1,0.16645,0.00038841558499456286,0.25201612903225806,105.1656659342563
'11111111110000000011111111100000',1,0.14601666666666668,0.0004904646323187416,0.2620967741935484,103.72667872453604
'00000000001111111111111111100000',1,0.18769333333333335,0.0006027345094557653,0.24596774193548387,108.03243072173358
'00000000001111111100000000011111',1,0.14669333333333334,0.0005920773222777232,0.2620967741935484,103.7439218619745
