states,flag,Avg0,SD0,frust0,time
'11111000000000011111',1,0.16716,0.000311234102672996,0.2631578947368421,54.551176341371026
'00000000001111111111',1,0.16589666666666666,0.0007763733351652066,0.2631578947368421,54.521363841892935
'00000111111111100000',1,0.1680366666666667,0.0005944371754488097,0.2631578947368421,54.55030978368666
'00000111110000011111',1,0.16730333333333336,0.0012526593932731987,0.2631578947368421,54.648708700526676
'11111000001111100000',1,0.16610333333333333,0.0011082819536963036,0.2631578947368421,54.72567395597115
'11111111110000000000',1,0.1655,0.0004739198244429208,0.2631578947368421,54.666767212895195
