states,flag,Avg0,SD0,frust0,time
'00000000011111111111',1,0.1748966666666667,0.0005103158063613381,0.24210526315789474,56.57481373251114
'11111111100000000000',1,0.17392666666666665,0.0007189962138673358,0.24210526315789474,56.3967576862264
'11100000011111110000',1,0.21184,0.000981121806912877,0.23684210526315788,61.341778859862494
'00011111111111110000',1,0.11301333333333334,0.00041152831683318684,0.28421052631578947,53.309896391205335
'11100000000000001111',1,0.11392000000000001,0.0002753179979587274,0.28421052631578947,53.25092254335896
'00011111100000001111',1,0.21240333333333336,0.0012742143548956908,0.23684210526315788,61.33276248803164
