states,flag,Avg0,SD0,frust0,time
'1111000000000000000011111111',1,0.16662333333333332,0.0004439469437769414,0.25132275132275134,88.27684773937848
'0000000000011111111111111111',1,0.14134333333333335,0.0007975100138695566,0.26455026455026454,86.44999303443046
'0000111111100000000011111111',1,0.19318666666666665,0.0007523001764957579,0.24338624338624337,91.19792503685233
'1111000000011111111100000000',1,0.19255999999999998,0.00029063149634315914,0.24338624338624337,91.31479431163655
'0000111111111111111100000000',1,0.16458,0.0008739565206576317,0.25132275132275134,88.08385237721343
'1111111111100000000000000000',1,0.14170666666666665,0.0008772051578102485,0.26455026455026454,86.49859230490203
