states,flag,Avg0,SD0,frust0,time
'1000011100',1,0.05752666666666666,0.0003147838764754141,0.3333333333333333,13.870062431466515
'1111100000',1,0.14722666666666664,0.0014865246568945875,0.3111111111111111,21.332970386554987
'1110000011',1,0.14782333333333333,0.001143862851141787,0.3111111111111111,21.422678358957764
'0000011111',1,0.14704333333333333,0.0009798412569844634,0.3111111111111111,21.346022530511775
'1001100011',1,0.14820333333333333,0.001459893451211042,0.3111111111111111,21.315715879438823
'0110011100',1,0.14754,0.0005748623023530659,0.3111111111111111,21.34930867452555
'0001111100',1,0.14690666666666666,0.0012052754410875925,0.3111111111111111,21.32017665024357
'0111100011',1,0.057730000000000004,0.000433666538560062,0.3333333333333333,13.890606678190679
