states,flag,Avg0,SD0,frust0,time
'0000111111',1,0.49879,0.0012336396016125344,0.0,21.22798308465569
'1111000000',1,0.50121,0.0012336396016125082,0.0,21.20850694624271
