states,flag,Avg0,SD0,frust0,time
'11111111111000000000',1,0.5000633333333333,0.0015406564257556476,0.0,55.99022202887617
'00000000000111111111',1,0.49993666666666664,0.0015406564257556632,0.0,56.01816353739333
