states,flag,Avg0,SD0,frust0,time
'11111111100000000000',1,0.5001666666666668,0.0010441689944108267,0.0,55.924408726587934
'00000000011111111111',1,0.49983333333333335,0.0010441689944108267,0.0,55.97752087645972
