states,flag,Avg0,SD0,frust0,time
'000000011111',1,0.4997266666666667,0.0011905274274688657,0.0,27.55332173040266
'111111100000',1,0.5002733333333333,0.0011905274274688212,0.0,27.602302988337104
