states,flag,Avg0,SD0,frust0,time
'111100000000',1,0.16694666666666666,0.0017392782666637591,0.24242424242424243,26.03427185256071
'111100001111',1,0.16671999999999998,0.00047770283649984936,0.24242424242424243,26.1798454754063
'111111110000',1,0.16649,0.0009408861071706065,0.24242424242424243,26.119757811633367
'000011111111',1,0.16634333333333332,0.0010818605373254994,0.24242424242424243,26.07689438425753
'000011110000',1,0.1663133333333333,0.0006014611837480077,0.24242424242424243,26.190464516456952
'000000001111',1,0.16718666666666668,0.0005411305038733488,0.24242424242424243,26.079657155268958
