states,flag,Avg0,SD0,frust0,time
'1110000000000111111111100000000000000000',1,0.09260333333333333,0.0007732758599332856,0.2564102564102564,138.29018407964702
'0001111111111111111111100000000000000000',1,0.3150366666666667,0.0004682829154356372,0.1935897435897436,169.8559164637877
'1110000000000000000000011111111111111111',1,0.31355666666666665,0.00022065558884581143,0.1935897435897436,169.33771504690847
'0000000000000111111111111111111111111111',1,0.09248333333333335,0.00020171487027209907,0.2564102564102564,138.3433011798802
'1111111111111000000000000000000000000000',1,0.09285666666666666,0.0003068477726097341,0.2564102564102564,138.35810521357277
'0001111111111000000000011111111111111111',1,0.09346333333333334,0.000951571799124418,0.2564102564102564,138.1892693481905
