states,flag,Avg0,SD0,frust0,time
'0000001111011111',1,0.24009,0.0006605048574133789,0.21666666666666667,43.46418598994336
'1111111111000000',1,0.15663000000000002,0.0004917316341257678,0.24166666666666667,40.32775911942162
'0000001111100000',1,0.10247,0.00030865298745786377,0.2833333333333333,38.70345978223265
'0000000000111111',1,0.15678666666666666,0.0013422700506563014,0.24166666666666667,40.26338162640722
'1111110000100000',1,0.24126,0.0013354400023962122,0.21666666666666667,43.485899876803245
'1111110000011111',1,0.10276333333333332,0.0009560450942409664,0.2833333333333333,38.62284218313594
