states,flag,Avg0,SD0,frust0,time
'000001111110',1,0.5003866666666666,0.0010843226252161033,0.16666666666666666,34.850778290529654
'111110000001',1,0.4996133333333333,0.001084322625216127,0.16666666666666666,34.89764199028268
