states,flag,Avg0,SD0,frust0,time
'111111110000000000000',1,0.22344666666666665,0.0016932874009518378,0.2,60.05344743364853
'000000001111110000000',1,0.11667000000000001,0.0009697766065783747,0.26666666666666666,58.93002250376909
'000000001111111111111',1,0.22196666666666665,0.0010727638240648392,0.2,59.93692314406551
'000000000000001111111',1,0.16036999999999998,0.00044211612350904695,0.22857142857142856,59.13469651512179
'111111110000001111111',1,0.11669999999999998,0.0014813732367862883,0.26666666666666666,58.61154443448862
'111111111111110000000',1,0.16084666666666667,0.0008404099528735255,0.22857142857142856,59.237215593945564
