states,flag,Avg0,SD0,frust0,time
'111111111111000000000000000',1,0.31982,0.0002083266665600006,0.15954415954415954,86.03391061287606
'000000000000111111111111111',1,0.32163,0.0008000416655816558,0.15954415954415954,85.9909365645641
'111111111111111111100000000',1,0.10150999999999999,0.0014684912892716326,0.23931623931623933,82.7342692754463
'000000000000000000011111111',1,0.10189666666666668,0.0006614294285023058,0.23931623931623933,82.46288194651139
'111111111111000000011111111',1,0.07769333333333334,0.00045257289161219113,0.27350427350427353,82.78587306217469
'000000000000111111100000000',1,0.07745,0.0010357927720672077,0.27350427350427353,82.1882554830669
