states,flag,Avg0,SD0,frust0,time
'000000111',1,0.13669666666666666,0.00025772509040104124,0.2222222222222222,16.863666975216734
'000011111',1,0.30367000000000005,0.0020749136528218862,0.16666666666666666,18.27874762874153
'111100000',1,0.30352333333333337,0.000868766686490431,0.16666666666666666,18.349520463051846
'111111000',1,0.13882666666666665,0.0009738697152197568,0.2222222222222222,16.97476696835093
'111100111',1,0.05869333333333334,0.0009635120941407827,0.3333333333333333,15.885020349737736
'000011000',1,0.05859,0.00011430952132987983,0.3333333333333333,15.88223091876028
