states,flag,Avg0,SD0,frust0,time
'111111111100000000000000000000',1,0.12759,0.0005119244735961186,0.20919540229885059,95.02355046851217
'000000000011111111111111111111',1,0.12762333333333334,0.00030575952787916736,0.20919540229885059,95.30461621254517
'111111111100000000000001111111',1,0.31466999999999995,0.0009106408000230792,0.16091954022988506,99.42710299803258
'000000000011111111111110000000',1,0.31304000000000004,0.0002616613587572169,0.16091954022988506,99.26267949334094
'111111111111111111111110000000',1,0.05835333333333333,0.0007752132323145403,0.2988505747126437,94.1111140185277
'000000000000000000000001111111',1,0.05872333333333333,0.00022156012477178732,0.2988505747126437,93.7969185762687
