states,flag,Avg0,SD0,frust0,time
'001111100',1,0.50006,0.0022930474628028476,0.1111111111111111,21.52847926839462
'110000011',1,0.49994000000000005,0.0022930474628028645,0.1111111111111111,21.581082124886944
