states,flag,Avg0,SD0,frust0,time
'111000000',1,0.1381,0.0006071243694664153,0.2222222222222222,17.02412871154598
'000110000',1,0.05955666666666667,0.0005275309364282712,0.3333333333333333,15.802006604640802
'111110000',1,0.30279666666666666,0.0014760608237994542,0.16666666666666666,18.27271971106077
'000111111',1,0.13788999999999998,0.0009003332716277884,0.2222222222222222,16.86786234182335
'111001111',1,0.05906999999999999,0.0005930148958219066,0.3333333333333333,15.663709491413185
'000001111',1,0.30258666666666667,0.001448270999809384,0.16666666666666666,18.331502444579936
