states,flag,Avg0,SD0,frust0,time
'111111111100000000',1,0.4992366666666667,0.0015697628978783855,0.0784313725490196,51.73161443014061
'000000000011111111',1,0.5007633333333333,0.0015697628978784052,0.0784313725490196,51.69772348381159
