states,flag,Avg0,SD0,frust0,time
'000000001111111111000000',1,0.2867366666666667,0.0003559338265589287,0.17391304347826086,73.48094067432845
'111111110000000000111111',1,0.28735333333333335,0.0007901617274682183,0.17391304347826086,73.42431076586696
'000000001111111111111111',1,0.14118666666666668,0.00045565581552552077,0.21739130434782608,70.52575605178792
'111111110000000000000000',1,0.14015999999999998,0.0002922327839240451,0.21739130434782608,70.52100647690155
'000000000000000000111111',1,0.07234666666666667,0.0001084230397819345,0.2898550724637681,69.33459020372199
'111111111111111111000000',1,0.07221666666666667,0.0007962132600977905,0.2898550724637681,69.15091058717557
