states,flag,Avg0,SD0,frust0,time
'1111111000000000000001111111',1,0.16695666666666667,0.0005834571297209636,0.25925925925925924,87.27372561950847
'0000000111111100000001111111',1,0.16762333333333335,0.0006295677529508231,0.25925925925925924,87.1466286880177
'1111111111111100000000000000',1,0.1670033333333333,0.0008671921483859336,0.25925925925925924,87.03250039309718
'1111111000000011111110000000',1,0.16632333333333335,0.0002361261433123275,0.25925925925925924,87.0403304147378
'0000000000000011111111111111',1,0.16624999999999998,0.0009763537610244908,0.25925925925925924,87.1879220751581
'0000000111111111111110000000',1,0.16584333333333334,0.00034969828265075866,0.25925925925925924,87.12365048934402
