states,flag,Avg0,SD0,frust0,time
'000000000000000001111111',1,0.10353,0.001167304587500622,0.2536231884057971,69.64934652914702
'111111111111111110000000',1,0.10362333333333333,0.0007179755489491889,0.2536231884057971,69.88410782086345
'111111100000000001111111',1,0.29224999999999995,0.0005870264048575648,0.17753623188405798,73.50511833463042
'000000011111111110000000',1,0.29136,0.0007851539127245344,0.17753623188405798,73.53478283463157
'111111100000000000000000',1,0.10481333333333333,0.0010702751463473735,0.2536231884057971,70.30892806777254
'000000011111111111111111',1,0.10442333333333333,0.0005686436103180563,0.2536231884057971,69.83246476676543
