states,flag,Avg0,SD0,frust0,time
'11111111000000000000000011111111',1,0.16714333333333334,0.00012119772641799055,0.25806451612903225,104.40102646053107
'11111111111111110000000000000000',1,0.1678833333333333,0.0001291854825005105,0.25806451612903225,104.31638286025316
'11111111000000001111111100000000',1,0.16677,0.0011469088891450738,0.25806451612903225,104.20448283448052
'00000000111111111111111100000000',1,0.1657,0.0007836240595251428,0.25806451612903225,103.92265057622303
'00000000111111110000000011111111',1,0.16630666666666669,0.0005087457343528509,0.25806451612903225,104.27602166048392
'00000000000000001111111111111111',1,0.16619666666666666,0.0006177557949725908,0.25806451612903225,104.47895241090295
