states,flag,Avg0,SD0,frust0,time
'000011111111111111',1,0.04143333333333333,0.00033628691453710673,0.3137254901960784,44.09578673458961
'000011111111000000',1,0.3444133333333334,0.001630957455675088,0.1568627450980392,51.06783634020922
'111100000000000000',1,0.041536666666666666,0.0002691137718925244,0.3137254901960784,44.62964220141976
'111100000000111111',1,0.34391333333333335,0.001562398441143884,0.1568627450980392,51.1738838059591
'111111111111000000',1,0.11370666666666666,0.0010284724379172978,0.20915032679738563,46.57726744000374
'000000000000111111',1,0.11499666666666665,0.0008392589323656651,0.20915032679738563,46.381065774929134
