states,flag,Avg0,SD0,frust0,time
'000000111111111000',1,0.5015466666666667,0.0018756213785184937,0.11764705882352941,57.00454518139816
'111111000000000111',1,0.49845333333333325,0.0018756213785184775,0.11764705882352941,56.908746525642094
