states,flag,Avg0,SD0,frust0,time
'0111',1,0.49888666666666664,0.0024163930879630238,0.0,5.418607483853823
'1000',1,0.5011133333333333,0.0024163930879630324,0.0,5.429507259028086
