states,flag,Avg0,SD0,frust0,time
'111111111111100000000000000000',1,0.30165000000000003,0.0010022308449986334,0.15172413793103448,98.9111377157717
'000000000000000000011111111111',1,0.15741999999999998,0.0007144695001654484,0.1793103448275862,95.87821258714985
'111111111111111111100000000000',1,0.15716333333333335,0.0008034232314844299,0.1793103448275862,96.03711694162466
'000000000000011111111111111111',1,0.30464,0.0009273977931107352,0.15172413793103448,99.08950102329696
'000000000000011111100000000000',1,0.03988,0.0005671566509057851,0.32873563218390806,93.5411634015589
'111111111111100000011111111111',1,0.03924666666666667,0.0008333199998933305,0.32873563218390806,93.33060575518648
