states,flag,Avg0,SD0,frust0,time
'000001111111111111',1,0.49781000000000003,0.001260343868421091,0.0,48.47790551795359
'111110000000000000',1,0.50219,0.0012603438684211051,0.0,48.47045317286594
