states,flag,Avg0,SD0,frust0,time
'000000111111',1,0.16566666666666666,0.0009035608569555311,0.2727272727272727,25.28862696404863
'111000000111',1,0.16695666666666667,0.0010741301390220616,0.2727272727272727,25.446805491252196
'111111000000',1,0.16643333333333332,0.001448685227676763,0.2727272727272727,25.276656606530768
'000111111000',1,0.16713999999999998,0.0018553705829294595,0.2727272727272727,25.369797801839695
'111000111000',1,0.16635666666666668,0.0006203404083422476,0.2727272727272727,25.38968967500699
'000111000111',1,0.16744666666666666,0.0010855515751092661,0.2727272727272727,25.394343471748016
