states,flag,Avg0,SD0,frust0,time
'0000011111',1,0.19033999999999998,0.0010209799214480125,0.28888888888888886,23.145005317760383
'0111011000',1,0.19004666666666667,0.001840893502864545,0.28888888888888886,23.238601729959957
'1111100000',1,0.18996666666666664,0.0012714908135290988,0.28888888888888886,23.20042172375743
'0111000111',1,0.12000666666666666,0.000727109956532637,0.3111111111111111,17.986365763505955
'1000111000',1,0.12075666666666666,0.00015434449203720113,0.3111111111111111,17.926551285688078
'1000100111',1,0.18888333333333338,0.0007734913631637346,0.28888888888888886,23.200210593831073
