states,flag,Avg0,SD0,frust0,time
'111110000000000000001111111111',1,0.16166666666666668,0.00059650835888713,0.26666666666666666,110.72223468044348
'111111111111000000000000000000',1,0.12216666666666669,0.0006882990306222674,0.28735632183908044,95.24114787398622
'111111100000111111110000000000',1,0.1623,0.0005589871793401677,0.26666666666666666,110.74347295659817
'000001111111111111110000000000',1,0.1629,0.0009525754563287927,0.26666666666666666,110.74655747428748
'000000011111000000001111111111',1,0.16231333333333334,0.0005409456740026825,0.26666666666666666,110.72294736108243
'000000000000111111111111111111',1,0.12183666666666666,0.00098537077060138,0.28735632183908044,95.58871858859419
'000001100000000000001111111111',1,0.05298666666666666,0.0006656492236072155,0.28735632183908044,95.76776251040758
'111110011111111111110000000000',1,0.053829999999999996,0.0008491564441648332,0.28735632183908044,95.73715615188205
