states,flag,Avg0,SD0,frust0,time
'111111110000000000',1,0.4999033333333333,0.0005356823270890659,0.0,48.43660616531137
'000000001111111111',1,0.5000966666666667,0.0005356823270890909,0.0,48.453865286296285
