states,flag,Avg0,SD0,frust0,time
'10001001',1,0.26042333333333334,0.0017575804075173446,0.18950084268002954,37.99873159082528
'01010011',1,0.23917,0.00021771541057077597,0.16549279933232772,32.01749764768936
'01110110',1,0.26066666666666666,0.0011343230972209407,0.18950084268002954,37.82988527671564
'10101100',1,0.23973999999999998,0.0014461212489506792,0.16549279933232772,31.88927167279378
