states,flag,Avg0,SD0,frust0,time
'00010111',1,0.26003333333333334,0.0013767917618708863,0.18122195180929362,32.12914995506373
'11101000',1,0.25686666666666663,0.0040532565782206475,0.18122195180929362,32.133526486140404
'11001001',1,0.12833333333333333,0.0030728199137310687,0.18338587937150153,26.906535704690672
'11100001',1,0.10943333333333333,0.0020741798914805398,0.19441529830126955,28.388265027495905
'00110110',1,0.13166666666666668,0.0006342099196813474,0.18338587937150153,26.148360135977345
'00011110',1,0.11366666666666668,0.0006018490028422596,0.19441529830126955,28.1758700300185
