states,flag,Avg0,SD0,frust0,time
'10100101',1,0.17532999999999999,0.0002673325020768486,0.19860449376902428,45.589085476838896
'11100100',1,0.08241666666666667,0.000646030615029628,0.20609022435658644,34.80620457659587
'01011010',1,0.17426,0.0006419241907473659,0.19860449376902428,45.53747841758726
'11000011',1,0.18093,0.00037797707161502374,0.19171929384603145,45.567497567656666
'00111100',1,0.17915333333333336,0.0017550751804093457,0.19171929384603145,46.00396393209496
'10110100',1,0.06346333333333333,0.000516999892542439,0.19451744494016504,31.703906331531158
'00011011',1,0.08105333333333334,0.0009352836765150765,0.20609022435658644,34.370615161327535
'01001011',1,0.06339333333333334,0.0006779544396360465,0.19451744494016504,31.649635569473315
