states,flag,Avg0,SD0,frust0,time
'00111001',1,0.16366666666666665,0.002671246067953214,0.18628069337527475,24.92611982388446
'11000110',1,0.15936666666666666,0.0050028880548028416,0.18628069337527475,25.232236806141383
'00110011',1,0.13616666666666666,0.002269116323349004,0.17182849193827496,23.278347698337427
'00100111',1,0.1144,0.0026993826454703765,0.18508920129553258,22.77176803953481
'11001100',1,0.13063333333333335,0.002503774927761854,0.17182849193827496,23.076676339315867
'11011000',1,0.11086666666666667,0.0022156012477178534,0.18508920129553258,22.745999796685982
'01011100',1,0.09283333333333332,0.0015062831370259964,0.180013123783134,19.514471097279117
'10100011',1,0.09206666666666667,0.000740870359029761,0.180013123783134,19.008278303242353
