states,flag,Avg0,SD0,frust0,time
'01001011',1,0.314,0.004982636517614607,0.17727260939375125,38.3568221092117
'10110100',1,0.3108666666666667,0.005510192575783725,0.17727260939375125,38.62468399774803
'10110001',1,0.10156666666666668,0.0024417662095749925,0.18134788963288662,28.53875744188008
'11010001',1,0.08826666666666667,0.0013224556283251568,0.19554293660564123,26.449672107831248
'00101110',1,0.0847,0.001003327796219493,0.19554293660564123,26.821858474423948
'01001110',1,0.10059999999999998,0.0027820855486487116,0.18134788963288662,27.692377704278794
