states,flag,Avg0,SD0,frust0,time
'10111010',1,0.17079999999999998,0.0008831760866327786,0.16989244497514222,22.942437872831686
'00101110',1,0.08026666666666667,0.0023213980461973555,0.16125860380765777,14.365999433095558
'11010001',1,0.08023333333333334,0.0020853989759489354,0.16125860380765777,14.267889097506414
'10010011',1,0.15083333333333335,0.0018571184369578885,0.15031208747655916,19.492416993389416
'10000110',1,0.09910000000000001,0.0009416297927883674,0.15830163915756354,16.691766759777014
'01000101',1,0.16690000000000002,0.002325224003546047,0.16989244497514222,22.645083923145304
'01111001',1,0.10063333333333334,0.0026562295750848734,0.15830163915756354,16.25667288904907
'01101100',1,0.15123333333333333,0.0032714251057027453,0.15031208747655916,19.82659958849152
