states,flag,Avg0,SD0,frust0,time
'01000101',1,0.43389666666666665,0.000909590872621065,0.15542875647236817,25.562382099905165
'10111010',1,0.4370566666666667,0.000966413760019775,0.15542875647236817,25.578470579021626
'11010100',1,0.06499333333333333,0.0003426692606905748,0.2064626840449088,17.071837393265852
'00101011',1,0.06405333333333334,0.0003866379299666403,0.2064626840449088,17.00706246294801
