states,flag,Avg0,SD0,frust0,time
'11100010',1,0.3916,0.0016391054470859165,0.21230948189833845,75.88629017795036
'00011101',1,0.40080000000000005,0.0017682382946499675,0.21230948189833845,76.78211371472251
'00101110',1,0.1032,0.00043204937989385904,0.24406266716812605,55.972622853326946
'11010001',1,0.1044,0.0012027745701779142,0.24406266716812605,54.37987053965147
