states,flag,Avg0,SD0,frust0,time
'01001101',1,0.32632333333333335,0.0006600168348021226,0.20260577551428544,80.18015652059519
'10110010',1,0.3271633333333333,0.0014756768691763784,0.20260577551428544,80.4027585958511
'01001011',1,0.17352333333333333,0.001806955696437769,0.21163044046141907,73.32861607876949
'10110100',1,0.1729866666666667,0.00013274871834493914,0.21163044046141907,73.34491641223165
'01000111',0,3.3333333333333337e-6,4.714045207910317e-6,0.19637392631424147,1000.0
