states,flag,Avg0,SD0,frust0,time
'01000111',1,0.16251000000000002,0.0013018704492639348,0.21184673378294044,22.846923439779726
'11000101',1,0.33646,0.0009962931295557486,0.21365288089865944,32.656112930807645
'10111000',1,0.16354333333333335,0.0010302534747440618,0.21184673378294044,22.754121351345407
'00111010',1,0.3374866666666667,0.0005198931514156584,0.21365288089865944,32.821172933853546
