states,flag,Avg0,SD0,frust0,time
'11000101',1,0.16863333333333333,0.004102302876298732,0.16483376235019317,25.17467940821074
'11010100',1,0.20926666666666668,0.004479087208597563,0.15857124049943022,23.492935488499626
'00101011',1,0.20863333333333334,0.0011556623882239844,0.15857124049943022,23.75526416077551
'00111010',1,0.1681666666666667,0.0020368821489936324,0.16483376235019317,24.320505404287093
'10000111',1,0.037399999999999996,0.00045460605656619653,0.18208416494620988,9.689670720048946
'01110001',1,0.08563333333333334,0.0026911377189252563,0.1860778323440301,16.008475877497258
'10001110',1,0.0851,0.0026419689627245843,0.1860778323440301,15.781321644224873
'01111000',1,0.03716666666666667,0.00044969125210773454,0.18208416494620988,10.23596406081383
