states,flag,Avg0,SD0,frust0,time
'01100110',1,0.24073333333333333,0.005007549855523701,0.18677463940086605,35.94884226109347
'01000111',1,0.1886,0.003021037349432582,0.17483573055027132,31.74728289315234
'10011001',1,0.23546666666666669,0.0022895899681432555,0.18677463940086605,35.81425698053896
'10111000',1,0.1888,0.0019200694431886264,0.17483573055027132,31.65018453916427
'01001101',1,0.07503333333333333,0.0023612614331233084,0.19560312207182787,22.821230406862593
'10110010',1,0.07136666666666668,0.0012256517540566835,0.19560312207182787,21.449543315900332
