states,flag,Avg0,SD0,frust0,time
'10001110',1,0.17279999999999998,0.0035223098481914875,0.1916347301713108,24.372820712610565
'11000101',1,0.14623333333333333,0.0020677416559027784,0.1868268567209282,20.600820083148378
'01110001',1,0.1791,0.0008041558721209937,0.1916347301713108,24.626522332642214
'01101010',1,0.0842,0.0007874007874011801,0.2230388516614898,19.187022751984607
'00111010',1,0.14546666666666666,0.003890444133457708,0.1868268567209282,21.014817536182747
'00110101',1,0.09136666666666667,0.002639865316429773,0.2084366095660127,17.743657219974512
'10010101',1,0.08396666666666668,0.0016659998666133074,0.2230388516614898,18.990245451143878
'11001010',1,0.09686666666666666,0.005266455691976871,0.2084366095660127,17.173705612185557
