states,flag,Avg0,SD0,frust0,time
'00100111',1,0.5025333333333334,0.0028193773938387408,0.178879703289036,87.50368876870311
'11011000',1,0.49746666666666667,0.00281937739383874,0.178879703289036,87.62085537964913
