states,flag,Avg0,SD0,frust0,time
'01011100',1,0.33486666666666665,0.0031982634176829228,0.1815178258401981,60.9212967194978
'10100011',1,0.3315333333333333,0.000740870359029749,0.1815178258401981,61.21042924748343
'10011100',1,0.16393333333333335,0.002341414577178131,0.2052402022729567,57.693777852154795
'01100011',1,0.16966666666666666,0.00199053315024449,0.2052402022729567,55.654477401586746
