states,flag,Avg0,SD0,frust0,time
'10100110',1,0.10398999999999999,0.00010198039027185698,0.23497541681131853,24.89048156927342
'10100101',1,0.23500333333333334,0.000517708626760481,0.19684195241830138,26.49686923118465
'11100001',1,0.08587333333333332,0.00039852505846210186,0.2232087835437452,23.633458635492698
'01011010',1,0.23679333333333333,0.00026549743668986917,0.19684195241830138,26.61753458629075
'01011001',1,0.10459333333333333,0.0003386574801903694,0.23497541681131853,24.87054003850184
'11010001',1,0.07404666666666666,0.0008083865961833414,0.22679698212669702,19.036985489999548
'00101110',1,0.07412666666666666,0.0005557177541002469,0.22679698212669702,18.81627601954599
'00011110',1,0.08557333333333333,0.0007321809126772498,0.2232087835437452,23.46105069265454
