states,flag,Avg0,SD0,frust0,time
'11010100',1,0.15816666666666668,0.002023747898221406,0.18141935805904114,45.43648984792489
'00011101',1,0.1879333333333333,0.005044689176638031,0.17480546752534387,43.84082047525558
'11010010',1,0.15159999999999998,0.001485485330343813,0.17880541522505528,44.3472205199161
'11100010',1,0.19140000000000001,0.0055551777649324565,0.17480546752534387,43.215645763028625
'00101011',1,0.16096666666666667,0.0016336734339790478,0.18141935805904114,45.44954254094074
'00101101',1,0.14993333333333334,0.0016659998666133087,0.17880541522505528,43.57970348278918
