states,flag,Avg0,SD0,frust0,time
'01001110',1,0.11993333333333334,0.0010656244908763873,0.18242499576256324,19.696019592174462
'00001111',1,0.09216666666666666,0.0034567164895155764,0.18663598811291934,19.73532594079957
'11110000',1,0.09383333333333332,0.001419702629269788,0.18663598811291934,19.538780736169073
'00111001',1,0.17503333333333335,0.0035593382655893843,0.15625175331598182,21.283991282085733
'11000110',1,0.17686666666666664,0.003278549814916488,0.15625175331598182,21.318306382343152
'00011011',1,0.10936666666666667,0.0025460208605237746,0.16776848406001485,18.681783335969982
'10110001',1,0.12273333333333335,0.0029009576962712807,0.18242499576256324,19.906477347151263
'11100100',1,0.11006666666666669,0.006636431437317964,0.16776848406001485,18.99953415667188
