states,flag,Avg0,SD0,frust0,time
'01111000',1,0.24887,0.0009210139340241607,0.1908798571823451,47.14614078283122
'01011010',1,0.14039000000000001,0.0004409081537009711,0.19100361283377393,40.31696533413777
'10000111',1,0.25043333333333334,0.0009417123882705467,0.1908798571823451,47.02201187505883
'10100101',1,0.14152,0.000989039938526247,0.19100361283377393,40.900400235125865
'01010011',1,0.10939666666666666,0.0008627990624833919,0.19485894801564782,41.77475084622474
'10101100',1,0.10938999999999999,0.0005309111664550528,0.19485894801564782,41.82163992973581
