states,flag,Avg0,SD0,frust0,time
'00100111',1,0.20903333333333332,0.0008178562764256876,0.17809842747788637,23.0534854373269
'10100110',1,0.19686666666666666,0.002531578339473008,0.19024062760641278,26.813892991685332
'11011000',1,0.21053333333333335,0.002870927066684589,0.17809842747788637,23.324598431423556
'01010110',1,0.08973333333333333,0.0013199326582148919,0.19714436700673774,19.31784068757753
'01011001',1,0.20323333333333335,0.0016819301082057186,0.19024062760641278,26.521729615372568
'10101001',1,0.0906,0.0017795130420052202,0.19714436700673774,19.174860344855645
