states,flag,Avg0,SD0,frust0,time
'11001100',1,0.27385333333333334,0.0005014866786754097,0.1646470654827348,74.82530184798189
'00110101',1,0.22727,0.0007819633409992168,0.16622547365281423,68.99651678130418
'00110011',1,0.27258999999999994,0.0007408553615022777,0.1646470654827348,74.59879795244163
'11001010',1,0.22628666666666666,0.0007022503510540586,0.16622547365281423,69.02915668496814
