states,flag,Avg0,SD0,frust0,time
'10101001',1,0.4947333333333333,0.004452964056545793,0.18120967025878001,42.53035823440978
'01010110',1,0.5052666666666666,0.004452964056545837,0.18120967025878001,43.36999189664056
