states,flag,Avg0,SD0,frust0,time
'10000111',1,0.49993333333333334,0.00013123346456684907,0.17513289397691412,74.88296209262182
'01111000',1,0.5000666666666667,0.00013123346456684907,0.17513289397691412,75.12043263067535
