states,flag,Avg0,SD0,frust0,time
'11010010',1,0.32826666666666665,0.006593094030035418,0.16854587648904307,35.141586935220225
'10110001',1,0.17123333333333332,0.0020757863302586933,0.16981357561424806,34.54245368190584
'00101101',1,0.3315333333333333,0.004704843839656676,0.16854587648904307,35.44374540034719
'01001110',1,0.16896666666666668,0.004896483999315783,0.16981357561424806,35.12502443779579
