states,flag,Avg0,SD0,frust0,time
'00011101',1,0.04736666666666667,0.0005606147419475243,0.23213097863749096,37.67426902943092
'10101010',1,0.45274,0.0011687885466014254,0.20389365896883022,66.51677246923124
'01010101',1,0.45310333333333336,9.463379711053903e-5,0.20389365896883022,66.49419631563124
'11100010',1,0.04679,0.0005477834121864829,0.23213097863749096,37.77636338338587
