states,flag,Avg0,SD0,frust0,time
'10011010',1,0.14049999999999999,0.000294392028877597,0.20254131444461784,38.63496947102189
'00110101',1,0.2908,0.0025806975801127767,0.17746559867479966,39.552946616901124
'11001010',1,0.2902,0.0035355339059327407,0.17746559867479966,39.981342079106476
'01010101',1,0.06406666666666667,0.0011556623882239781,0.20068656680414373,20.59541922882699
'01100101',1,0.1454,0.0015895492023421868,0.20254131444461784,37.91216301528103
'10101010',1,0.06903333333333334,0.0015062831370259977,0.20068656680414373,20.49105456068953
