states,flag,Avg0,SD0,frust0,time
'01110100',1,0.055833333333333325,0.0018785337071473827,0.21543412127799488,19.03491388858059
'10101001',1,0.21933333333333335,0.002329997615640181,0.21925703235429514,32.34906087223582
'00010111',1,0.13826666666666668,0.0022939534045446973,0.21138118271960785,28.618897682615152
'00011101',1,0.08583333333333333,0.0024225789747475525,0.21242044877152405,22.582342943672785
'01010110',1,0.21983333333333333,0.0014055445761538671,0.21925703235429514,32.16980339526281
'11101000',1,0.13676666666666668,0.0016779617264870927,0.21138118271960785,29.23614943976341
'11100010',1,0.08683333333333333,0.0026335442953471584,0.21242044877152405,22.114293172721943
'10001011',1,0.0573,0.0019026297590440467,0.21543412127799488,19.21569854585152
