states,flag,Avg0,SD0,frust0,time
'01001101',1,0.4122766666666666,0.0008418366165051821,0.19325444000138062,67.66915856952664
'10110010',1,0.40904000000000007,0.0009688137075826291,0.19325444000138062,67.62145023755956
'00111001',1,0.04730000000000001,0.0006326663154196415,0.21446419707792522,12.775642269525884
'10001101',1,0.04224666666666666,0.00019567546828585497,0.19869622055379538,10.421897693071356
'11000110',1,0.046816666666666666,0.0005033443707399094,0.21446419707792522,13.057826115769025
'01110010',1,0.04232,0.00019612920911140977,0.19869622055379538,10.172447947424468
