states,flag,Avg0,SD0,frust0,time
'00010111',1,0.12510333333333334,0.0012578376507147281,0.2013783284736991,32.315856199633544
'11101000',1,0.12437,0.0003353605025441554,0.2013783284736991,32.67087309957355
'11010001',1,0.19956666666666667,0.0015016953382390513,0.16856540905991538,34.31375851336194
'00101110',1,0.19738999999999998,0.0018497747610632738,0.16856540905991538,34.439904071884676
'11001001',1,0.17654333333333336,0.00124196976166446,0.1788209416838718,33.23051251210132
'00110110',1,0.17702666666666667,0.000618295147068856,0.1788209416838718,33.41168391638209
