states,flag,Avg0,SD0,frust0,time
'01100101',1,0.35705000000000003,0.0009408861071706229,0.1772462867666271,62.327146087604376
'10100101',1,0.14261333333333334,0.001171390436855089,0.18012001067961814,45.394184226022425
'10011010',1,0.35715,0.0002499333244420737,0.1772462867666271,61.9427202043139
'01011010',1,0.14318666666666666,0.00046219284094653083,0.18012001067961814,45.25996912663327
