states,flag,Avg0,SD0,frust0,time
'11100001',1,0.2944333333333333,0.0016858891488535843,0.149642363311917,28.101173015525273
'00011110',1,0.2912,0.002688246020487466,0.149642363311917,27.86256461675704
'01101001',1,0.0733,0.0034554305086342005,0.1954793485417561,18.39131510728124
'10110100',1,0.136,0.003889301565405618,0.1704480991789757,21.84989524262187
'01001011',1,0.13283333333333333,0.0027157974069424913,0.1704480991789757,22.08714439350584
'10010110',1,0.07223333333333333,0.0005249338582674562,0.1954793485417561,18.490740897863223
