states,flag,Avg0,SD0,frust0,time
'10100011',1,0.2152333333333333,0.001673983937265293,0.2210651645832404,25.188943535104688
'01001101',1,0.2833,0.0016268579122549684,0.18854202454378463,24.209124259514343
'10110010',1,0.28340000000000004,0.0058946303248521605,0.18854202454378463,23.91169253562776
'01011100',1,0.21806666666666666,0.004778656249988643,0.2210651645832404,25.584243252781288
