states,flag,Avg0,SD0,frust0,time
'10101010',1,0.2784866666666667,0.0009738697152197477,0.18182609435639444,31.35063869306858
'01010101',1,0.27779,0.0005800574684172887,0.18182609435639444,31.49405487770925
'10111000',1,0.08154333333333334,0.00015326085243430566,0.20244240210199155,22.6958428725701
'01000111',1,0.08213666666666668,0.0003286673427984921,0.20244240210199155,22.39777942496296
'11101000',1,0.08203666666666666,0.0004899206284922332,0.20230003519355175,22.51264118634082
'00010111',1,0.08247333333333333,0.0008614071175827449,0.20230003519355175,22.57853346566351
'01001010',1,0.05784999999999999,0.0003894440481849306,0.21354325023449033,22.10834564076713
'10110101',1,0.05768333333333333,0.00010780641085863992,0.21354325023449033,22.0462894015071
