states,flag,Avg0,SD0,frust0,time
'00011011',1,0.13902,0.0003137939876203244,0.1856394225908608,19.757041157040458
'01001110',1,0.11784333333333334,0.00016679994670928594,0.20072665761730407,19.3669382266555
'11100100',1,0.14028333333333332,0.0008400925874899564,0.1856394225908608,19.791719099143283
'10101001',1,0.12659333333333334,0.00047225228662465906,0.21244505960972296,21.007749586737955
'11100010',1,0.11553666666666666,0.00023584363935078316,0.19975753458900805,18.910376351938858
'01010110',1,0.12680333333333332,0.0011876681167546518,0.21244505960972296,21.130079143678888
'10110001',1,0.1175,0.00034708308323319896,0.20072665761730407,19.416003633970494
'00011101',1,0.11642000000000001,0.00038609152628187775,0.19975753458900805,19.004123147959092
