states,flag,Avg0,SD0,frust0,time
'00110011',1,0.2253333333333333,0.0012283683848458855,0.187635072654554,46.202159028607944
'10000111',1,0.13746666666666665,0.002043417616532549,0.1895930784495288,39.9171201863751
'11001100',1,0.223,0.004123913998456643,0.187635072654554,46.600798006000495
'11010100',1,0.13829999999999998,0.002698147512646407,0.1869853267780464,46.42511205029742
'01111000',1,0.13529999999999998,0.0020049937655763415,0.1895930784495288,40.42891835476761
'00101011',1,0.14059999999999997,0.004354308211415453,0.1869853267780464,46.8868315715977
