states,flag,Avg0,SD0,frust0,time
'01010101',1,0.12446666666666667,0.0037187214051188247,0.18487694316724426,26.63165347197622
'10010101',1,0.19893333333333332,0.0025249862485874183,0.17977665172791227,28.69520607278218
'10101010',1,0.12783333333333333,0.003231442746239234,0.18487694316724426,27.08875077317495
'11100001',1,0.1042,0.0026470108928122443,0.20579785320417768,25.19024480708521
'01101010',1,0.19946666666666668,0.0006236095644623241,0.17977665172791227,28.721359216921172
'00110011',1,0.06849999999999999,0.0017568911937472576,0.18918717482265762,16.56546663949852
'11001100',1,0.07076666666666666,0.002191397321852483,0.18918717482265762,16.428128388798395
'00011110',1,0.10583333333333333,0.0015860503004493755,0.20579785320417768,25.68754862618502
