states,flag,Avg0,SD0,frust0,time
'10111000',1,0.14856,0.0008422588675698204,0.1843299839143869,47.199640971724286
'10110001',1,0.047606666666666665,0.0001517307556898807,0.19063331553280885,32.03392365709056
'10101001',1,0.30371,0.0006441014412859798,0.1793039651101218,53.44285693496928
'01010110',1,0.30439666666666665,0.0017884133253312003,0.1793039651101218,53.72223224863726
'01000111',1,0.14769000000000002,0.0009193838516455859,0.1843299839143869,46.82301605003136
'01001110',1,0.04803666666666667,0.0004449968788904278,0.19063331553280885,31.522839507863765
