states,flag,Avg0,SD0,frust0,time
'00110110',1,0.19710000000000003,0.0035860842154082275,0.15931680453133773,28.587408872194768
'00101110',1,0.18253333333333333,0.006859219262342395,0.17583801966802048,28.246657923702244
'11001001',1,0.1944,0.003024345659256997,0.15931680453133773,28.35827219930962
'10100101',1,0.12190000000000001,0.0020016659728003244,0.17831117667490734,23.83393651634599
'01011010',1,0.1205,0.001232882800593796,0.17831117667490734,23.22800261634536
'11010001',1,0.18356666666666666,0.0061412991748941445,0.17583801966802048,27.903476828814192
