states,flag,Avg0,SD0,frust0,time
'00111100',1,0.22953333333333334,0.0033826353959926355,0.16909528630368145,33.25212569563963
'01010011',1,0.11073333333333334,0.004903286879453642,0.21056598957920528,29.448653625200663
'11000011',1,0.22953333333333334,0.004882849805413052,0.16909528630368145,32.993895761877205
'10101100',1,0.10783333333333334,0.0038560198247530914,0.21056598957920528,29.556032905445964
'01110010',1,0.09996666666666666,0.0032967997950874854,0.1943794246509797,24.464734554895347
'01100011',1,0.05896666666666667,0.0013199326582148906,0.2169944873726147,21.011458092734827
'10001101',1,0.1022,0.0033136083051561764,0.1943794246509797,24.917487570463233
'10011100',1,0.061233333333333334,0.001239175353029408,0.2169944873726147,20.556344779692406
