states,flag,Avg0,SD0,frust0,time
'10100100',1,0.4995966666666667,0.0005776004001229783,0.19654601520617535,60.877432105828625
'01011011',1,0.5004033333333333,0.0005776004001229909,0.19654601520617535,61.10835016054276
