states,flag,Avg0,SD0,frust0,time
'00110110',1,0.16469999999999999,0.0025152865973217947,0.20506117354965972,24.17667566730336
'01110100',1,0.3372,0.0014696938456699262,0.1738049422628205,26.797168025285714
'11001001',1,0.1595,0.0011224972160321848,0.20506117354965972,24.48225874037899
'10001011',1,0.3386,0.0034244220923634336,0.1738049422628205,26.86096946832976
