states,flag,Avg0,SD0,frust0,time
'10100110',1,0.49994333333333335,0.00030390056853444626,0.14435451456536283,28.240444971045978
'01011001',1,0.5000566666666666,0.00030390056853442523,0.14435451456536283,28.24648626888245
