states,flag,Avg0,SD0,frust0,time
'0011101',1,0.30395,0.00041529106258942375,0.15335034518275975,24.293610747076084
'1100010',1,0.30424666666666667,0.0013016997434977928,0.15335034518275975,24.36328638726874
'1001101',1,0.09528999999999999,0.0005855481762132522,0.17516517847241908,13.925917171088239
'0001111',1,0.10128,0.0003906404996924916,0.18753258052272348,16.940310430729973
'1110000',1,0.10078,0.0008257118141337194,0.18753258052272348,16.847274974710754
'0110010',1,0.09445333333333333,0.0008552712370288653,0.17516517847241908,14.23500608346618
