states,flag,Avg0,SD0,frust0,time
'1100110',1,0.5024000000000001,0.005020624131187936,0.16095445255375118,24.351603178290233
'0011001',1,0.4976,0.005020624131187911,0.16095445255375118,24.18345297744075
