states,flag,Avg0,SD0,frust0,time
'0010101',1,0.21652000000000002,0.0015279397893896286,0.2052769902047633,22.333567888424046
'1010001',1,0.2162833333333333,0.0005651155240794269,0.19975521939070365,24.077752040704762
'0101110',1,0.21649333333333334,0.0005969552374806374,0.19975521939070365,24.33368149152028
'1101010',1,0.21681666666666666,0.0021126497317087104,0.2052769902047633,22.303548060113656
'0000111',1,0.06719333333333333,0.0008328398538868228,0.2113652151570815,11.507750365358788
'1111000',1,0.06669333333333333,0.0009171089841937462,0.2113652151570815,11.401065651225004
