states,flag,Avg0,SD0,frust0,time
'0111000',1,0.1694,0.002273030282830978,0.1891518358749514,16.009160545859164
'1010101',1,0.23306666666666667,0.002368309289110881,0.16119520060407616,21.09274834489334
'0101010',1,0.22940000000000002,0.0055719535772174745,0.16119520060407616,21.285132420217618
'1010010',1,0.09953333333333332,0.0025104227178350297,0.18950025474614246,12.905329957208318
'0101101',1,0.0978,0.000432049379893859,0.18950025474614246,13.152873357568453
'1000111',1,0.17079999999999998,0.005374631770332429,0.1891518358749514,16.306083868363327
