states,flag,Avg0,SD0,frust0,time
'1010011',1,0.34400000000000003,0.004152910625894405,0.1639025623141601,21.452250442996263
'0101100',1,0.34346666666666664,0.0032273139846558923,0.1639025623141601,21.57198952777647
'0110101',1,0.1566,0.005093787065304816,0.19759290358946843,14.154634255752866
'1001010',1,0.15593333333333334,0.004793282336307305,0.19759290358946843,14.256449833508205
