states,flag,Avg0,SD0,frust0,time
'0011011',1,0.5003033333333334,0.003228470570134119,0.17868384888361233,23.54782437372239
'1100100',1,0.4996966666666666,0.0032284705701341424,0.17868384888361233,23.5816452851461
