states,flag,Avg0,SD0,frust0,time
'1001101',1,0.09806666666666668,0.0029691001255524457,0.19605230062227177,13.35567130580896
'0001111',1,0.16153333333333333,0.002013840995599097,0.16132484499840277,17.618080552802954
'1100100',1,0.17379999999999998,0.004336665385600634,0.16718959290405178,20.112170107537647
'0011011',1,0.17120000000000002,0.001283225103661341,0.16718959290405178,20.02752488195526
'1010100',1,0.0696,0.002083266665599963,0.1949979200016132,11.759159839171692
'1110000',1,0.1615,0.0020314198646923516,0.16132484499840277,17.383525237391463
'0101011',1,0.06933333333333334,0.001611072796479273,0.1949979200016132,11.76963176920283
'0110010',1,0.09496666666666666,0.0026637484032009406,0.19605230062227177,14.074789391171976
