states,flag,Avg0,SD0,frust0,time
'1010011',1,0.3522666666666667,0.0039364394515292046,0.17603290920110648,22.123350858828363
'0101100',1,0.35700000000000004,0.005263712251507156,0.17603290920110648,21.721979770170837
'0100101',1,0.1428,0.006101365967278685,0.19500285432485231,13.845906731617703
'1011010',1,0.14793333333333333,0.002914713631826555,0.19500285432485231,13.865209928623464
