states,flag,Avg0,SD0,frust0,time
'1100100',1,0.32430333333333333,0.0002993697082575775,0.20225981359582174,38.046389742821226
'0011011',1,0.32605,0.00012832251036614303,0.20225981359582174,37.8359839411852
'0110011',1,0.17338333333333333,0.0006604207413123522,0.17857866767740221,28.983288015779536
'1001100',1,0.17626333333333333,0.0007966736401368467,0.17857866767740221,29.058769519620387
