states,flag,Avg0,SD0,frust0,time
'1001110',1,0.29677666666666663,0.0020454393714364146,0.21752688780425888,34.29172577916999
'0011110',1,0.13368666666666668,0.0007188107462252322,0.2395684032848767,33.71427058616492
'0110001',1,0.2961233333333333,0.0009469365812391602,0.21752688780425888,33.97255549771375
'1100001',1,0.134,0.0008274055837375091,0.2395684032848767,33.84613796135769
'1001001',1,0.07003666666666666,0.0009704409078123013,0.24776167233014193,20.911014521539485
'0110110',1,0.06937666666666667,0.0008551543070632889,0.24776167233014193,21.080684583852996
