states,flag,Avg0,SD0,frust0,time
'1011001',1,0.49968000000000007,0.0010172839655999122,0.18450870759741758,30.681388956860815
'0100110',1,0.50032,0.0010172839655999192,0.18450870759741758,30.50612445806972
