states,flag,Avg0,SD0,frust0,time
'0001110',1,0.49839999999999995,0.006671331701142347,0.18866446165150644,29.665895505608717
'1110001',1,0.5016,0.006671331701142333,0.18866446165150644,29.99476135091815
