states,flag,Avg0,SD0,frust0,time
'1101001',1,0.10166666666666667,0.0015627610892974763,0.1905385321339648,17.992498666912482
'1011001',1,0.24606666666666666,0.002854625875467545,0.1528820319661332,22.135038941721433
'0010110',1,0.09943333333333333,0.0012119772641798563,0.1905385321339648,17.20977359577715
'0100110',1,0.25003333333333333,0.002984776187403163,0.1528820319661332,22.477500206437252
'0011011',1,0.1498,0.003335665850571161,0.18164435586784072,16.65135866897627
'1100100',1,0.153,0.0024913182588073035,0.18164435586784072,16.424720547131106
