states,flag,Avg0,SD0,frust0,time
'0101110',1,0.3220433333333333,0.0005161610429141506,0.21204831171759322,36.79001005763954
'1010001',1,0.3227966666666666,0.00020038851153584628,0.21204831171759322,36.66805783154619
'1100100',1,0.17722666666666664,0.0002824102610663307,0.1987097852068393,34.123496679760144
'0011011',1,0.17793333333333336,0.0004299095512107437,0.1987097852068393,34.03568667970091
