states,flag,Avg0,SD0,frust0,time
'1001101',1,0.4982,0.0027434771124736283,0.18001779571694332,67.41885402670897
'0110010',1,0.5017999999999999,0.0027434771124736283,0.18001779571694332,66.07672038407651
