states,flag,Avg0,SD0,frust0,time
'0100111',1,0.19610000000000002,0.0019866219234335094,0.19367144494592106,28.671413975042714
'1110000',1,0.10593333333333332,0.0016519348924485173,0.1980923763794919,22.57971511654731
'0101011',1,0.19713333333333335,0.0013912424503139413,0.18741450592703057,26.563617012675138
'0001111',1,0.10286666666666666,0.0025315783394730023,0.1980923763794919,22.491805224133017
'1011000',1,0.1991666666666667,0.002163844315615657,0.19367144494592106,29.657941242734918
'1010100',1,0.1988,0.0006480740698407832,0.18741450592703057,26.57245716263208
