states,flag,Avg0,SD0,frust0,time
'0011110',1,0.5005333333333333,0.0013274871834493174,0.14858431239258257,42.63868553482166
'1100001',1,0.4994666666666667,0.001327487183449342,0.14858431239258257,42.42288485796849
