states,flag,Avg0,SD0,frust0,time
'1001011',1,0.17023666666666668,0.0007772315542287804,0.18577226505717656,16.02431379620312
'0010011',1,0.23889333333333332,0.00041071752931776004,0.1252770983808802,15.036898266453392
'0110100',1,0.16974,0.0016405080513873297,0.18577226505717656,15.912879908109636
'1101100',1,0.2372266666666667,0.00040990513807737013,0.1252770983808802,15.085661568833636
'1011001',1,0.09197,0.00034669871646719416,0.1830346070550347,10.640916597348003
'0100110',1,0.09193333333333335,0.000874922218765126,0.1830346070550347,10.515751563392424
