states,flag,Avg0,SD0,frust0,time
'1000111',1,0.5013033333333333,0.0009650331024834759,0.170956252062367,40.13919197290513
'0111000',1,0.4986966666666666,0.0009650331024834834,0.170956252062367,40.17190876192344
