states,flag,Avg0,SD0,frust0,time
'0010101',1,0.5020933333333334,0.0006387661717892088,0.16103746275681693,25.712676698719253
'1101010',1,0.49790666666666666,0.0006387661717891883,0.16103746275681693,25.706600237659206
