states,flag,Avg0,SD0,frust0,time
'1101001',1,0.40923333333333334,0.005167419300020303,0.1778695002725221,57.04867706405556
'1001011',1,0.08789999999999999,0.0019304576314093662,0.19374523108080352,27.304587002338423
'0010110',1,0.4142333333333334,0.0013424687043734993,0.1778695002725221,56.80650774821978
'0110100',1,0.08863333333333334,0.0032148958856478664,0.19374523108080352,26.817621411537157
