states,flag,Avg0,SD0,frust0,time
'1000110',1,0.3331033333333333,0.0012947157560209471,0.18088314205630635,16.836061641175192
'0111001',1,0.33219,0.000269938264547031,0.18088314205630635,16.816410719882796
'0010011',1,0.04379,0.0006471990935304735,0.21970581877215764,4.630352271088898
'0011100',1,0.12352,0.00041737273509418106,0.17007982007419095,10.210673782605381
'1100011',1,0.12399,0.0014375673897247352,0.17007982007419095,10.167412972180008
'1101100',1,0.04340666666666667,0.0001053037933262088,0.21970581877215764,4.685682551686578
