states,flag,Avg0,SD0,frust0,time
'0110010',1,0.29983333333333334,0.006736138029728586,0.2115702933235596,26.072175182664576
'0010101',1,0.1986,0.004373404470966151,0.18582779483292655,20.957612794194333
'1101010',1,0.20243333333333333,0.0015326085243430212,0.18582779483292655,21.263263655700104
'1001101',1,0.2991333333333333,0.004294440850939997,0.2115702933235596,26.297601715258338
