states,flag,Avg0,SD0,frust0,time
'0101011',1,0.09374,0.00021924111536540151,0.18294588846501658,11.822451813516473
'0111010',1,0.2886666666666667,0.0003271425105702835,0.1667317592645412,20.948340268571602
'0111100',1,0.051693333333333334,0.0002932954520994519,0.19856458799637963,6.823479692545294
'1000011',1,0.05169666666666667,0.0007423536144512866,0.19856458799637963,6.8998214152844115
'1000101',1,0.28723333333333334,0.0014292499975706195,0.1667317592645412,20.868678965501793
'1010100',1,0.09433333333333334,9.877021593352511e-5,0.18294588846501658,11.757632752500351
'0110101',1,0.06700666666666667,0.0003306895153396206,0.21163456591148885,9.886947524119407
'1001010',1,0.06563000000000001,0.0006868769904429755,0.21163456591148885,9.955739131074195
