states,flag,Avg0,SD0,frust0,time
'0110101',1,0.5003233333333333,0.0009113116310510342,0.18918672371775108,68.2489759737929
'1001010',1,0.4996766666666667,0.0009113116310510234,0.18918672371775108,68.12612339624339
