states,flag,Avg0,SD0,frust0,time
'0001101',1,0.40576666666666666,0.0018479778738454185,0.1538649323475235,24.029860951717506
'1110010',1,0.40393999999999997,0.0021149152859314727,0.1538649323475235,24.07611311821454
'1111000',1,0.09566666666666668,0.00153883794540628,0.19866105237545348,17.217678862861774
'0000111',1,0.09462666666666668,0.0004982859509246548,0.19866105237545348,17.28516087628686
