states,flag,Avg0,SD0,frust0,time
'0001110',1,0.3279566666666667,0.0017767073166081461,0.1521724322182044,43.2331869644457
'1110001',1,0.3298033333333333,0.0012004536179665297,0.1521724322182044,43.15202457120108
'1110010',1,0.17125666666666664,0.0011908633656115017,0.19481128811343704,36.160986804319116
'0001101',1,0.17098333333333335,0.0011262129263845103,0.19481128811343704,35.85691771533329
