states,flag,Avg0,SD0,frust0,time
'0001101',1,0.17337000000000002,0.0008839683252243835,0.20999121341429214,17.298554680927882
'1110010',1,0.17392333333333332,0.00040450243784459613,0.20999121341429214,17.323437580978734
'1010110',1,0.16949999999999998,0.0002698147512646384,0.20166498730372256,17.366545576942652
'0100011',1,0.15806,0.0006659329295557196,0.1929853768391607,16.877180375191156
'1011100',1,0.15813,0.0005940258131315991,0.1929853768391607,16.898541651251808
'0101001',1,0.16701666666666667,0.0011548256241624662,0.20166498730372256,17.3594861238211
