states,flag,Avg0,SD0,frust0,time
'0100111',1,0.3396333333333333,0.0031008959278820488,0.19843550472740454,38.24114240899337
'1011000',1,0.34613333333333335,0.0021822516404443972,0.19843550472740454,38.093405966378846
'1010100',1,0.1585,0.0021463146709340282,0.1856745963273482,28.070941677308312
'0101011',1,0.15573333333333333,0.0019618585292749545,0.1856745963273482,27.946662275914708
