states,flag,Avg0,SD0,frust0,time
'1100100',1,0.3104,0.0029799328851502676,0.22075430580161692,41.967646301341
'0011011',1,0.3134333333333333,0.005436502143433369,0.22075430580161692,41.51394442932084
'1110000',1,0.18573333333333333,0.0010274023338281636,0.22323258136064109,35.07286221799315
'0001111',1,0.19043333333333332,0.004768181577452303,0.22323258136064109,34.80043859803723
