states,flag,Avg0,SD0,frust0,time
'1011000',1,0.5,0.002268259244442741,0.17553682944545668,27.75843503665679
'0100111',1,0.5,0.002268259244442741,0.17553682944545668,27.761852650343144
