states,flag,Avg0,SD0,frust0,time
'1000101',1,0.3088666666666667,0.004467910274638725,0.15005730885469146,22.21673065222762
'1001100',1,0.19263333333333335,0.0037007506746004307,0.1600399474792583,18.898794403597176
'0110011',1,0.18783333333333332,0.0016739839372653016,0.1600399474792583,18.752586427340745
'0111010',1,0.31066666666666665,0.0027776888874666067,0.15005730885469146,22.107374243970778
