states,flag,Avg0,SD0,frust0,time
'1000011',1,0.07603333333333333,0.0005151267373720309,0.23023661146256866,11.067200664191077
'0001011',1,0.33462333333333333,0.0009269783648440267,0.1825382801954362,19.268263055467433
'1110100',1,0.33286666666666664,0.000479884245301818,0.1825382801954362,19.353235967387743
'0111100',1,0.0756,0.00036340977789083663,0.23023661146256866,11.195984662956244
'0110110',1,0.09000333333333332,0.00079968049175211,0.21227196234731163,12.063737858098174
'1001001',1,0.09087333333333332,0.0006182412330330477,0.21227196234731163,12.016184131849394
