states,flag,Avg0,SD0,frust0,time
'1100010',1,0.5026333333333334,0.0034931679350157768,0.2138973945363692,103.97178509547358
'0011101',1,0.4972666666666667,0.0035742909164693817,0.2138973945363692,103.11578935806017
'1000101',0,3.3333333333333335e-5,4.7140452079103176e-5,0.20788792692495672,1000.0
'0111100',0,3.3333333333333335e-5,4.7140452079103176e-5,0.1987497949896654,1000.0
'1000111',0,3.3333333333333335e-5,4.714045207910317e-5,0.20447105958714115,1000.0
