states,flag,Avg0,SD0,frust0,time
'1010100',1,0.5000399999999999,0.00020314198646925464,0.15730539244565717,44.68515433797748
'0101011',1,0.49996,0.00020314198646920542,0.15730539244565717,44.795080776330884
