states,flag,Avg0,SD0,frust0,time
'1010100',1,0.07386666666666668,0.0026662499674428262,0.21298187991154388,10.575135395882212
'1100011',1,0.13663333333333333,0.0005436502143433361,0.1983250264745481,12.829728113059693
'1010011',1,0.1828,0.003840138886377241,0.19537227129757226,14.123548167624973
'0101100',1,0.18483333333333332,0.001053037933262088,0.19537227129757226,14.205827924607135
'0011100',1,0.1335666666666667,0.0014429907214608903,0.1983250264745481,12.517775294119856
'0101011',1,0.07486666666666666,0.002468917891618825,0.21298187991154388,10.62995262964071
'0110011',1,0.10623333333333333,0.003252007926736274,0.20665606530321404,13.128166710549172
'1001100',1,0.1072,0.0030626785662227077,0.20665606530321404,13.549288693502612
