states,flag,Avg0,SD0,frust0,time
'1100001',1,0.3142,0.004518849411077988,0.1704280490343441,19.9648574800311
'0111000',1,0.18510000000000001,0.004185689907291276,0.17853015249893742,16.242847513255892
'0011110',1,0.31503333333333333,0.0028592928418676475,0.1704280490343441,20.005282434107105
'1000111',1,0.18566666666666667,0.0004496912521077421,0.17853015249893742,16.305105254011085
