states,flag,Avg0,SD0,frust0,time
'0011101',1,0.5003333333333333,0.0030641293851417077,0.11722303604983104,25.351039457912567
'1100010',1,0.4996666666666667,0.0030641293851416855,0.11722303604983104,25.19062589968213
