states,flag,Avg0,SD0,frust0,time
'1000110',1,0.5011333333333333,0.0020548046676563273,0.17073500617686377,46.40085512717264
'0111001',1,0.4988666666666666,0.0020548046676563273,0.17073500617686377,46.889507108239165
