states,flag,Avg0,SD0,frust0,time
'0011110',1,0.1988633333333333,0.0008056605295587482,0.1900286279497143,19.968248061662518
'1100001',1,0.19987,0.0005307227776030201,0.1900286279497143,19.96763703611214
'1011000',1,0.09561333333333333,0.00047932823363073173,0.20806069422098045,16.331732026192192
'0100111',1,0.09492333333333335,0.0007437442810237616,0.20806069422098045,16.47528322831666
'0110011',1,0.2048066666666667,0.0011848019056177916,0.20808208305740752,21.706861971376696
'1001100',1,0.20592333333333335,0.0006172159715655055,0.20808208305740752,22.028900844211392
