states,flag,Avg0,SD0,frust0,time
'0001110',1,0.16993333333333335,0.005267721413371154,0.16388742094919198,12.709909131584261
'1110001',1,0.17156666666666665,0.002379542439676628,0.16388742094919198,12.456281647247271
'0011010',1,0.1327,0.002325224003546037,0.16155827638851064,11.069829146839966
'0101101',1,0.0937,0.0012355835328567084,0.17345520721991492,8.29830611889726
'0111001',1,0.10393333333333334,0.00012472191289246212,0.16588314337873955,10.397444943967129
'1100101',1,0.13463333333333333,0.0017326921891155972,0.16155827638851064,10.850669786096757
'1010010',1,0.09000000000000001,0.0030210373494325878,0.17345520721991492,7.95862690289033
'1000110',1,0.10353333333333332,0.0008806563209081932,0.16588314337873955,10.240663136988099
