states,flag,Avg0,SD0,frust0,time
'1110010',1,0.5006533333333333,0.0009232310412651677,0.15372553129419964,57.61378065877424
'0001101',1,0.49934666666666666,0.0009232310412651344,0.15372553129419964,57.57270014907217
