states,flag,Avg0,SD0,frust0,time
'1101000',1,0.35324333333333335,0.0005354333654983402,0.20599208678480466,23.199919831898246
'1010110',1,0.14728,0.001218441627653947,0.20713400373346508,14.639423339312318
'0010111',1,0.3528733333333333,0.0006488108781112928,0.20599208678480466,23.246789132584528
'0101001',1,0.14660333333333334,0.0004531617322276402,0.20713400373346508,14.695408956169787
