states,flag,Avg0,SD0,frust0,time
'0000111',1,0.4988666666666666,0.0027980151695244544,0.15042237511405365,33.8903256656433
'1111000',1,0.5011333333333333,0.00279801516952446,0.15042237511405365,34.17708309249658
