states,flag,Avg0,SD0,frust0,time
'0110100',1,0.5018666666666667,0.002735365098523813,0.19848428266262952,24.38109314220459
'1001011',1,0.4981333333333333,0.00273536509852379,0.19848428266262952,24.714899522514873
