states,flag,Avg0,SD0,frust0,time
'1010101',1,0.19696666666666665,0.0020417857108151393,0.16800648025811357,16.831981232660954
'1011100',1,0.12999999999999998,0.0020542638584174163,0.1641911558577075,14.574883644719792
'0001011',1,0.17566666666666667,0.00441537717024894,0.17597559567080226,18.079200831200236
'0101010',1,0.1927333333333333,0.0033489633553617127,0.16800648025811357,17.00434163414822
'0100011',1,0.1291,0.005909878735360534,0.1641911558577075,14.498425301378347
'1110100',1,0.17553333333333332,0.002408780235351951,0.17597559567080226,18.08635102917247
