states,flag,Avg0,SD0,frust0,time
'1010001',1,0.41756666666666664,0.0005436502143433457,0.12700785450508026,21.24997474701607
'0100111',1,0.08203333333333333,0.0012229290885229416,0.1625731131698108,12.33517804131246
'0101110',1,0.4199,0.0010708252269472634,0.12700785450508026,21.329508969507007
'1011000',1,0.0805,0.00021602468994692844,0.1625731131698108,12.728023620190683
