states,flag,Avg0,SD0,frust0,time
'0111100',1,0.20420000000000002,0.0018467448840234198,0.1748742349292232,17.43976302866213
'1001001',1,0.21586333333333332,0.0006263296966365987,0.16285105103867803,17.406437596055326
'0110110',1,0.21636333333333335,0.002197367111390857,0.16285105103867803,17.532965491324713
'1101000',1,0.07917333333333333,0.0005067763039273101,0.23055179379509874,12.11222868716782
'1000011',1,0.20462666666666665,0.0007638644440533253,0.1748742349292232,17.346341017249372
'0010111',1,0.07977333333333333,0.00039432079439067155,0.23055179379509874,12.126188882847261
