states,flag,Avg0,SD0,frust0,time
'1100010',1,0.49629999999999996,0.002146314670934046,0.15945956780388967,31.348193241974755
'0011101',1,0.5037,0.0021463146709340365,0.15945956780388967,31.295600248742485
