states,flag,Avg0,SD0,frust0,time
'0001011',1,0.19882,0.0005555177764932404,0.17466805768712174,16.605189076593273
'0100110',1,0.19876666666666667,0.0016903319858010768,0.17775964801466215,15.045707765518676
'1110100',1,0.19950333333333334,0.002047703320524936,0.17466805768712174,16.6191016484671
'0011010',1,0.10262,0.0007392338376093659,0.19093856182297334,9.775506936238978
'1011001',1,0.19743999999999998,0.0012374974747448887,0.17775964801466215,15.078379096446154
'1100101',1,0.10285,0.0007836240595251421,0.19093856182297334,9.785243216383547
