states,flag,Avg0,SD0,frust0,time
'1001001',1,0.15523333333333333,0.0014584085694878371,0.17499783687305487,14.009170034941471
'1001010',1,0.24501000000000003,0.000421979462375442,0.18006431654425503,19.912736361275588
'0110101',1,0.24672666666666668,0.0011289031057722528,0.18006431654425503,19.89592433783933
'0100011',1,0.051469999999999995,0.00038401388863772514,0.22545950413063462,6.940968825826526
'0110110',1,0.15601666666666666,0.0015711001099724844,0.17499783687305487,14.078221543868855
'1011100',1,0.051910000000000005,0.0003797367509209506,0.22545950413063462,6.955184552638589
'1111000',1,0.04684,0.0002515286597321794,0.21137233034855382,5.860542924109613
'0000111',1,0.04679333333333333,0.0004783536581047782,0.21137233034855382,5.946521686075751
