states,flag,Avg0,SD0,frust0,time
'1101001',1,0.13304000000000002,0.0011799152511939122,0.19597539065101627,12.660532413939679
'0010110',1,0.13553,0.0007075309180523499,0.19597539065101627,12.639723312336907
'0101011',1,0.12674666666666667,0.0005179661078573502,0.2192313486304364,13.689428342678587
'0110100',1,0.23846333333333336,0.002066967720008115,0.1871075203311539,15.73110572661192
'1001011',1,0.23920666666666668,0.0016480763196998988,0.1871075203311539,15.748086275854268
'1010100',1,0.12701333333333334,0.00036645448406164786,0.2192313486304364,13.65724554717377
