states,flag,Avg0,SD0,frust0,time
'1110100',1,0.49978000000000006,0.002350503492162204,0.18869625079099966,24.95981206416116
'0001011',1,0.50022,0.0023505034921621933,0.18869625079099966,24.980696560512683
