states,flag,Avg0,SD0,frust0,time
'1001011',1,0.3463766666666667,0.0015277943433445308,0.20739327568310498,76.78434741583017
'0110100',1,0.34632666666666667,0.0007262843030720642,0.20739327568310498,76.53560158403752
'0110010',1,0.15438666666666667,0.0012047775267197164,0.2110939999773094,57.710261030932315
'1001101',1,0.15291000000000002,0.0011946826635833752,0.2110939999773094,57.89160245875875
