states,flag,Avg0,SD0,frust0,time
'0011110',1,0.3506666666666667,0.0018856180831641283,0.15885272523555458,21.032708551027515
'1100001',1,0.3602666666666667,0.003070649587447079,0.15885272523555458,20.989138892654953
'0101001',1,0.14386666666666667,0.005599007848618269,0.1978247455699306,18.652273518260575
'1010110',1,0.14520000000000002,0.004648297179254641,0.1978247455699306,18.626989317910823
