states,flag,Avg0,SD0,frust0,time
'1101001',1,0.5010666666666667,0.0016481572201165323,0.20486745526925457,29.20869830245698
'0010110',1,0.4989333333333333,0.0016481572201165323,0.20486745526925457,29.048302683761914
