states,flag,Avg0,SD0,frust0,time
'1000011',1,0.3152,0.004964540932117154,0.12971685064210853,17.809632177355578
'1100101',1,0.18553333333333333,0.0025978623691198313,0.19268969585051585,16.027954438607583
'0111100',1,0.3131,0.0019200694431886374,0.12971685064210853,17.86700235667873
'0011010',1,0.18616666666666667,0.0017249798710580852,0.19268969585051585,15.971965216691009
