states,flag,Avg0,SD0,frust0,time
'0101101',1,0.25916666666666666,0.0007896975511056304,0.17782977234647007,32.335609191250136
'1010010',1,0.25873666666666667,0.0005319983291535914,0.17782977234647007,32.47163090475254
'0100011',1,0.24074333333333334,0.0019776136011758158,0.20839895591500301,39.77730247896278
'1011100',1,0.2413533333333333,0.002214758577261997,0.20839895591500301,39.550908744398185
