states,flag,Avg0,SD0,frust0,time
'1111000',1,0.3840666666666667,0.003664544840616475,0.17122833168448023,24.731640819085385
'0000111',1,0.39420000000000005,0.003325657829663178,0.17122833168448023,25.311887943114716
'0110011',1,0.11316666666666668,0.0020072092289766135,0.19021766947147611,16.312420027750548
'1001100',1,0.10856666666666666,0.004158792559812949,0.19021766947147611,16.38006583211776
