states,flag,Avg0,SD0,frust0,time
'1100',1,0.4128333333333334,0.0038784303812524792,0.12026331416367594,7.466203839344661
'0011',1,0.41146666666666665,0.00469775360027417,0.12026331416367594,7.393241045041467
'0101',1,0.08800000000000001,0.00333566585057117,0.1474480339237134,2.2508011579002174
'1010',1,0.0877,0.00404310112001501,0.1474480339237134,2.2430398347476594
