states,flag,Avg0,SD0,frust0,time
'1010',1,0.12723333333333334,0.0011728408057172823,0.08806969294834999,2.67306360717289
'1001',1,0.1685,0.002728858125052798,0.09149953390587326,3.876592698430944
'0010',1,0.07786666666666667,0.0031668421004036307,0.143684123374132,2.0
'1100',1,0.12813333333333332,0.002013840995599097,0.16609759571748162,2.6441901099125036
'1101',1,0.07740000000000001,0.002824889378365103,0.143684123374132,2.0
'0110',1,0.16473333333333331,0.000262466929133724,0.09149953390587326,3.9220058980875443
'0101',1,0.12653333333333333,0.002811089152307737,0.08806969294834999,2.6374999341359264
'0011',1,0.12960000000000002,0.004961854492022105,0.16609759571748162,2.6632829263597397
