states,flag,Avg0,SD0,frust0,time
'0011',1,0.10290666666666666,0.0005901600536201085,0.0896124854547676,2.682670271302572
'0101',1,0.14789666666666668,0.00045183576170502543,0.10277856739713542,4.1503696407397115
'1001',1,0.18578666666666668,0.0006476796190161397,0.09286460486594915,4.072739508799887
'0110',1,0.18824666666666667,0.00031255221785948735,0.09286460486594915,4.052754293244824
'1011',1,0.06301666666666667,0.0007620294540822469,0.14594758432074595,2.0
'1010',1,0.14506666666666668,0.0002040152499746544,0.10277856739713542,4.153825731594645
'0100',1,0.061963333333333336,0.0004392670663224765,0.14594758432074595,2.0
'1100',1,0.10511666666666668,0.000846968450153579,0.0896124854547676,2.6963724551835
