states,flag,Avg0,SD0,frust0,time
'0101',1,0.4046,0.007499333303701075,0.09865343781347471,7.486606321879335
'1010',1,0.3942333333333334,0.005138957957493814,0.09865343781347471,7.511439199210442
'0110',1,0.10049999999999999,0.0019304576314093697,0.11428360213945639,2.614279637781468
'1001',1,0.10066666666666667,0.0015282524515130209,0.11428360213945639,2.613817111769706
