states,flag,Avg0,SD0,frust0,time
'1010',1,0.21785666666666667,0.001709918776498535,0.11633882185181256,3.8830603390902296
'0010',1,0.07801999999999999,0.001556149093114153,0.16931565258367487,2.0
'0101',1,0.21793666666666667,0.0008800505036012944,0.11633882185181256,3.8793695421258274
'1100',1,0.14190333333333335,0.0006992535702844494,0.16467365835137251,2.894516777375878
'1001',1,0.06305,0.00035524639336663054,0.12545510859908504,2.0
'1101',1,0.07865333333333334,0.0001746106780494472,0.16931565258367487,2.0
'0011',1,0.14044666666666666,0.0005990177144477539,0.16467365835137251,2.8917250634849254
'0110',1,0.06213333333333334,0.0002379542439676633,0.12545510859908504,2.0
