states,flag,Avg0,SD0,frust0,time
'1100',1,0.11464333333333333,0.0009552079471100638,0.11895772923502068,2.384424669565974
'1101',1,0.2712333333333334,0.0006350503042192088,0.14231715793616107,5.985955818807273
'0011',1,0.11437000000000001,0.00038270963754087487,0.11895772923502068,2.3833850376501626
'0010',1,0.27186,0.0004610856753359281,0.14231715793616107,5.996307571677491
'0110',1,0.11436666666666667,0.0003593821859184972,0.14144144849643212,2.3820929750574757
'1001',1,0.11352666666666666,0.0003739280976634738,0.14144144849643212,2.3897292735358
