states,flag,Avg0,SD0,frust0,time
'1100',1,0.17764666666666665,0.0014121457274500933,0.19949802005671996,2.722327232323668
'1010',1,0.18029666666666666,0.0010600733727226465,0.130413257964702,2.7073819135720716
'0110',1,0.14106666666666667,0.0010040694973733396,0.16684824030775325,2.462199140047373
'1001',1,0.14069,0.0006312421616675002,0.16684824030775325,2.4742320595921896
'0101',1,0.18053333333333332,0.001489794915043311,0.130413257964702,2.727037376324757
'0011',1,0.17976666666666666,0.0006003517487458647,0.19949802005671996,2.7251854939738696
