states,flag,Avg0,SD0,frust0,time
'1101',1,0.07701333333333334,0.0013057394669517923,0.18126530585208547,2.0
'0011',1,0.24497,0.001196021181529271,0.09848431705230534,4.406942983594201
'1001',1,0.08846333333333334,0.0007189962138673295,0.1308684200141443,2.2468758222581595
'0110',1,0.08905333333333333,0.000758170312147754,0.1308684200141443,2.2508016089841316
'1100',1,0.24561333333333335,0.0008485805140874375,0.09848431705230534,4.415032183394832
'0010',1,0.078,0.0007237402849088916,0.18126530585208547,2.0
'0101',1,0.08883,9.933109617167341e-5,0.16858330803754262,2.253369235502562
'1010',1,0.08805666666666667,0.0009648603813793768,0.16858330803754262,2.254073027984997
