states,flag,Avg0,SD0,frust0,time
'0011',1,0.17954000000000003,0.0012761138925137738,0.11504370906063582,3.9324339602241984
'1100',1,0.18091,0.001197246841716442,0.11504370906063582,3.954870269162871
'0101',1,0.21891000000000002,0.00021416504538946204,0.1357128294021659,4.599417985080901
'1010',1,0.21744333333333335,0.0011383125913190808,0.1357128294021659,4.622761186794334
'1001',1,0.10101666666666669,0.0007129905718560089,0.13123215821820713,2.609906704547484
'0110',1,0.10217999999999999,0.001883418877113285,0.13123215821820713,2.6320132822857074
