states,flag,Avg0,SD0,frust0,time
'1001',1,0.33803333333333335,0.004431202495435707,0.032455130122486825,4.753122999798131
'0110',1,0.3358666666666667,0.004252319628417198,0.032455130122486825,4.7494364415504675
'0011',1,0.10326666666666667,0.0015965240019770737,0.1360444476480036,2.6004713453874917
'1010',1,0.06053333333333333,0.004227949332188782,0.14599556288117177,2.0
'1100',1,0.09996666666666666,0.00280158685192676,0.1360444476480036,2.620536855513319
'0101',1,0.06233333333333333,0.0006599663291074403,0.14599556288117177,2.0
