states,flag,Avg0,SD0,frust0,time
'1001',1,0.17856666666666665,0.0026712460679532203,0.1558379908353533,3.9318124998874713
'0110',1,0.18016666666666667,0.0006649979114420047,0.1558379908353533,3.949268583171651
'0011',1,0.1832666666666667,0.0012657891697365079,0.11545940252370362,3.9350897061356336
'1100',1,0.1804666666666667,0.0029959231558161765,0.11545940252370362,4.009494408290951
'1101',1,0.07683333333333332,0.0016418147141366332,0.17632443354999017,2.0
'0010',1,0.07783333333333332,0.003013672547278853,0.17632443354999017,2.0
'0101',1,0.06083333333333333,0.001575506973079531,0.14354963267972068,2.0
'1010',1,0.06203333333333333,0.0014337208778404417,0.14354963267972068,2.0
