states,flag,Avg0,SD0,frust0,time
'1001',1,0.10126666666666667,0.0017015744343270899,0.1485665552309623,2.613076359270915
'1100',1,0.2576133333333333,0.00037276742823850654,0.09585821848997872,4.457793026143141
'0011',1,0.25722,0.000863288287113086,0.09585821848997872,4.450128611042636
'0010',1,0.07934000000000001,0.0011007573150638948,0.16734727849155487,2.0
'0110',1,0.10185333333333334,0.0002932954520994488,0.1485665552309623,2.6166349133940674
'1101',1,0.07790666666666667,0.000493986054683959,0.16734727849155487,2.0
'1010',1,0.06274999999999999,0.0008290154803540592,0.17336862591266694,2.0
'0101',1,0.062049999999999994,0.0008382123835878347,0.17336862591266694,2.0
