states,flag,Avg0,SD0,frust0,time
'1100',1,0.2565,0.003476588366008658,0.07479319899061164,4.514280476535855
'1000',1,0.0768,0.004176920715870323,0.1677271981083735,2.0
'0110',1,0.10276666666666667,0.00036817870057290794,0.15437114723490497,2.6538804256541084
'0011',1,0.26036666666666664,0.001167142760000783,0.07479319899061164,4.434306265248931
'1001',1,0.10410000000000001,0.0005715476066494076,0.15437114723490497,2.6039972884017457
'0111',1,0.07676666666666666,0.0007586537784494009,0.1677271981083735,2.0
'1010',1,0.06163333333333334,0.001961858529274957,0.2142196544597113,2.0
'0101',1,0.06106666666666668,0.002597862369119831,0.2142196544597113,2.0
