states,flag,Avg0,SD0,frust0,time
'1001',1,0.26676666666666665,0.003340991203553563,0.11817223972091573,4.91882907113532
'0110',1,0.27176666666666666,0.005195724738239663,0.11817223972091573,4.90507182263884
'0101',1,0.23303333333333334,0.0014613540144521881,0.11438877121625107,4.464804129922913
'1010',1,0.22843333333333335,0.0023328570942563547,0.11438877121625107,4.500958742734645
