states,flag,Avg0,SD0,frust0,time
'0101',1,0.1403,0.0002160246899469263,0.1351952206248557,2.8766413196662306
'0111',1,0.17859999999999998,0.0029698484809834997,0.13824746158789675,4.467379944334588
'0110',1,0.17726666666666668,0.0013695092389449425,0.0871795848188714,3.0222570015520396
'1000',1,0.18026666666666666,0.001586050300449377,0.13824746158789675,4.381952532385326
'1001',1,0.1796333333333333,0.0015173075568988101,0.0871795848188714,3.048630435506364
'1010',1,0.14393333333333333,0.0005436502143433361,0.1351952206248557,2.892664754208496
