states,flag,Avg0,SD0,frust0,time
'1010',1,0.09973333333333334,0.0005525898619731985,0.1729773775125492,2.611040162607441
'1001',1,0.18003666666666665,0.0010790530828256554,0.12110723560817757,3.9292937439984796
'0110',1,0.17998666666666666,0.0006678489516516681,0.12110723560817757,3.9149504379476823
'0011',1,0.1408366666666667,0.0010359000380774706,0.12088411237027707,2.9046234025441415
'1101',1,0.07788,0.001173484838703362,0.13791431352425307,2.0
'1100',1,0.14122666666666667,0.0006534693735916147,0.12088411237027707,2.8916856900308026
'0101',1,0.10257,0.00042166337284616195,0.1729773775125492,2.6228743883903705
'0010',1,0.07773000000000001,0.0010993634521849454,0.13791431352425307,2.0
