states,flag,Avg0,SD0,frust0,time
'0110',1,0.11428333333333333,0.0006899436369894431,0.12938489248838483,2.3900852937173074
'0101',1,0.2712966666666667,0.0006736138029728447,0.07691211916103245,4.261656091041313
'0011',1,0.11445333333333334,0.0006422010761609039,0.15569161897171338,2.395678380034016
'1010',1,0.2705033333333334,0.0007156504422939739,0.07691211916103245,4.272583818486201
'1100',1,0.11390333333333334,0.001000577610960562,0.15569161897171338,2.382959285318169
'1001',1,0.11556,0.0007797862955109383,0.12938489248838483,2.385835421199896
