states,flag,Avg0,SD0,frust0,time
'0101',1,0.14070000000000002,0.002122891110412083,0.07331602977108359,2.9082894023714254
'1001',1,0.13983333333333334,0.002375336233509315,0.13771629329335625,2.91445923356115
'1100',1,0.22173333333333334,0.0005792715732327643,0.09131819081822871,3.843434607127573
'0011',1,0.21486666666666665,0.0008178562764256876,0.09131819081822871,3.851100779375591
'0110',1,0.14396666666666666,0.0046828291543562495,0.13771629329335625,2.90117516629771
'1010',1,0.1389,0.0004082482904638634,0.07331602977108359,2.907069450184442
