states,flag,Avg0,SD0,frust0,time
'1010',1,0.33266,0.0009675742865537593,0.0676145915404939,5.878363257942543
'0101',1,0.33311666666666667,0.0015170658815255268,0.0676145915404939,5.901712881567332
'1100',1,0.16748,0.000978808799851467,0.07981095555624487,3.8325959617656036
'0011',1,0.16674333333333333,0.0009799433090178673,0.07981095555624487,3.859336383338281
