states,flag,Avg0,SD0,frust0,time
'1010',1,0.18018,0.0005242772803266032,0.1068201288776858,3.928007788705806
'1100',1,0.1791533333333333,0.0004047495796442828,0.10602796834549325,3.9534523475290624
'1001',1,0.14104,0.0010791045670678395,0.09772597244243492,4.036885316150776
'0011',1,0.17863666666666667,0.0012523666484788784,0.10602796834549325,3.9508360877645514
'0101',1,0.18014,0.0013930063412155248,0.1068201288776858,3.947296080131377
'0110',1,0.14085,0.0010885158091027685,0.09772597244243492,4.041844050617951
