states,flag,Avg0,SD0,frust0,time
'0101',1,0.1812666666666667,0.0023156472577277854,0.11175851371632688,3.972710014090586
'1010',1,0.1811666666666667,0.004291334938635706,0.11175851371632688,3.9582771299210457
'0011',1,0.17633333333333331,0.001569146972791976,0.14534779910318876,3.9051474206101826
'0110',1,0.13726666666666668,0.0026948510575210364,0.11645840117689776,2.9022923885534695
'1100',1,0.1816,0.0013928388277184092,0.14534779910318876,3.9637017031537867
'1001',1,0.14236666666666667,0.0006128258770283417,0.11645840117689776,2.891029447077022
