states,flag,Avg0,SD0,frust0,time
'0011',1,0.29019999999999996,0.0018064883060789582,0.12280579787457296,5.062153936220587
'1100',1,0.28916000000000003,0.000804528847628633,0.12280579787457296,5.07528251705661
'1001',1,0.2102466666666667,0.0008089636717567868,0.16136745792681773,4.834245202123886
'0110',1,0.21039333333333332,0.00046305747183500857,0.16136745792681773,4.812885730748983
