states,flag,Avg0,SD0,frust0,time
'0110',1,0.27027666666666667,0.0007402852303147773,0.13160730779704155,4.724973025233932
'1010',1,0.23168,0.0009565563234854428,0.09290167807575128,4.195973346667757
'1001',1,0.2687133333333333,0.0005801915392542531,0.13160730779704155,4.72461028072474
'0101',1,0.22933,0.0007164263162856824,0.09290167807575128,4.2161099896502385
