states,flag,Avg0,SD0,frust0,time
'0110',1,0.14173,0.0008166190462306569,0.1707262932574945,4.036202382402613
'0011',1,0.2564666666666667,0.0009558707490497225,0.10639957322577481,4.477018607875555
'1100',1,0.25744,0.0003144307024873127,0.10639957322577481,4.450212045494709
'1001',1,0.14037666666666668,0.0008910792457588882,0.1707262932574945,4.020372576546738
'0101',1,0.10184,0.0013127833027579262,0.14428951469255616,2.6140384080423646
'1010',1,0.10214666666666666,0.0008538670206120433,0.14428951469255616,2.608128282829762
