states,flag,Avg0,SD0,frust0,time
'0101',1,0.21725000000000003,0.00043150898020782614,0.09940392676544746,3.872324229292403
'0011',1,0.14035333333333333,0.0004970133018564213,0.16835533002839168,4.049091750594267
'0110',1,0.14072666666666667,0.00021483844059095735,0.15072252960393728,2.870613669279281
'1100',1,0.14129,0.0005715476066494133,0.16835533002839168,4.015460404111635
'1001',1,0.14136666666666667,0.0007721111031163586,0.15072252960393728,2.8859869623565046
'1010',1,0.2190133333333333,0.0007299467256055274,0.09940392676544746,3.8785024656399982
