states,flag,Avg0,SD0,frust0,time
'1100',1,0.29023666666666664,0.0013681211772191633,0.1011389464221758,5.049706736663627
'0011',1,0.28781666666666667,0.0016540119575007774,0.1011389464221758,5.0888258640277595
'1010',1,0.21085333333333334,0.0006380351784101539,0.1461421807047629,4.858981220713134
'0101',1,0.21109333333333333,0.0009179808761019429,0.1461421807047629,4.838589483053579
