states,flag,Avg0,SD0,frust0,time
'1001',1,0.23197333333333334,0.00032714251057028423,0.06876101710850978,4.210977169854128
'1011',1,0.07715666666666667,0.00039600785626325873,0.14991165266914852,2.0
'1100',1,0.19213999999999998,0.00042197946237544187,0.10374854829162997,4.329760209970119
'0110',1,0.22996000000000003,0.0012379822292747193,0.06876101710850978,4.205554378277423
'0011',1,0.19064666666666666,0.0009917100830831981,0.10374854829162997,4.349921574856292
'0100',1,0.07812333333333332,0.001029249996626451,0.14991165266914852,2.0
