states,flag,Avg0,SD0,frust0,time
'1010',1,0.21963,0.0009044703790985461,0.06800388124446921,4.618943094288301
'0101',1,0.21877333333333335,0.0015211034006784574,0.06800388124446921,4.618749505168617
'0011',1,0.17995333333333333,0.0007029619872763748,0.14305320362731572,3.9350114802299583
'0110',1,0.10102333333333334,0.0002574662868977026,0.10823653162233798,2.6030349623257876
'1100',1,0.17889999999999998,0.0010190518468982143,0.14305320362731572,3.9578362005592687
'1001',1,0.10171999999999999,0.0008369388667439624,0.10823653162233798,2.610485351792228
