states,flag,Avg0,SD0,frust0,time
'1100',1,0.21792333333333333,0.000695573304707867,0.0983027820663245,3.8699462949849597
'1000',1,0.14041,0.0003510935297989213,0.15761823761149965,3.5320692638423368
'0110',1,0.14090333333333332,0.0012166164373193231,0.1459292904112399,2.8840189218820824
'0111',1,0.14042333333333332,0.0008369123145361285,0.15761823761149965,3.4904279083166596
'1001',1,0.14054666666666668,0.0004913473539383572,0.1459292904112399,2.8885569967035423
'0011',1,0.2197933333333333,0.0021095075781381377,0.0983027820663245,3.8890704995839243
