states,flag,Avg0,SD0,frust0,time
'0110',1,0.162,0.004950420857529864,0.17909527088076715,3.904255426512677
'0011',1,0.24963333333333335,0.002007209228976607,0.13987671420586212,4.424433877514502
'1100',1,0.24296666666666664,0.0049748255134113885,0.13987671420586212,4.412719057259089
'0101',1,0.08906666666666667,0.0021638443156156663,0.18461478639651913,2.2482331769945954
'1001',1,0.16849999999999998,0.0024657656011875923,0.17909527088076715,3.940436015490054
'1010',1,0.08783333333333332,0.0031541859312489624,0.18461478639651913,2.2544724746800617
