states,flag,Avg0,SD0,frust0,time
'1010',1,0.12392333333333333,0.00044574531841500215,0.051980656741751105,3.7081929950403842
'0101',1,0.12495333333333332,0.0007883033820948735,0.051980656741751105,3.699784880838895
'0110',1,0.12589999999999998,0.0006515110641168497,0.10336158173011963,3.7176820901978047
'1001',1,0.12566333333333332,0.00035490217744549654,0.10336158173011963,3.681541595657748
'0011',1,0.15617999999999999,0.00040232656718972617,0.08086356724675123,4.486794993956697
'1011',1,0.09358,0.00044519658579103837,0.10297006323436196,2.446759245354476
'1100',1,0.15629666666666667,0.0004533088228668118,0.08086356724675123,4.481046907624746
'0100',1,0.09350333333333333,0.0004964093293061959,0.10297006323436196,2.445308075133418
