states,flag,Avg0,SD0,frust0,time
'0011',1,0.35959,0.0007172633175247796,0.03344387215383023,5.246106551664995
'1100',1,0.35833999999999994,0.0013865304420266804,0.03344387215383023,5.251042416528393
'0101',1,0.14046,0.0006871681017043854,0.13773449462693785,2.884857606333183
'1010',1,0.14160999999999999,0.000812691003190426,0.13773449462693785,2.8882556256273433
