states,flag,Avg0,SD0,frust0,time
'1100',1,0.24428666666666665,0.0008748841193107972,0.14316668066283422,4.397119126169642
'1001',1,0.12750333333333333,0.0010751847386483047,0.11903364076226888,2.6724367742137254
'0011',1,0.24474333333333334,0.0005478645412467938,0.14316668066283422,4.421995380916633
'1010',1,0.1281,0.0014990886120128688,0.1031406577968932,2.6490652347675945
'0110',1,0.12816333333333332,0.0006593094030035352,0.11903364076226888,2.6736842641789633
'0101',1,0.12720333333333333,0.0002894055209486493,0.1031406577968932,2.671723459953339
