states,flag,Avg0,SD0,frust0,time
'1100',1,0.16616666666666666,0.0029454296045832635,0.11946247490724346,2.856102776911191
'0110',1,0.3349,0.004185689907291265,0.17863330730312002,6.375269665316967
'0011',1,0.16689999999999997,0.0015577761927397225,0.11946247490724346,2.845477801432304
'1001',1,0.33203333333333335,0.007261466028901386,0.17863330730312002,6.454668842599896
