states,flag,Avg0,SD0,frust0,time
'1001',1,0.3712166666666666,0.0015845994937382602,0.12480845550841661,6.493409738288165
'0110',1,0.37288000000000004,0.0014115476140274651,0.12480845550841661,6.506730521247877
'0011',1,0.12670666666666666,0.0011214672928306386,0.14715908002985398,2.6644039969926463
'1100',1,0.12919666666666665,0.00045168819136902545,0.14715908002985398,2.6568203488511446
