states,flag,Avg0,SD0,frust0,time
'0011',1,0.16963333333333333,4.714045207909798e-5,0.11530568331353502,2.8795416347012672
'1001',1,0.2401333333333333,0.00348743777324015,0.114960014594322,3.715242456721701
'1100',1,0.1656,0.0024097026095903787,0.11530568331353502,2.8932133336903774
'0101',1,0.08753333333333334,0.002485066509282107,0.1721188941910523,2.2538038525864965
'1010',1,0.08806666666666667,0.002163844315615664,0.1721188941910523,2.2488616358191678
'0110',1,0.24903333333333333,0.0024689178916188228,0.114960014594322,3.767467038892022
