states,flag,Avg0,SD0,frust0,time
'1010',1,0.16733333333333333,0.0019067132861433432,0.13595516484026254,4.059243107483957
'1100',1,0.2077,0.00455192267069641,0.1232550475437631,3.893094867175743
'0011',1,0.20893333333333333,0.0023471022323045196,0.1232550475437631,3.8333683062238784
'0101',1,0.16483333333333336,0.0023328570942563595,0.13595516484026254,3.939810213101231
'0110',1,0.12710000000000002,0.0045519226706964185,0.13116024404909563,2.6512775396948522
'1001',1,0.12409999999999999,0.002940521495698791,0.13116024404909563,2.6926584883956273
