states,flag,Avg0,SD0,frust0,time
'1001',1,0.17997666666666667,0.00023299976156402328,0.10195828557494618,3.940171570426614
'0011',1,0.22058666666666668,0.0008287473814270744,0.12530954321336735,3.853450864241682
'0110',1,0.18070333333333333,0.0005432208472517417,0.10195828557494618,3.9265187767987406
'0101',1,0.10097,0.0006538093503970876,0.1441038479649876,2.620804789782228
'1100',1,0.21666666666666667,0.0008502679316283455,0.12530954321336735,3.893162918188952
'1010',1,0.10109666666666665,0.0003679069930778091,0.1441038479649876,2.6198991121787927
