states,flag,Avg0,SD0,frust0,time
'0100',1,0.08348666666666667,0.0008208261421004793,0.12444227679174774,2.1294218087686496
'0011',1,0.31305,0.00208083316646641,0.049471846216144005,5.440303153484202
'1100',1,0.31359,0.0016984895250388493,0.049471846216144005,5.422130776319453
'0101',1,0.10349666666666667,0.0009058820134113593,0.12627016906399668,2.686930361182194
'1011',1,0.0828,0.00033950945004029414,0.12444227679174774,2.1353456121279417
'1010',1,0.10357666666666666,0.00011085526098877539,0.12627016906399668,2.6903648207173654
