states,flag,Avg0,SD0,frust0,time
'0011',1,0.20437333333333332,0.000656522826885877,0.13738688481881953,3.8010225098309607
'0110',1,0.16678666666666664,0.0010049986180200548,0.1530746675174956,3.839310856707089
'0101',1,0.12703666666666666,0.00020548046676563243,0.135165667154379,2.650005798963598
'1100',1,0.20666333333333334,0.00035026973732952047,0.13738688481881953,3.8126594493988364
'1010',1,0.12667666666666666,0.0007237095795659716,0.135165667154379,2.668585710890772
'1001',1,0.16846333333333333,0.00038663792996663414,0.1530746675174956,3.8546597124695325
