states,flag,Avg0,SD0,frust0,time
'0101',1,0.14403333333333332,0.003137231617560653,0.0964985654386018,2.888488592829596
'1011',1,0.21603333333333333,0.0019223827807061547,0.09361119498608773,4.989294295624828
'0100',1,0.2191,0.0017378147196982806,0.09361119498608773,5.046226696645401
'1010',1,0.14113333333333333,0.003412070078738447,0.0964985654386018,2.8862681545386693
'0110',1,0.1423,0.003595367389665022,0.11131613612987987,4.001974579449233
'1001',1,0.1374,0.0031379398762032924,0.11131613612987987,4.027598550818492
