states,flag,Avg0,SD0,frust0,time
'0110',1,0.31,0.0064441187657170405,0.06335014907393355,4.540007323152035
'1001',1,0.3107666666666667,0.007266513759859122,0.06335014907393355,4.495773650092644
'0101',1,0.19133333333333336,0.002369716344956829,0.09028632060631785,3.2486513720643533
'1010',1,0.18789999999999998,0.006397395303298575,0.09028632060631785,3.2245690414081323
