states,flag,Avg0,SD0,frust0,time
'1001',1,0.17679999999999998,0.005485131417447233,0.08185305255395812,3.9488735096052032
'0101',1,0.14153333333333334,0.0016006942938057347,0.12452258987354584,4.1737150851293
'1100',1,0.1022,0.002275961335348205,0.14627082249540008,2.655768983321922
'0011',1,0.10113333333333334,0.002221611027060216,0.14627082249540008,2.6041897176989264
'1010',1,0.14516666666666667,0.003917765803221127,0.12452258987354584,4.070580490217449
'0100',1,0.07663333333333333,0.0004642796092394713,0.13203169903487183,2.0
'0110',1,0.17853333333333335,0.00262339898266014,0.08185305255395812,3.972264143053954
'1011',1,0.078,0.0028296053906272304,0.13203169903487183,2.0
