states,flag,Avg0,SD0,frust0,time
'0101',1,0.14062666666666665,0.0006539283005209588,0.15398791068479406,2.890887347545936
'1010',1,0.14053000000000002,0.0009102014429051838,0.15398791068479406,2.885145055079691
'1001',1,0.1789666666666667,0.0007899507720245715,0.09730525128651207,3.036665420412223
'0110',1,0.18038666666666667,0.001933431032014221,0.09730525128651207,3.035437135105998
'1000',1,0.07837,0.0006807348970047022,0.15572678003509702,2.0
'1100',1,0.10086,0.0003635931792539543,0.12984952992342022,2.6100227902523105
'0011',1,0.10282333333333334,0.0005704579057408387,0.12984952992342022,2.630240128764157
'0111',1,0.07743666666666667,0.0003542441091802218,0.15572678003509702,2.0
