states,flag,Avg0,SD0,frust0,time
'1100',1,0.21811999999999998,0.0012516389255691936,0.07444061493495963,4.627976697022344
'1010',1,0.17964666666666665,0.0013049223050519922,0.16018046322042484,3.943316472689059
'0011',1,0.21893333333333334,0.0006053832578531429,0.07444061493495963,4.60596790939852
'1001',1,0.10147,0.0008847975286282589,0.12512785643082938,2.626589242783996
'0101',1,0.18015666666666666,5.185449728701301e-5,0.16018046322042484,3.933645125159757
'0110',1,0.10167333333333334,0.0005173221648278984,0.12512785643082938,2.618355989785146
