states,flag,Avg0,SD0,frust0,time
'0110',1,0.3345,0.004356604182158398,0.09350440153952588,5.373235072452897
'0101',1,0.17053333333333334,0.004386595744107527,0.11634981739193719,3.8922087890258763
'1010',1,0.1632,0.0031968734726291596,0.11634981739193719,3.9474185569273126
'1001',1,0.33176666666666665,0.0038212854149123885,0.09350440153952588,5.393960969381024
