states,flag,Avg0,SD0,frust0,time
'0011',1,0.163,0.0034409301068170474,0.12354122433963957,2.8531300542598985
'1100',1,0.16649999999999998,0.003102687007525354,0.12354122433963957,2.883223867492063
'1001',1,0.24293333333333333,0.006155936610748653,0.09436434338749244,3.7905440642165082
'1010',1,0.0886,0.0015121728296284987,0.17338297012653514,2.260266990639231
'0110',1,0.25020000000000003,0.006619667665374153,0.09436434338749244,3.78676034707822
'0101',1,0.08876666666666666,0.0023795424396766346,0.17338297012653514,2.2540292993227182
