states,flag,Avg0,SD0,frust0,time
'0110',1,0.26499999999999996,0.003965686153324115,0.0415094142623386,4.748454870062784
'1010',1,0.2327,0.0033356658505711663,0.09544174189196707,4.997103921037488
'1001',1,0.27066666666666667,0.0017594190960528893,0.0415094142623386,4.710365050853613
'0101',1,0.23163333333333333,0.005586491644036439,0.09544174189196707,4.963733325764552
