states,flag,Avg0,SD0,frust0,time
'1100',1,0.1413,0.003985808157283376,0.0911069672726288,4.164666916773013
'1010',1,0.16726666666666667,0.0037034518432883055,0.05225182417614296,3.705001933590655
'0100',1,0.08390000000000002,0.002475210428764932,0.13653465272519505,2.1361298351131555
'1001',1,0.10339999999999999,0.00308652987457868,0.1377959928946187,2.675337605296676
'0101',1,0.16833333333333333,0.0007363574011458159,0.05225182417614296,3.775466061222268
'0011',1,0.14923333333333333,0.0047225228662466255,0.0911069672726288,4.257365632964447
'1011',1,0.0846,0.0033356658505711676,0.13653465272519505,2.1379616504242684
'0110',1,0.10196666666666665,0.002590152290674989,0.1377959928946187,2.7106704109861703
