states,flag,Avg0,SD0,frust0,time
'0110',1,0.16643333333333335,0.003779182745280022,0.1061917127738326,2.9250904269708773
'0111',1,0.16543333333333335,0.0005249338582674432,0.15686966319803605,4.111531147628582
'1001',1,0.16846666666666665,0.0031201851796897493,0.1061917127738326,2.8951746443433053
'0101',1,0.1681666666666667,0.002101322334996596,0.1351432709979767,2.8901937024972746
'1010',1,0.1658666666666667,0.002430820620467272,0.1351432709979767,2.8841605927855554
'1000',1,0.16563333333333333,0.002269116323349004,0.15686966319803605,4.092953287228695
