states,flag,Avg0,SD0,frust0,time
'0110',1,0.3717333333333333,0.0030346151137976203,0.07550256421583548,6.913181738133791
'1001',1,0.3745,0.0044996296143868,0.07550256421583548,6.8808118633478506
'1010',1,0.12886666666666668,0.00472040487905669,0.15732952945208506,2.669351650740785
'0101',1,0.12490000000000001,0.0027724838442571044,0.15732952945208506,2.6498119664348256
