states,flag,Avg0,SD0,frust0,time
'0101',1,0.24985999999999997,0.0002933712096758437,0.1049415552018313,4.55495507005742
'1001',1,0.17212666666666668,0.0007276140613142527,0.08602368633968586,4.020885654831819
'0110',1,0.17159333333333335,0.0009662412857160598,0.08602368633968586,4.00963103788941
'1000',1,0.07741333333333333,0.0005517447074709631,0.12395250126744631,2.0
'1010',1,0.2502533333333334,0.0005820271089524674,0.1049415552018313,4.541349066716675
'0111',1,0.07875333333333334,0.00037606146069788047,0.12395250126744631,2.0
