states,flag,Avg0,SD0,frust0,time
'1010',1,0.2087,0.002376271589416215,0.1389472599140859,3.8041829223424912
'1100',1,0.12873333333333334,0.0016858891488535713,0.16705414028118354,2.6665015079948824
'0110',1,0.16516666666666666,0.0017249798710580746,0.19433388195803447,3.8672744110268975
'0101',1,0.20506666666666665,0.001255211358917515,0.1389472599140859,3.855445580250185
'0011',1,0.1277,0.004262237284181477,0.16705414028118354,2.6543763812311387
'1001',1,0.16463333333333333,0.004206608557443344,0.19433388195803447,3.8450296079958846
