states,flag,Avg0,SD0,frust0,time
'1100',1,0.19000000000000003,0.0027580186124583407,0.03709386610511042,4.324994262311695
'0110',1,0.15683333333333332,0.002345681611434552,0.04756523201723908,4.481335287361188
'1010',1,0.06183333333333333,0.0010873004286866717,0.12993973556788904,2.0
'0101',1,0.06153333333333333,0.002499777767900356,0.12993973556788904,2.0
'0010',1,0.09303333333333334,0.002701028610651051,0.06420383468890395,2.3894716259531443
'0011',1,0.1894,0.00481456124688429,0.03709386610511042,4.310432507543432
'1001',1,0.1552,0.002549509756796395,0.04756523201723908,4.439497555781164
'1101',1,0.09216666666666667,0.0012256517540566835,0.06420383468890395,2.407956898116812
