states,flag,Avg0,SD0,frust0,time
'1010',1,0.23029999999999998,0.0005354126134736318,0.0898709785721982,3.688500811512387
'1001',1,0.11680000000000001,0.002275961335348205,0.14077968423123055,2.3852685843426062
'0110',1,0.1125,0.0033256578296631764,0.14077968423123055,2.408613830593547
'1100',1,0.15143333333333334,0.0034988887124660357,0.14360451919843462,2.6890837981973292
'0101',1,0.2334333333333333,0.0017441967269268214,0.0898709785721982,3.6465722140738817
'0011',1,0.15553333333333333,0.002106075866524179,0.14360451919843462,2.6905279588074227
