states,flag,Avg0,SD0,frust0,time
'1001',1,0.2184,0.0024993332444207305,0.12056152269957009,3.1382355462386666
'1010',1,0.17683333333333331,0.003985250584621024,0.13314756425624655,3.068708547060696
'0101',1,0.18553333333333333,0.0018372685039360842,0.13314756425624655,3.0330567657873124
'1100',1,0.10029999999999999,0.0022759613353482092,0.17781941505675086,2.631997561156925
'0011',1,0.1012,8.164965809277494e-5,0.17781941505675086,2.5994616596028024
'0110',1,0.21773333333333333,0.002242518425540553,0.12056152269957009,3.1394189710586606
