states,flag,Avg0,SD0,frust0,time
'0010',1,0.1557666666666667,0.004000277768133385,0.13229725093955935,4.518731150753292
'1000',1,0.09373333333333334,0.002000555478416483,0.10314658878874289,2.4134375485007467
'0111',1,0.09356666666666667,0.0022216110270602126,0.10314658878874289,2.4078736721408283
'1001',1,0.15763333333333332,0.0034422215049134965,0.10896707711170647,4.529948703599044
'0011',1,0.09636666666666666,0.0019362047641943512,0.05147953400375671,2.4654551062937973
'0110',1,0.15723333333333334,0.00224251842554055,0.10896707711170647,4.521084203074599
'1100',1,0.09353333333333334,0.002503774927761857,0.05147953400375671,2.437082046305594
'1101',1,0.15216666666666667,0.003772119946248908,0.13229725093955935,4.4923058501726105
