states,flag,Avg0,SD0,frust0,time
'0101',1,0.12480333333333334,0.0015263318410125974,0.043938327216398676,3.687086677194884
'1011',1,0.14594333333333334,0.0009508358895671245,0.11767686307681416,3.585718926003343
'0110',1,0.22880999999999999,4.5460605656618176e-5,0.030518591163173237,4.735690607543776
'1001',1,0.22859666666666667,0.000766130247122223,0.030518591163173237,4.736154548833977
'1010',1,0.12574333333333335,0.0006694442139234313,0.043938327216398676,3.711256150863006
'0100',1,0.14610333333333334,0.0010056286038537692,0.11767686307681416,3.5410044109194705
