states,flag,Avg0,SD0,frust0,time
'0101',1,0.2331,0.0017682382946499781,0.144641220971207,5.617255387479868
'1100',1,0.27109999999999995,0.005003998401278727,0.14369329818132398,5.286057867452436
'0011',1,0.2663666666666667,0.004524255617103094,0.14369329818132398,5.289248863405812
'1010',1,0.22943333333333335,0.0029488227406128564,0.144641220971207,5.654124272032245
