states,flag,Avg0,SD0,frust0,time
'1001',1,0.25956666666666667,0.005456698228375423,0.08277866152677943,3.860726800282236
'1100',1,0.13849999999999998,0.005666274496233542,0.07218192052080934,2.8694982538545992
'0110',1,0.2564,0.0025729360660537107,0.08277866152677943,3.842368438827901
'0011',1,0.14293333333333333,0.00497013301856421,0.07218192052080934,2.8942475090069806
'0101',1,0.09943333333333333,0.001461354014452201,0.12916063743821632,2.626578290413446
'1010',1,0.10316666666666667,0.001189771219838314,0.12916063743821632,2.622418856775365
