states,flag,Avg0,SD0,frust0,time
'1010',1,0.21896666666666667,0.004135483311805557,0.09171034828147298,4.609887068986797
'1001',1,0.14086666666666667,0.003474030640177031,0.10586331155755464,4.02709503969261
'0101',1,0.21823333333333336,0.0037561800927123964,0.09171034828147298,4.590351874972035
'0011',1,0.13603333333333334,0.0008956685895029559,0.10890036158675244,4.02845465356234
'0110',1,0.14176666666666668,0.0015326085243430212,0.10586331155755464,4.061390536525579
'1100',1,0.14413333333333334,0.0014839886193034708,0.10890036158675244,3.9670437895919703
