states,flag,Avg0,SD0,frust0,time
'1001',1,0.10188000000000001,0.0006603534407169126,0.0749421942856829,2.6181731281009686
'1011',1,0.21936999999999998,0.0005103593505234005,0.136402743167236,5.034627050877641
'0110',1,0.10130333333333334,0.0004437967502760244,0.0749421942856829,2.6100557463762377
'0011',1,0.1803566666666667,0.0005877830287520177,0.092756218916304,3.9527884757466807
'0100',1,0.219,0.00118852850197208,0.136402743167236,5.0152466927995505
'1100',1,0.17809,0.00032031234756093734,0.092756218916304,3.9350274010346684
