states,flag,Avg0,SD0,frust0,time
'0110',1,0.2070266666666667,0.00042679685513784753,0.1198234666875522,3.9237056028828907
'1001',1,0.20956666666666668,0.0007814658590679962,0.1198234666875522,3.9388320458646144
'0101',1,0.16681333333333334,0.000625051109021402,0.14418231895293446,3.9578628052774985
'1010',1,0.16654666666666665,0.0008088812575952631,0.14418231895293446,3.943397191653906
'0011',1,0.12470666666666667,0.0008054950168823102,0.13127253472586503,2.6696711703314904
'1100',1,0.12534,0.0017456421931961491,0.13127253472586503,2.660514734783367
