states,flag,Avg0,SD0,frust0,time
'1010',1,0.21878333333333333,0.0006615805989362827,0.08337726520050887,4.619248948139568
'0101',1,0.21791333333333332,0.0007792446485040638,0.08337726520050887,4.601512038747322
'1100',1,0.14134333333333335,0.0013816013253548285,0.08122959195964087,4.054012219736927
'0001',1,0.07829,0.0008335866281717024,0.14011254027784226,2.0
'0011',1,0.14026333333333332,0.001750549120196914,0.08122959195964087,4.046032939409081
'1110',1,0.07814,0.0003749666651850554,0.14011254027784226,2.0
'1001',1,0.062273333333333326,0.0005576338902501844,0.12012426467483608,2.0
'0110',1,0.06299333333333333,0.0004134677200889499,0.12012426467483608,2.0
