states,flag,Avg0,SD0,frust0,time
'0110',1,0.19138666666666668,0.0011664857002504996,0.18176804867580593,4.60686703924046
'1010',1,0.30902999999999997,0.0012977929983886728,0.12336493837402386,4.745739395299686
'0101',1,0.30733000000000005,0.0017315888657530685,0.12336493837402386,4.756296017321431
'1001',1,0.1922533333333333,0.0004748567035315975,0.18176804867580593,4.638766179104223
