states,flag,Avg0,SD0,frust0,time
'0101',1,0.24153333333333335,0.00411528316833187,0.031701966319577765,4.218822601802927
'1010',1,0.24476666666666666,0.0006599663291074502,0.031701966319577765,4.243408789731617
'0110',1,0.2583333333333333,0.00338755893757666,0.0917747646297646,5.269961126613669
'1001',1,0.2553666666666667,0.0008259674462242713,0.0917747646297646,5.173727351415844
