states,flag,Avg0,SD0,frust0,time
'0011',1,0.2885333333333333,0.005716253629393587,0.050659176980575094,4.515547039962886
'0110',1,0.21366666666666667,0.003805551500403353,0.13775474195709997,4.885707281036487
'1100',1,0.28596666666666665,0.0034499597421161704,0.050659176980575094,4.493287774915144
'1001',1,0.21183333333333332,0.0032065904356843315,0.13775474195709997,4.78483414346006
