states,flag,Avg0,SD0,frust0,time
'0011',1,0.21803333333333333,0.0033628691453710946,0.0961646717323471,3.8862036836289264
'1100',1,0.2172333333333333,0.0058659090419890415,0.0961646717323471,3.8719404313380488
'0101',1,0.14093333333333333,0.0019154343864744823,0.14769868367043587,2.8961627870985365
'0001',1,0.0778,0.0014719601443879712,0.13056798462502892,2.0
'1010',1,0.14506666666666668,0.002976948474902141,0.14769868367043587,2.8800902371463946
'1001',1,0.06296666666666667,0.0022602851344219574,0.17340578091401732,2.0
'1110',1,0.0756,0.0024097026095903757,0.13056798462502892,2.0
'0110',1,0.06236666666666666,0.0029803057263009486,0.17340578091401732,2.0
