states,flag,Avg0,SD0,frust0,time
'0101',1,0.14160333333333333,0.0005295490744229724,0.08335140735161915,2.8871103978630592
'0100',1,0.17901333333333333,0.001610265678562261,0.0851885527135412,4.425346797234046
'1011',1,0.17956000000000003,0.0015140233375568201,0.0851885527135412,4.422413639655573
'0110',1,0.18001,0.0008020390680426163,0.13020139862674995,3.9611469476799717
'1010',1,0.13992666666666667,0.0009473237156443593,0.08335140735161915,2.8867067847362917
'1001',1,0.17988666666666667,0.000672772043282276,0.13020139862674995,3.9247232112643595
