states,flag,Avg0,SD0,frust0,time
'1010',1,0.2977066666666667,0.00013199326582149002,0.054662367194555944,4.888170180860233
'0111',1,0.07790666666666667,0.0006219503374243198,0.15727006559642712,2.0
'1000',1,0.07852666666666668,0.000763515262162816,0.15727006559642712,2.0
'0101',1,0.2957066666666666,0.0008331599819695776,0.054662367194555944,4.902601201626859
'0011',1,0.06275333333333333,0.0005148678363316995,0.14895619861879816,2.0
'0110',1,0.06283666666666667,0.0014441683496816495,0.1509090379684878,2.0
'1100',1,0.06192,0.00014445299120013734,0.14895619861879816,2.0
'1001',1,0.06264333333333333,0.0007537609405876343,0.1509090379684878,2.0
