states,flag,Avg0,SD0,frust0,time
'1100',1,0.21619999999999998,0.004961854492022105,0.08651000292667275,4.578319652280379
'0011',1,0.2164,0.0005354126134736318,0.08651000292667275,4.705447594782272
'0110',1,0.13933333333333334,0.005327496806401871,0.08530873042470624,4.050416013584116
'0010',1,0.1449,0.0006976149845485477,0.1526882701202832,3.5708058631615756
'1101',1,0.14303333333333335,0.0026411277052720374,0.1526882701202832,3.5569522215765432
'1001',1,0.1401333333333333,0.0018006171781426003,0.08530873042470624,4.066112983809781
