states,flag,Avg0,SD0,frust0,time
'0111',1,0.07586666666666667,0.0014613540144522007,0.14619426977845595,2.0
'1000',1,0.07873333333333334,0.0008055363982396378,0.14619426977845595,2.0
'0011',1,0.1794,0.007057383840111481,0.13656937245966305,3.906128974210624
'1001',1,0.1791,0.0051620409400417,0.15769852865019632,3.8889144013147834
'0110',1,0.18203333333333335,0.0013274871834493174,0.15769852865019632,3.93873949996332
'1100',1,0.18043333333333333,0.005978479925718758,0.13656937245966305,3.9429162287789605
'1010',1,0.0617,0.0020215505600075087,0.143875984814774,2.0
'0101',1,0.06273333333333332,0.002015495527710796,0.143875984814774,2.0
