states,flag,Avg0,SD0,frust0,time
'00101',1,0.2260633333333333,0.000752433090417716,0.20217969898156296,7.945814142088428
'11100',1,0.10024666666666666,0.0003961761673240266,0.18816338224585547,4.6182288384690695
'00011',1,0.09987333333333333,0.00044731296525910474,0.18816338224585547,4.635968116646939
'01001',1,0.17384666666666668,0.0006689461031270653,0.19369373381589614,7.481864959070937
'10110',1,0.17506333333333335,0.0003483612429010396,0.19369373381589614,7.458218268507163
'11010',1,0.22490666666666667,0.0004120140234938125,0.20217969898156296,7.9042711722762915
