states,flag,Avg0,SD0,frust0,time
'01001',1,0.4960333333333333,0.00208539897594895,0.19427121417401813,19.03343989323456
'10110',1,0.5039666666666668,0.00208539897594895,0.19427121417401813,19.026808576447948
