states,flag,Avg0,SD0,frust0,time
'11000',1,0.4945,0.00414085337420519,0.21957919416297647,11.598494754700525
'00111',1,0.5055,0.004140853374205226,0.21957919416297647,11.577468423647645
