states,flag,Avg0,SD0,frust0,time
'01010',1,0.18728999999999998,0.0010816961988777873,0.14653110566707978,6.160469562506589
'00111',1,0.31244666666666665,0.0005434662414129781,0.17721680426667522,8.41198805204858
'11000',1,0.3124633333333333,0.0009014925894808362,0.17721680426667522,8.411118717962468
'10101',1,0.1878,0.002277293715502391,0.14653110566707978,6.211768124296235
