states,flag,Avg0,SD0,frust0,time
'10101',1,0.4999366666666667,0.0005762136949276776,0.1486884514843596,13.871319152382627
'01010',1,0.5000633333333333,0.0005762136949276996,0.1486884514843596,13.879559822330995
