states,flag,Avg0,SD0,frust0,time
'11000',1,0.3383933333333333,0.0018437341336417156,0.21787877839229272,8.903752696377241
'00111',1,0.3395633333333334,0.0005853963519607023,0.21787877839229272,8.930091288357007
'01100',1,0.16149666666666665,0.0014270326633340324,0.1966760023320942,4.79035886851099
'10011',1,0.16054666666666667,0.0004569707017109756,0.1966760023320942,4.797602508539029
