states,flag,Avg0,SD0,frust0,time
'01010',1,0.5001633333333334,0.000397184535896827,0.17470578501831452,16.925733188986822
'10101',1,0.49983666666666665,0.0003971845358967851,0.17470578501831452,16.863061601845256
