states,flag,Avg0,SD0,frust0,time
'10100',1,0.5008566666666666,0.001623685793358919,0.21087714825839865,10.847020582536203
'01011',1,0.49914333333333333,0.0016236857933588954,0.21087714825839865,10.882275772768201
