states,flag,Avg0,SD0,frust0,time
'01010',1,0.14356666666666665,0.002688659310676766,0.21958357890575075,3.9318764368576855
'10101',1,0.1444,0.006160086579478138,0.21958357890575075,3.9096696655939263
'11001',1,0.211,0.0014352700094407331,0.13284803383977803,5.536339129764952
'00110',1,0.2145,0.0033950945004029946,0.13284803383977803,5.364575024274381
'11100',1,0.1411,0.0037956115010188605,0.22769600047958233,3.9934520620115124
'00011',1,0.14543333333333333,0.003072819913731074,0.22769600047958233,3.903630181076443
