states,flag,Avg0,SD0,frust0,time
'10010',1,0.5004466666666666,0.0013840118817730188,0.19872383480672695,23.699625286755065
'01101',1,0.49955333333333335,0.001384011881773019,0.19872383480672695,23.69807429231159
