states,flag,Avg0,SD0,frust0,time
'10010',1,0.5011,0.0009284754529155362,0.19950324659207858,15.273117479325327
'01101',1,0.49889999999999995,0.0009284754529155049,0.19950324659207858,15.275307941870977
