states,flag,Avg0,SD0,frust0,time
'01011',1,0.25109999999999993,0.0023537204591879573,0.19491367770798207,9.203742417524928
'10100',1,0.2484666666666667,0.0032826141344293723,0.19491367770798207,9.279060559829077
'01100',1,0.25289999999999996,0.003196873472629147,0.13306915528032864,9.256520301331413
'10011',1,0.24753333333333336,0.0027010286106510595,0.13306915528032864,9.238205248776802
