states,flag,Avg0,SD0,frust0,time
'01101',1,0.5008133333333333,0.002121451285218583,0.14558400744396288,11.034894864434227
'10010',1,0.49918666666666667,0.002121451285218583,0.14558400744396288,11.078532063316372
