states,flag,Avg0,SD0,frust0,time
'00111',1,0.5026,0.0016990193249833098,0.23760535265495006,22.54037620000896
'11000',1,0.4974,0.0016990193249832835,0.23760535265495006,22.432820988779245
