states,flag,Avg0,SD0,frust0,time
'01011',1,0.22713333333333333,0.0033089105289942308,0.13162390710798308,8.736713720130155
'01100',1,0.27386666666666665,0.005309948733797315,0.12704250792513996,10.123377261738428
'10011',1,0.2700666666666667,0.001463633226673339,0.12704250792513996,10.02941079470232
'10100',1,0.22893333333333335,0.001987181141438516,0.13162390710798308,8.944665396408132
