states,flag,Avg0,SD0,frust0,time
'01100',1,0.4985333333333333,0.004888989897946404,0.2211144061506995,11.943348246293622
'10011',1,0.5014666666666666,0.004888989897946446,0.2211144061506995,11.966788075991571
