states,flag,Avg0,SD0,frust0,time
'10001',1,0.5024333333333333,0.005294231661807854,0.15138491483730737,29.874960768389773
'01110',1,0.49756666666666666,0.0052942316618078515,0.15138491483730737,29.93529897470243
