states,flag,Avg0,SD0,frust0,time
'01010',1,0.5059333333333332,0.0039364394515291916,0.14475344423850978,10.844075092415855
'10101',1,0.4940666666666667,0.003936439451529217,0.14475344423850978,10.858487893491542
