states,flag,Avg0,SD0,frust0,time
'10110',1,0.1163,0.0008768124086713192,0.17938536790504483,3.405137117030993
'00111',1,0.19108999999999998,0.001369841840019007,0.14698969159690317,5.460683132577834
'01100',1,0.19244333333333333,0.00039969432764995944,0.1399644697906196,5.494153390654908
'10011',1,0.19170666666666666,0.0009513615973376743,0.1399644697906196,5.486566929252267
'01001',1,0.11589333333333333,0.00021296843793284476,0.17938536790504483,3.3980342486443678
'11000',1,0.19256666666666666,0.0012407614149742415,0.14698969159690317,5.488218931008368
