states,flag,Avg0,SD0,frust0,time
'10110',1,0.2647333333333333,0.000262466929133724,0.16040752807414996,7.463440400858718
'11010',1,0.11883333333333333,0.001960158723731888,0.16697442355641304,3.4517552062777823
'00101',1,0.11563333333333332,0.00485615302705982,0.16697442355641304,3.4266867133915664
'01001',1,0.2684333333333333,0.00320659043568434,0.16040752807414996,7.639712266541804
'01110',1,0.11546666666666666,0.005028143019268868,0.18462233324052796,3.4106302493437872
'10001',1,0.1169,0.0018493242008906948,0.18462233324052796,3.3747772039095216
