states,flag,Avg0,SD0,frust0,time
'10010',1,0.5017333333333334,0.005034105900974108,0.18644395809523143,10.238104217923672
'01101',1,0.49826666666666664,0.005034105900974091,0.18644395809523143,10.402448503359537
