states,flag,Avg0,SD0,frust0,time
'10101',1,0.5011333333333333,0.000730540135029502,0.15399845473357496,11.043523011074422
'01010',1,0.4988666666666666,0.000730540135029471,0.15399845473357496,11.01317078393568
