states,flag,Avg0,SD0,frust0,time
'01110',1,0.4953,0.0031538336460039643,0.12446215772616384,18.591808875568322
'10001',1,0.5046999999999999,0.0031538336460039847,0.12446215772616384,18.535539784660937
