states,flag,Avg0,SD0,frust0,time
'01010',1,0.49639999999999995,0.0025468935326524163,0.11060148145001239,12.375957710300128
'10101',1,0.5036,0.0025468935326523902,0.11060148145001239,12.27503366283762
