states,flag,Avg0,SD0,frust0,time
'10010',1,0.15673333333333334,0.0014055445761538715,0.16008767305664362,4.864825632848475
'10101',1,0.34426666666666667,0.0011897712198383052,0.11916203095977958,8.618206761199806
'01101',1,0.1564,0.006313477647065831,0.16008767305664362,4.982382903869662
'01010',1,0.3426,0.0037973675092094947,0.11916203095977958,8.50758450542616
