states,flag,Avg0,SD0,frust0,time
'00011',1,0.25143,0.0005715476066494133,0.1774160565901909,6.999333055997778
'11100',1,0.2492466666666667,0.0010721111053534583,0.1774160565901909,6.997328695025526
'01101',1,0.24828666666666666,0.0003675444039689523,0.16169013103788432,6.3836146206944875
'10010',1,0.25103666666666663,0.0012944067710302129,0.16169013103788432,6.364235874920371
