states,flag,Avg0,SD0,frust0,time
'10100',1,0.4993633333333333,0.0014271728074140891,0.1421319067488728,10.398849525297452
'01011',1,0.5006366666666667,0.0014271728074140907,0.1421319067488728,10.422693430002345
