states,flag,Avg0,SD0,frust0,time
'10110',1,0.5016766666666667,0.0007104145894397952,0.14151556480373992,16.15279837046346
'01001',1,0.4983233333333333,0.000710414589439781,0.14151556480373992,16.16903546118053
