states,flag,Avg0,SD0,frust0,time
'11010',1,0.15461666666666665,0.0012988285320070462,0.1973148886636534,4.105229568190366
'10001',1,0.34497666666666665,0.0018828583471826854,0.19071392113165503,10.622588064014563
'01110',1,0.34519000000000005,0.0012602645224978122,0.19071392113165503,10.614227483784079
'00101',1,0.15521666666666667,0.0010647169681291852,0.1973148886636534,4.099338949751828
