states,flag,Avg0,SD0,frust0,time
'10101',1,0.5003933333333334,0.0013990552367778581,0.19911844938137632,11.984275523052853
'01010',1,0.4996066666666666,0.0013990552367778321,0.19911844938137632,12.051567261773407
