states,flag,Avg0,SD0,frust0,time
'00011',1,0.49950333333333335,0.0020235667081226257,0.1485588686286336,10.01426751187115
'11100',1,0.5004966666666667,0.002023566708122611,0.1485588686286336,10.027256993590271
