states,flag,Avg0,SD0,frust0,time
'00101',1,0.4993666666666667,0.001239175353029409,0.06819855554128672,14.101026146898484
'11010',1,0.5006333333333334,0.001239175353029409,0.06819855554128672,14.092640620461667
