states,flag,Avg0,SD0,frust0,time
'10101',1,0.32725,0.0010771567512050753,0.18069010905877975,8.723598748815773
'01010',1,0.3269166666666667,0.0009928186586123896,0.18069010905877975,8.666038225846956
'10110',1,0.17284666666666668,0.0008008467740807497,0.13661939430055625,4.416439099854063
'01001',1,0.17298666666666665,0.00047471628954097727,0.13661939430055625,4.430586141999345
