states,flag,Avg0,SD0,frust0,time
'00111',1,0.5039333333333333,0.0006548960901463016,0.12335341571206682,11.90693266046135
'11000',1,0.49606666666666666,0.00065489609014628,0.12335341571206682,12.08514590964491
