states,flag,Avg0,SD0,frust0,time
'10100',1,0.4978,0.007643733817099273,0.17797556011502025,22.581917434453704
'01011',1,0.5022000000000001,0.007643733817099258,0.17797556011502025,23.23692678897106
