states,flag,Avg0,SD0,frust0,time
'11000',1,0.5018833333333333,0.0021727453192268327,0.10677454580413474,14.445165648554566
'00111',1,0.4981166666666667,0.002172745319226878,0.10677454580413474,14.471904172034433
