states,flag,Avg0,SD0,frust0,time
'11100',1,0.16516333333333336,0.0006169999099585679,0.15772192567684865,4.432730762062037
'00011',1,0.16609,0.0010889444430272853,0.15772192567684865,4.4408282124270535
'11001',1,0.21024333333333334,0.001864623882240663,0.12173032113599187,6.608135402222891
'01001',1,0.12375666666666667,0.0004657848812011352,0.13988487688405282,4.024658033014645
'00110',1,0.21111999999999997,0.0012294172061048504,0.12173032113599187,6.609130479715305
'10110',1,0.12362666666666666,0.0005312459150169726,0.13988487688405282,4.033249376763088
