states,flag,Avg0,SD0,frust0,time
'01011',1,0.31645666666666666,0.0016535282143209833,0.21003745943325386,11.506408926174887
'10100',1,0.3182333333333333,0.0011867696584519816,0.21003745943325386,11.544139181673259
'11010',1,0.18193666666666666,0.00018979521127315387,0.17871426769392335,8.163237694578887
'00101',1,0.1833733333333333,0.00042240054713768994,0.17871426769392335,8.216112852433254
