states,flag,Avg0,SD0,frust0,time
'10100',1,0.3000333333333333,0.003800292386412171,0.18188204414225528,8.510710287577483
'01011',1,0.29846666666666666,0.001543444920372023,0.18188204414225528,8.460252119242801
'10001',1,0.2000333333333333,0.001596524001977067,0.23588808784302873,6.382394959066578
'01110',1,0.20146666666666668,0.004818252334151417,0.23588808784302873,6.545633167450023
