states,flag,Avg0,SD0,frust0,time
'00101',1,0.30412333333333336,0.0011690832115617705,0.1635442122774304,11.159524871939004
'00111',1,0.19606333333333334,0.0012400089605410967,0.17929846712055356,7.747748490713477
'11010',1,0.3026,0.0017490759465119416,0.1635442122774304,11.144806894792325
'11000',1,0.19721333333333332,0.0008349184923625193,0.17929846712055356,7.773757109551603
