states,flag,Avg0,SD0,frust0,time
'11100',1,0.25333333333333335,0.0008956685895029663,0.19618458655353782,7.279213351524923
'10101',1,0.24546666666666664,0.0025837096500101516,0.19306624338467016,7.255738281113788
'00011',1,0.24663333333333334,0.004082755061094036,0.19618458655353782,7.287937385684674
'01010',1,0.25456666666666666,0.002595294887976228,0.19306624338467016,7.218576115262009
