states,flag,Avg0,SD0,frust0,time
'01110',1,0.25982666666666665,0.0019382867578239288,0.18735252721638465,7.242593888480347
'10001',1,0.2568333333333333,0.0005086146762421253,0.18735252721638465,7.211225538006793
'10010',1,0.2409766666666667,0.002732146083616733,0.19611282373064456,6.7710323834339095
'01101',1,0.24236333333333335,0.0018319449288180661,0.19611282373064456,6.768007373929276
