states,flag,Avg0,SD0,frust0,time
'10001',1,0.5058666666666666,0.003605859429071273,0.16397762307414926,13.60590718036905
'01110',1,0.4941333333333333,0.003605859429071273,0.16397762307414926,13.537881297888873
