states,flag,Avg0,SD0,frust0,time
'11100',1,0.49711,0.0005953710327742478,0.19556895270063426,15.187545833013957
'00011',1,0.50289,0.0005953710327742592,0.19556895270063426,15.181231733769495
