states,flag,Avg0,SD0,frust0,time
'01101',1,0.49944999999999995,0.0010400961494015878,0.20328040219100568,10.834991060379409
'10010',1,0.50055,0.0010400961494015893,0.20328040219100568,10.837614905291261
