states,flag,Avg0,SD0,frust0,time
'01110',1,0.49820333333333333,0.0014243205007612827,0.10663217610111517,12.652222137939953
'10001',1,0.5017966666666667,0.0014243205007613002,0.10663217610111517,12.597193443964622
