states,flag,Avg0,SD0,frust0,time
'00110',1,0.2631866666666667,0.0015563704214899686,0.13104085782342642,7.718166792757022
'10101',1,0.23712999999999998,0.0017684079469021503,0.1757391413352424,7.69948585293641
'01010',1,0.2378066666666667,0.0005446915538989906,0.1757391413352424,7.688778487663048
'11001',1,0.2618766666666667,0.0027961441705002003,0.13104085782342642,7.656627571851099
