states,flag,Avg0,SD0,frust0,time
'01101',1,0.5026666666666667,0.007564096479788957,0.13785610403333148,17.107055619852613
'10010',1,0.49733333333333335,0.007564096479788942,0.13785610403333148,16.90090779952922
