states,flag,Avg0,SD0,frust0,time
'10100',1,0.49523333333333336,0.003936439451529201,0.16729261030830728,10.887956344248337
'01011',1,0.5047666666666667,0.003936439451529201,0.16729261030830728,10.863291824696324
