states,flag,Avg0,SD0,frust0,time
'10001',1,0.4981,0.0053839266958853466,0.1420469845371156,12.54852239227297
'01110',1,0.5019,0.005383926695885309,0.1420469845371156,12.885602192120052
