states,flag,Avg0,SD0,frust0,time
'01010',1,0.5003333333333333,0.005674700187870904,0.1594304071316092,12.471395907026372
'10101',1,0.4996666666666667,0.005674700187870927,0.1594304071316092,12.624424082593416
