states,flag,Avg0,SD0,frust0,time
1_1_0_1_0,1,0.30606666666666665,0.0014767607193523964,0.191349841456592,11.749277247245685
1_0_1_1_0,1,0.19465666666666667,0.0010977046759286253,0.245290214658827,10.361880468114087
0_0_1_0_1,1,0.30485333333333337,0.0006535203813875315,0.191349841456592,11.758433060257163
0_1_0_0_1,1,0.1944233333333333,0.0001388844443733336,0.245290214658827,10.38460824939504
