states,flag,Avg0,SD0,frust0,time
1_1_0_1_0,1,0.5000600000000001,0.001465628420394034,0.1114645055182181,14.326281427372061
0_0_1_0_1,1,0.49994,0.0014656284203940116,0.1114645055182181,14.320241139858432
