states,flag,Avg0,SD0,frust0,time
1_1_0_1_0,1,0.5001533333333333,0.0016091681771096093,0.07540282631697418,14.758560616750566
0_0_1_0_1,1,0.4998466666666667,0.0016091681771095952,0.07540282631697418,14.738327255747173
