states,flag,Avg0,SD0,frust0,time
1_1_0_1_0,1,0.4991966666666667,0.0015232932161019566,0.16972685274621963,14.834894128201453
0_0_1_0_1,1,0.5008033333333334,0.001523293216101923,0.16972685274621963,14.805539952642668
