states,flag,Avg0,SD0,frust0,time
1_1_0_0_0,1,0.24929666666666664,0.0017967625206341312,0.10667275886182268,11.517943280043392
0_1_0_0_1,1,0.2506966666666666,0.0005692294987280704,0.0707978710044137,11.58378134140232
0_0_1_1_1,1,0.2493466666666667,0.0012634696496376717,0.10667275886182268,11.477717782134008
1_0_1_1_0,1,0.25066,0.0013070832669216824,0.0707978710044137,11.58999983395127
