states,flag,Avg0,SD0,frust0,time
1_0_1_1_0,1,0.49939666666666666,0.00018354533197248348,0.1503340912703296,15.42400077514445
0_1_0_0_1,1,0.5006033333333334,0.0001835453319724781,0.1503340912703296,15.389106745906618
