states,flag,Avg0,SD0,frust0,time
1_1_1_0_0,1,0.5002,0.0012935480921352238,0.09599262240535317,13.79639698060479
0_0_0_1_1,1,0.4998,0.001293548092135198,0.09599262240535317,13.79967816279599
