states,flag,Avg0,SD0,frust0,time
1_1_1_0_0,1,0.49879333333333337,0.0009122986840332946,0.13352022558845156,30.48984941342181
0_0_0_1_1,1,0.5012066666666667,0.0009122986840333112,0.13352022558845156,30.570858676893526
