states,flag,Avg0,SD0,frust0,time
1_1_0_1_0,1,0.5002,0.0004883304891839685,0.1053924264149463,14.482483337690212
0_0_1_0_1,1,0.4998,0.0004883304891839924,0.1053924264149463,14.516895020887745
