states,flag,Avg0,SD0,frust0,time
1_1_1_0_0,1,0.4996833333333333,0.00030346151137976296,0.11789176165849753,14.821634416780356
0_0_0_1_1,1,0.5003166666666666,0.00030346151137977516,0.11789176165849753,14.791413510427937
