states,flag,Avg0,SD0,frust0,time
0_0_1_0_1,1,0.5011633333333333,0.0015678506164668767,0.13585362109840882,14.13721524571782
1_1_0_1_0,1,0.49883666666666665,0.001567850616466887,0.13585362109840882,14.105166741459081
