states,flag,Avg0,SD0,frust0,time
0_1_0_0_1,1,0.5000566666666667,0.0018990757986159764,0.176308195191942,16.17133242088353
1_0_1_1_0,1,0.49994333333333335,0.001899075798615967,0.176308195191942,16.148268350412803
