states,flag,Avg0,SD0,frust0,time
1_1_1_0_0,1,0.5010133333333333,0.00038904441334580107,0.08919779767579594,15.414560743772356
0_0_0_1_1,1,0.4989866666666667,0.0003890444133457494,0.08919779767579594,15.372031060106965
