states,flag,Avg0,SD0,frust0,time
1_0_1_1_0,1,0.49944666666666665,0.00038904441334575775,0.1551693989407648,15.893440293948862
0_1_0_0_1,1,0.5005533333333333,0.00038904441334580107,0.1551693989407648,15.876064763550126
