states,flag,Avg0,SD0,frust0,time
1_1_0_1_0,1,0.5005433333333333,0.0014232435568876573,0.12184950846450436,15.691298237896047
0_0_1_0_1,1,0.49945666666666666,0.0014232435568876532,0.12184950846450436,15.736901273373242
