states,flag,Avg0,SD0,frust0,time
0_0_1_0_1,1,0.4998933333333333,0.0012838829991691514,0.11285636449892938,14.311406958594858
1_1_0_1_0,1,0.5001066666666666,0.0012838829991691433,0.11285636449892938,14.317332399590553
