states,flag,Avg0,SD0,frust0,time
0_0_0_1_1,1,0.24952666666666667,0.0004524255617103146,0.13327831447683774,11.959227473605038
0_0_1_0_1,1,0.25059666666666663,0.0008133196720164233,0.16193041120867913,12.389374114094814
1_1_0_1_0,1,0.24979333333333334,0.000639808999276772,0.16193041120867913,12.372886551015204
1_1_1_0_0,1,0.2500833333333334,0.0009184165116595403,0.13327831447683774,11.949859365785798
