states,flag,Avg0,SD0,frust0,time
0_0_1_1_1,1,0.5003133333333333,0.0012704417429469795,0.16953033508593648,13.865100696205296
1_1_0_0_0,1,0.49968666666666667,0.0012704417429470055,0.16953033508593648,13.849044974062592
