states,flag,Avg0,SD0,frust0,time
1_1_0_0_0,1,0.49970999999999993,0.0012638301573655762,0.12808860218453294,14.848926307325675
0_0_1_1_1,1,0.50029,0.0012638301573655523,0.12808860218453294,14.845971448577492
