states,flag,Avg0,SD0,frust0,time
0_0_1_1_1,1,0.49868333333333337,0.0008181415253827085,0.15710592576628318,14.265933289124698
1_1_0_0_0,1,0.5013166666666667,0.0008181415253827086,0.15710592576628318,14.26953173259925
