states,flag,Avg0,SD0,frust0,time
1_1_1_0_0,1,0.5006700000000001,0.0016477257053284153,0.15103930229991813,14.394817526258436
0_0_0_1_1,1,0.49933,0.0016477257053283902,0.15103930229991813,14.411625177011857
