states,flag,Avg0,SD0,frust0,time
0_0_1_0_1,1,0.5000766666666666,0.0008211509537769902,0.10744498005516835,15.637393711225348
1_1_0_1_0,1,0.49992333333333333,0.0008211509537770123,0.10744498005516835,15.640456479139202
