states,flag,Avg0,SD0,frust0,time
1_1_0_1_0,1,0.16630333333333333,0.0008843955877069711,0.12011243252311055,10.04433456348967
1_0_1_1_0,1,0.33612,0.002052575617770675,0.08443538340809201,12.209223212538063
0_0_1_0_1,1,0.1654533333333333,0.0009834745661287988,0.12011243252311055,10.030426573618648
0_1_0_0_1,1,0.3321233333333333,0.0011233679519888182,0.08443538340809201,12.245975183493774
