states,flag,Avg0,SD0,frust0,time
1_0_1_1_0,1,0.16640333333333332,0.0007520786010931461,0.15015343080053084,10.089383617199568
1_1_0_0_0,1,0.33318333333333333,0.0017987464771025657,0.13020700372934618,13.059255683206041
0_0_1_1_1,1,0.3346533333333334,0.0019213247744431189,0.13020700372934618,13.074069540370047
0_1_0_0_1,1,0.16576,0.0007207403600927821,0.15015343080053084,10.097726116936698
