states,flag,Avg0,SD0,frust0,time
1_1_1_0_0,1,0.11896333333333332,0.0009445398644607606,0.22287846144145051,9.726872486334763
1_0_1_1_0,1,0.19037666666666667,0.0005820271089524641,0.10179495041799333,10.99671476770382
0_0_0_1_1,1,0.11955,0.0007303423854604115,0.22287846144145051,9.728767706720022
0_1_0_0_1,1,0.19086666666666666,0.0015164944957221488,0.10179495041799333,10.98421847097744
0_0_1_0_1,1,0.19046333333333335,0.00023342855200014578,0.1691281730583014,10.993454957542875
1_1_0_1_0,1,0.18978000000000003,0.0015105848756910938,0.1691281730583014,10.993862231530137
