states,flag,Avg0,SD0,frust0,time
0_0_0_1_1,1,0.24971333333333334,0.00030575952787915983,0.1267921078237182,11.944266373416786
1_0_1_1_0,1,0.25004,0.0011221705158605119,0.11798209951803129,11.934058118618536
0_1_0_0_1,1,0.24996666666666667,0.0015425592010969603,0.11798209951803129,11.939001794997624
1_1_1_0_0,1,0.25028,0.0007851539127245585,0.1267921078237182,11.938491607774699
