states,flag,Avg0,SD0,frust0,time
1_1_0_1_0,1,0.49937000000000004,0.001231909087554775,0.13464708364478073,14.885866074827605
0_0_1_0_1,1,0.50063,0.001231909087554775,0.13464708364478073,14.903184956131222
