states,flag,Avg0,SD0,frust0,time
0_1_1_0_1,1,0.36384666666666665,0.001175027186446707,0.17528223612611796,13.387725948026954
1_1_1_0_0,1,0.13577999999999998,0.002152130727132227,0.20880316539143084,9.81466732327104
1_0_0_1_0,1,0.36463333333333336,0.002665237116822603,0.17528223612611796,13.378100138685175
0_0_0_1_1,1,0.13574,0.00029977769541223175,0.20880316539143084,9.813395277535934
