states,flag,Avg0,SD0,frust0,time
0_0_0_1_1,1,0.2506033333333333,0.0008533203124006497,0.11052962148583484,12.156761776040794
0_1_0_0_1,1,0.24865000000000004,0.0019970144382719596,0.15413916156758292,13.130554389068374
1_1_1_0_0,1,0.25236,0.00019949937343258624,0.11052962148583484,12.17355240679472
1_0_1_1_0,1,0.24838666666666664,0.0009821518325708303,0.15413916156758292,13.120615149104951
