states,flag,Avg0,SD0,frust0,time
0_0_1_1_1,1,0.33345,0.001045402633757292,0.12171680929855352,12.289690781847758
1_1_0_0_0,1,0.33403000000000005,0.0002237558192911884,0.12171680929855352,12.264568477970377
0_1_0_0_1,1,0.1657,0.00032629230249374533,0.10992156701881285,10.176176225129952
1_0_1_1_0,1,0.16682,0.0006496665811527289,0.10992156701881285,10.161233313175291
