states,flag,Avg0,SD0,frust0,time
1_1_1_0_0,1,0.5007666666666667,0.0003358901936976107,0.17145368273715464,15.377315147502872
0_0_0_1_1,1,0.49923333333333336,0.00033589019369763073,0.17145368273715464,15.3643404158588
