states,flag,Avg0,SD0,frust0,time
0_0_0_1_1,1,0.5003733333333333,0.0009147798763758616,0.0700911557425897,17.082860017059406
1_1_1_0_0,1,0.49962666666666666,0.0009147798763758616,0.0700911557425897,17.04023419810362
