states,flag,Avg0,SD0,frust0,time
1_1_0_1_0,1,0.21481333333333333,0.0016213026312882522,0.12638596702890006,11.005773865490797
0_0_1_0_1,1,0.21319333333333335,0.0003039005685344477,0.12638596702890006,10.985732455076446
1_1_1_0_0,1,0.14174666666666666,0.000955033449094266,0.18284949424709368,9.96440769849184
0_0_0_1_1,1,0.14406666666666665,0.0018385199361322026,0.18284949424709368,9.959073857902359
1_0_1_1_0,1,0.14201,0.00048689492364026906,0.20083791968405285,9.946672840046878
0_1_0_0_1,1,0.14417,0.0004490731195102452,0.20083791968405285,9.953620961940475
