states,flag,Avg0,SD0,frust0,time
1_1_1_0_0,1,0.49949666666666664,0.0011108055135301204,0.12063154074853213,14.8288884478077
0_0_0_1_1,1,0.5005033333333333,0.001110805513530117,0.12063154074853213,14.8262961754044
