states,flag,Avg0,SD0,frust0,time
0_1_0_0_1,1,0.27661,0.001238170693671381,0.2051480454749337,13.476483683414322
1_0_1_1_0,1,0.27782,0.0019643998235254175,0.2051480454749337,13.48033468060398
1_1_0_1_0,1,0.22198333333333334,0.001849041793890972,0.20916762614315826,11.873771840730484
0_0_1_0_1,1,0.22358666666666668,0.0009077934175179375,0.20916762614315826,11.852810053908508
