states,flag,Avg0,SD0,frust0,time
1_1_1_0_0,1,0.49981666666666663,0.0005953896949804307,0.10681476708407817,14.703244931760537
0_0_0_1_1,1,0.5001833333333333,0.000595389694980451,0.10681476708407817,14.66591880950287
