states,flag,Avg0,SD0,frust0,time
1_1_0_0_0,1,0.3218733333333333,0.0003007028803025078,0.08404361213222564,12.050601877277755
1_0_1_1_0,1,0.17804333333333333,0.0004642796092394667,0.1457658803335552,10.139821134067299
0_0_1_1_1,1,0.3219166666666667,0.001109484364718839,0.08404361213222564,12.06841800534068
0_1_0_0_1,1,0.17816666666666667,0.0005694636853117973,0.1457658803335552,10.12999827698039
