states,flag,Avg0,SD0,frust0,time
'1010',0,0.1133,0.0014637167303363935,0.2251315013144354,1000.0
'0011',0,0.07571,0.00046267339092135923,0.23893925179139797,1000.0
'1110',0,0.09022666666666668,0.0009515717991244212,0.22668118000005716,1000.0
'0101',0,0.11370666666666666,0.0009924492710237378,0.2251315013144354,1000.0
'1100',0,0.07614666666666665,0.0009967391278006951,0.23893925179139797,1000.0
'0100',0,0.05308666666666667,0.0006886863501543282,0.3016957183680692,1000.0
'1011',0,0.052199999999999996,4.082482904638464e-5,0.3016957183680692,1000.0
'0110',0,0.07653333333333334,0.0007471873184743488,0.24788156743921136,1000.0
'1111',0,0.005126666666666667,0.0001774510887227488,0.42915183048948924,1000.0
'1101',0,0.02016,0.00025703436864875975,0.32781852800956873,1000.0
'1001',0,0.07618,0.0012767406418950826,0.24788156743921136,1000.0
'1000',0,0.06516666666666666,0.0009686531313576005,0.28490872465683886,1000.0
'0001',0,0.09086666666666665,0.0006009067222863202,0.22668118000005716,1000.0
'0111',0,0.06596999999999999,0.0008616650548018454,0.28490872465683886,1000.0
'0010',0,0.02053,0.0006107918357891389,0.32781852800956873,1000.0
'0000',0,0.00509,0.00012192894105447919,0.42915183048948924,1000.0
