states,flag,Avg0,SD0,frust0,time
'0101',1,0.5000399999999999,0.000790485083139877,0.2914586074302124,7.8070593329932505
'1010',1,0.49996,0.0007904850831399006,0.2914586074302124,7.818611010617828
