states,flag,Avg0,SD0,frust0,time
'1001',0,0.04966,0.00047881798908005455,0.2710966972649537,1000.0
'1010',0,0.14919333333333332,0.0006295677529508243,0.20709271842174157,1000.0
'0101',0,0.14959666666666666,0.0005066447363674922,0.20709271842174157,1000.0
'0111',0,0.016873333333333334,0.0004659995231280348,0.3230641701516458,1000.0
'0001',0,0.06625666666666667,0.0009609139168289526,0.26942417796628404,1000.0
'1101',0,0.05049,0.00029698484809834934,0.2792731131182841,1000.0
'0011',0,0.15024666666666667,0.0009498186961497242,0.21878928331275457,1000.0
'1100',0,0.14972333333333335,0.0008564007369346595,0.21878928331275457,1000.0
'0010',0,0.050339999999999996,6.480740698407703e-5,0.2792731131182841,1000.0
'1110',0,0.06705666666666667,0.0004673566328000724,0.26942417796628404,1000.0
'0110',0,0.050576666666666666,0.0001342468704373499,0.2710966972649537,1000.0
'1000',0,0.016796666666666665,0.00041899350299921687,0.3230641701516458,1000.0
'1011',0,0.016516666666666666,0.0004309163362984613,0.29772142678084274,1000.0
'0100',0,0.01667333333333333,0.00015173075568988088,0.29772142678084274,1000.0
