states,flag,Avg0,SD0,frust0,time
'1001',1,0.4994233333333333,0.0003184685576665662,0.21387457956669953,7.853680188682606
'0110',1,0.5005766666666668,0.0003184685576665666,0.21387457956669953,7.813072012669855
