states,flag,Avg0,SD0,frust0,time
'0100',0,0.07421333333333334,0.0010631504544931,0.30108825312376913,1000.0
'0010',0,0.06557666666666667,0.0009583782598164923,0.2469810300539213,1000.0
'0101',0,0.09172000000000001,0.0010962055768270224,0.26349661298638777,1000.0
'1001',0,0.18605000000000002,0.0011289227903920973,0.18360228280042984,1000.0
'1100',0,0.039716666666666664,0.00035649528592800547,0.24535930851041043,1000.0
'0110',0,0.1845766666666667,0.0007966736401368467,0.18360228280042984,1000.0
'1011',0,0.07495999999999998,0.0006792643079096694,0.30108825312376913,1000.0
'1101',0,0.06474333333333333,0.0007928990407920076,0.2469810300539213,1000.0
'1010',0,0.09257666666666668,0.0015824523865050572,0.26349661298638777,1000.0
'0011',0,0.03900666666666667,0.0006589048152469014,0.24535930851041043,1000.0
'1000',0,0.030223333333333335,0.00049748255134114,0.34563410462689464,1000.0
'0111',0,0.03053,0.00024657656011875897,0.34563410462689464,1000.0
'0001',0,0.013043333333333332,0.00019344824171395867,0.27205258472447214,1000.0
'1110',0,0.013063333333333335,0.0001228368384845884,0.27205258472447214,1000.0
