states,flag,Avg0,SD0,frust0,time
'1010',0,0.08879999999999999,0.0002001665972800343,0.197441204036868,1000.0
'0110',0,0.17745333333333335,0.00013597385369580205,0.1328817956289171,1000.0
'1011',0,0.029219999999999996,0.00018384776310850337,0.24147785150468287,1000.0
'0101',0,0.08982,0.0004688283267892423,0.197441204036868,1000.0
'1100',0,0.053856666666666664,0.0003514098588384933,0.20558425711461914,1000.0
'1000',0,0.07213333333333333,0.0009965719018493158,0.22248319599819916,1000.0
'0001',0,0.07728,0.0006912790078301735,0.20786960214950262,1000.0
'1001',0,0.17871,0.0005416641025580398,0.1328817956289171,1000.0
'0100',0,0.029763333333333336,0.00018208667044996785,0.24147785150468287,1000.0
'0111',0,0.07163000000000001,0.0005855481762132533,0.22248319599819916,1000.0
'1110',0,0.07806333333333333,0.0003940671121635088,0.20786960214950262,1000.0
'0011',0,0.053270000000000005,0.0003047403266170521,0.20558425711461914,1000.0
