states,flag,Avg0,SD0,frust0,time
'0010',0,0.10785666666666666,0.0015325867747772823,0.3093654872121554,1000.0
'0101',0,0.17695000000000002,0.0012374436014084243,0.23258332168423607,1000.0
'1100',0,0.08798333333333334,0.0012687351531698375,0.22302502515907183,1000.0
'1010',0,0.17572333333333334,0.00010402991022884792,0.23258332168423607,1000.0
'1101',0,0.10871333333333333,0.0013379171208345554,0.3093654872121554,1000.0
'0110',0,0.05897,0.0008154753215150032,0.3173710407034409,1000.0
'1000',0,0.01951333333333333,0.00047793537452486454,0.34061261272743315,1000.0
'0100',0,0.028936666666666666,0.00027632509034750287,0.3285376171609049,1000.0
'0111',0,0.01963,0.0003879003308411408,0.34061261272743315,1000.0
'0011',0,0.08868666666666665,0.00088890694426107,0.22302502515907183,1000.0
'1001',0,0.05841,0.0007063049388661161,0.3173710407034409,1000.0
'1011',0,0.029176666666666667,0.0007947466402711124,0.3285376171609049,1000.0
'1110',0,0.019626666666666667,0.00025170529504870527,0.3192917696275475,1000.0
'0001',0,0.01982333333333333,0.0003674537007872184,0.3192917696275475,1000.0
