states,flag,Avg0,SD0,frust0,time
'1010',0,0.16147,0.0009436454136309174,0.2020958969645087,1000.0
'1100',0,0.015953333333333333,0.00024796953217863066,0.30655231202224154,1000.0
'0101',0,0.16152333333333332,0.0010371220864595528,0.2020958969645087,1000.0
'1001',0,0.16101666666666667,0.0007780888266915458,0.22495750970501807,1000.0
'0111',0,0.05901,0.0007992913528036356,0.2873302640556863,1000.0
'0110',0,0.16263,0.00042551929059287275,0.22495750970501807,1000.0
'0010',0,0.08838333333333333,0.0005884631584805398,0.2699591994171515,1000.0
'0011',0,0.016456666666666668,0.00015520595635763832,0.30655231202224154,1000.0
'1101',0,0.08819333333333333,0.0003517890782209655,0.2699591994171515,1000.0
'1000',0,0.058776666666666665,0.00036808815369268345,0.2873302640556863,1000.0
'0001',0,0.005366666666666666,9.104333522498447e-5,0.3500632894791146,1000.0
'1011',0,0.007863333333333333,0.0002192917893786472,0.3162809796072312,1000.0
'0100',0,0.00804,0.00015556349186104064,0.3162809796072312,1000.0
'1110',0,0.005316666666666667,0.0002174600857373347,0.3500632894791146,1000.0
