states,flag,Avg0,SD0,frust0,time
'0000',0,0.02194,0.0004940310381612337,0.43057476786533244,1000.0
'0110',0,0.11756333333333334,0.0007841060019042194,0.19532673062751754,1000.0
'1111',0,0.02249,0.0006646803743153538,0.43057476786533244,1000.0
'1110',0,0.06274333333333333,0.0007823184915507378,0.2943050055792371,1000.0
'1010',0,0.04836666666666667,0.0005292972279877854,0.23967202575596175,1000.0
'0001',0,0.06261333333333334,0.0008005137239437061,0.2943050055792371,1000.0
'1001',0,0.11701333333333332,0.0003479782879561454,0.19532673062751754,1000.0
'0111',0,0.08816999999999998,0.0008394045508573309,0.27204083064201784,1000.0
'0011',0,0.07733333333333332,0.0007981784818503263,0.2686891327880209,1000.0
'1000',0,0.08903,0.0005832666628567083,0.27204083064201784,1000.0
'1100',0,0.07785,0.0008728497388821654,0.2686891327880209,1000.0
'0101',0,0.04822333333333334,0.0005478645412467887,0.23967202575596175,1000.0
'0010',0,0.05018,0.0006326663154196424,0.2603723925501169,1000.0
'1011',0,0.03317,0.0006576219785459341,0.3075444282654608,1000.0
'1101',0,0.0496,0.0002902872140943632,0.2603723925501169,1000.0
'0100',0,0.03371333333333333,0.0008684980649885691,0.3075444282654608,1000.0
