states,flag,Avg0,SD0,frust0,time
'1010',0,0.10706666666666666,0.0013886284200205932,0.2941149235061258,1000.0
'1001',0,0.10851333333333334,0.00037932688922469597,0.22807530794124214,1000.0
'1011',0,0.040970000000000006,0.0005597023018236285,0.32975174758214304,1000.0
'1100',0,0.052939999999999994,9.092121131324093e-5,0.260021135601817,1000.0
'0110',0,0.10976999999999999,0.0009688137075826298,0.22807530794124214,1000.0
'1101',0,0.059210000000000006,0.0009150227683870331,0.32759219603975076,1000.0
'0111',0,0.05858,0.0003676955262170061,0.28032832342128833,1000.0
'0001',0,0.058063333333333335,0.0008051638894590881,0.3396147411060346,1000.0
'1110',0,0.05858333333333333,0.0010078469901505685,0.3396147411060346,1000.0
'1000',0,0.05831666666666666,0.000440176732183283,0.28032832342128833,1000.0
'0011',0,0.051943333333333334,0.0003827386691841979,0.260021135601817,1000.0
'0000',0,0.0147,0.00010033277962194907,0.4950756411000318,1000.0
'0010',0,0.05819333333333334,0.000889356821279039,0.32759219603975076,1000.0
'0101',0,0.10804333333333334,0.00014727148022916878,0.2941149235061258,1000.0
'0100',0,0.04036,0.0002833137248116753,0.32975174758214304,1000.0
'1111',0,0.014746666666666667,0.00023669013968102308,0.4950756411000318,1000.0
