states,flag,Avg0,SD0,frust0,time
'0101',1,0.4996433333333333,0.0021822974641927543,0.24011009378620501,11.112206117278582
'1010',1,0.5003566666666667,0.00218229746419277,0.24011009378620501,11.146468231091289
