states,flag,Avg0,SD0,frust0,time
'0110',1,0.5002133333333334,0.0012083689649919095,0.23005884071515523,9.187357738472864
'1001',1,0.4997866666666666,0.001208368964991867,0.23005884071515523,9.125098240858195
