states,flag,Avg0,SD0,frust0,time
'1010',1,0.5005000000000001,0.0006480740698407918,0.19412047362557974,10.225985280726595
'0101',1,0.4995,0.0006480740698407661,0.19412047362557974,10.23049935804937
