states,flag,Avg0,SD0,frust0,time
'1001',1,0.5004066666666667,0.0007955850398012588,0.14603156138964557,8.497032751938429
'0110',1,0.49959333333333333,0.0007955850398012468,0.14603156138964557,8.496427928711396
