states,flag,Avg0,SD0,frust0,time
'0011',0,0.19346,0.0009859344129640078,0.212767507512266,1000.0
'0001',0,0.03797,0.0007268195557816733,0.3701028684649659,1000.0
'1100',0,0.19259,0.0008861527332614114,0.212767507512266,1000.0
'1010',0,0.04843666666666666,0.00014613540144521877,0.3198040786636135,1000.0
'1001',0,0.06507333333333333,0.0004296768811819208,0.3220656988695634,1000.0
'0010',0,0.10252666666666665,0.000556796392070048,0.3023688019036256,1000.0
'1101',0,0.10276666666666667,0.0011581690530987063,0.3023688019036256,1000.0
'0101',0,0.04854,0.0004445222154178561,0.3198040786636135,1000.0
'1000',0,0.015833333333333335,0.00020548046676563262,0.3694480255669896,1000.0
'0111',0,0.01629,0.00016573070526207983,0.3694480255669896,1000.0
'1011',0,0.03771,0.0003965686153324137,0.34292607467653297,1000.0
'1110',0,0.037393333333333334,0.00022837590843947657,0.3701028684649659,1000.0
'0110',0,0.06416666666666666,0.00012364824660660435,0.3220656988695634,1000.0
'0100',0,0.03724333333333333,0.0003425719713513567,0.34292607467653297,1000.0
