states,flag,Avg0,SD0,frust0,time
'0111',0,0.10794,0.0009851226657968354,0.25096307050284955,1000.0
'0110',0,0.18878000000000003,0.0006206985312264428,0.1912081368686762,1000.0
'1001',0,0.18984666666666664,0.00044649250335873777,0.1912081368686762,1000.0
'1000',0,0.10813666666666666,0.0009252146898002747,0.25096307050284955,1000.0
'0011',0,0.09533333333333333,0.001202007579935425,0.2328856695106553,1000.0
'1100',0,0.09364666666666666,0.000941535389079399,0.2328856695106553,1000.0
'1010',0,0.02699333333333333,0.00030269162892657207,0.2745854774881073,1000.0
'0010',0,0.04096333333333333,0.0003402286812653438,0.28633862798243687,1000.0
'1011',0,0.04018666666666667,0.000279801516952445,0.26833216874837185,1000.0
'0101',0,0.0268,0.00016083117442419693,0.2745854774881073,1000.0
'0100',0,0.040753333333333336,0.0005235986588557649,0.26833216874837185,1000.0
'1101',0,0.040619999999999996,0.0007712759990215338,0.28633862798243687,1000.0
