states,flag,Avg0,SD0,frust0,time
'1000',0,0.048690000000000004,0.00010230672835481883,0.20480450537810918,1000.0
'0010',0,0.11670666666666667,0.0005402057221302113,0.2020267135159448,1000.0
'0011',0,0.05001666666666666,0.0008723276652471573,0.1976869142178051,1000.0
'1010',0,0.08856666666666667,0.000311376870617515,0.20584652052541114,1000.0
'1001',0,0.08902666666666666,0.000526518966631044,0.16665629608096952,1000.0
'0101',0,0.08906333333333333,0.0014692931028975214,0.20584652052541114,1000.0
'0111',0,0.04816666666666667,0.00026948510575210084,0.20480450537810918,1000.0
'1101',0,0.11710333333333334,0.00032045107097479307,0.2020267135159448,1000.0
'1100',0,0.05000333333333334,0.0010733540370674007,0.1976869142178051,1000.0
'0001',0,0.07780333333333334,0.00045682479014266244,0.2259759249628322,1000.0
'0100',0,0.023206666666666667,0.00011085526098877223,0.26406929431094534,1000.0
'0110',0,0.08888333333333333,0.000602236572194752,0.16665629608096952,1000.0
'1110',0,0.07743333333333333,0.001198925444813905,0.2259759249628322,1000.0
'0000',0,0.006016666666666667,0.00021853044537445003,0.32668670734364585,1000.0
'1111',0,0.005756666666666667,3.8586123009300655e-5,0.32668670734364585,1000.0
'1011',0,0.023556666666666667,0.0002852289528704186,0.26406929431094534,1000.0
