states,flag,Avg0,SD0,frust0,time
'1010',1,0.49859666666666663,0.001303567753854356,0.2813067943285151,11.134908810735759
'0101',1,0.5014033333333333,0.001303567753854338,0.2813067943285151,11.102532331755455
