states,flag,Avg0,SD0,frust0,time
'1001',0,0.06538666666666666,0.0003644478319625766,0.30026104580685486,1000.0
'1000',0,0.05997,0.0003510935297989213,0.2977242745046216,1000.0
'1101',0,0.07978,0.00013638181696985758,0.33346995282175645,1000.0
'0110',0,0.06513666666666666,0.00038055515004033533,0.30026104580685486,1000.0
'1100',0,0.08643666666666666,0.000854413379004695,0.29977626047210226,1000.0
'1010',0,0.06499333333333333,0.0005808805576211189,0.2916987025287572,1000.0
'0011',0,0.08665,0.0010461676092609023,0.29977626047210226,1000.0
'0101',0,0.0654,0.0007361159328982535,0.2916987025287572,1000.0
'1011',0,0.08002333333333334,0.000570633176587394,0.33454079498551953,1000.0
'0010',0,0.08094,3.7416573867736035e-5,0.33346995282175645,1000.0
'1110',0,0.03829333333333333,0.00021483844059095987,0.40050437281686047,1000.0
'1111',0,0.024673333333333335,0.0005529516756060658,0.47450338632104366,1000.0
'0100',0,0.07991,0.000550696528649551,0.33454079498551953,1000.0
'0111',0,0.06005666666666667,0.0007402852303147913,0.2977242745046216,1000.0
'0001',0,0.03773000000000001,0.0006280658139611395,0.40050437281686047,1000.0
'0000',0,0.02462,0.00048805737367649694,0.47450338632104366,1000.0
