states,flag,Avg0,SD0,frust0,time
'1100',0,0.12478666666666667,0.0012399551963231926,0.2755292994577931,1000.0
'0110',0,0.1257,0.0004465422712353332,0.24821886079718056,1000.0
'1001',0,0.12522333333333333,0.0008534765504817451,0.24821886079718056,1000.0
'1011',0,0.04157666666666667,0.0004262497963505549,0.32856902610763633,1000.0
'0010',0,0.04204,0.000540431926024607,0.3163191673903645,1000.0
'1010',0,0.12450333333333334,0.0009042983775035548,0.23230357545379013,1000.0
'0011',0,0.12402333333333333,0.0006300440901679425,0.2755292994577931,1000.0
'0111',0,0.04129666666666667,0.00046942044646090635,0.29686003704555497,1000.0
'0101',0,0.12536333333333335,0.0013812393790441275,0.23230357545379013,1000.0
'1101',0,0.042006666666666664,0.0005363042254375985,0.3163191673903645,1000.0
'0100',0,0.04158666666666667,0.00024087802353519566,0.32856902610763633,1000.0
'1000',0,0.04189333333333334,0.0006343675765849166,0.29686003704555497,1000.0
