states,flag,Avg0,SD0,frust0,time
'0110',1,0.5015766666666667,0.00043987371925236233,0.2093901350758369,8.15886970613022
'1001',1,0.4984233333333334,0.00043987371925235475,0.2093901350758369,8.138975716328963
