states,flag,Avg0,SD0,frust0,time
'1010',1,0.5,0.006667833231267846,0.2116417608960897,7.847430393645137
'0101',1,0.5,0.0066678332312678544,0.2116417608960897,7.902073986222668
