states,flag,Avg0,SD0,frust0,time
'011',1,0.4958333333333333,0.0032427697352040595,0.138567247929831,3.804063466473751
'100',1,0.5041666666666665,0.0032427697352040773,0.138567247929831,3.813515101136611
