states,flag,Avg0,SD0,frust0,time
'101',1,0.4998966666666667,0.001439683607216846,0.06490294479486854,3.7989010096418085
'010',1,0.5001033333333333,0.0014396836072168198,0.06490294479486854,3.800495670350038
