states,flag,Avg0,SD0,frust0,time
'001',1,0.50046,0.0007931372306648122,0.16792092018305413,3.797124960719087
'110',1,0.49954000000000004,0.0007931372306648037,0.16792092018305413,3.801094258985973
