states,flag,Avg0,SD0,frust0,time
'010',1,0.5011133333333334,0.000939018400009037,0.014756799949411814,3.805762665115617
'101',1,0.49888666666666664,0.000939018400009037,0.014756799949411814,3.806758138845853
