states,flag,Avg0,SD0,frust0,time
'101',1,0.5017333333333333,0.0054358889695144425,0.1353295418867869,3.7711985475948
'010',1,0.4982666666666667,0.0054358889695144425,0.1353295418867869,3.8207542379180146
