states,flag,Avg0,SD0,frust0,time
'011',1,0.4956333333333333,0.005528913897764098,0.028562223911906992,3.778693418674625
'100',1,0.5043666666666667,0.005528913897764074,0.028562223911906992,3.7933440836688797
