states,flag,Avg0,SD0,frust0,time
'101',1,0.50039,0.0010677390442737794,0.1312715140690758,4.810894477247106
'010',1,0.49961000000000005,0.0010677390442737664,0.1312715140690758,4.824246699050576
