states,flag,Avg0,SD0,frust0,time
'001',1,0.4997233333333333,0.00034305814214049906,0.10295920026924381,3.803718178437538
'110',1,0.5002766666666667,0.00034305814214047683,0.10295920026924381,3.8045534683350843
