states,flag,Avg0,SD0,frust0,time
'100',1,0.5019333333333332,0.00244994331000173,0.05070023070156482,3.783617996548168
'011',1,0.49806666666666666,0.00244994331000173,0.05070023070156482,3.7990404725694447
