states,flag,Avg0,SD0,frust0,time
'011',1,0.5011666666666666,0.0020417857108151654,0.17479821972037124,3.7858391008299166
'100',1,0.4988333333333333,0.00204178571081512,0.17479821972037124,3.7840847870968894
