states,flag,Avg0,SD0,frust0,time
'110',1,0.4986333333333333,0.005368012253670399,0.11423772415514287,3.766780450682152
'001',1,0.5013666666666667,0.005368012253670417,0.11423772415514287,3.7800491873341535
