states,flag,Avg0,SD0,frust0,time
'100',1,0.49993333333333334,0.0026612444874949516,0.05280164726127192,3.7917101561398283
'011',1,0.5000666666666667,0.0026612444874949586,0.05280164726127192,3.8315421578061186
