states,flag,Avg0,SD0,frust0,time
'011',1,0.5042,0.001687206764645838,0.12550775459889044,3.7727768940653355
'100',1,0.4958,0.001687206764645838,0.12550775459889044,3.783052694173549
