states,flag,Avg0,SD0,frust0,time
'110',0,0.16649666666666665,0.0003660904563386258,0.19075065887025344,1000.0
'001',0,0.16688999999999998,0.0009267505957196155,0.19075065887025344,1000.0
'011',0,0.16598333333333334,0.000493716067751037,0.0871620976319701,1000.0
'100',0,0.16651999999999997,0.0005880476171195633,0.0871620976319701,1000.0
'101',0,0.16801,0.00013880441875771627,0.20159179199211733,1000.0
'010',0,0.1661,0.0005322280213091607,0.20159179199211733,1000.0
