states,flag,Avg0,SD0,frust0,time
'100',1,0.5017166666666667,0.0007761586321250596,0.17467847703252945,3.7999094959686848
'011',1,0.49828333333333336,0.0007761586321250596,0.17467847703252945,3.7950053922860665
