states,flag,Avg0,SD0,frust0,time
'001',1,0.5009333333333333,0.0013816254517375309,0.00048458846135109496,3.777367890892155
'110',1,0.4990666666666666,0.0013816254517375057,0.00048458846135109496,3.8301804033367453
