states,flag,Avg0,SD0,frust0,time
'101',0,0.16762000000000002,0.00030474032661705357,0.1569079037743024,1000.0
'001',0,0.16791,0.0009253467818427077,0.07579630114273507,1000.0
'100',0,0.16657333333333332,0.001067905530570104,0.20010264849747358,1000.0
'110',0,0.16577,0.0007378798456840168,0.07579630114273507,1000.0
'010',0,0.16556666666666667,0.0003487437773240119,0.1569079037743024,1000.0
'011',0,0.16656,0.00030430248109405544,0.20010264849747358,1000.0
