states,flag,Avg0,SD0,frust0,time
'101',1,0.5009,0.00566215506675682,0.2088452684629205,3.809100607894859
'010',1,0.49909999999999993,0.005662155066756816,0.2088452684629205,3.821804525849179
