states,flag,Avg0,SD0,frust0,time
'011',1,0.5031333333333334,0.0018354533197248522,0.07267020731871804,3.8341255448332277
'100',1,0.49686666666666673,0.0018354533197248327,0.07267020731871804,3.780471597903835
