states,flag,Avg0,SD0,frust0,time
'010',1,0.5007266666666667,0.001497939325280653,0.027432625820614565,3.7942423527551727
'101',1,0.4992733333333333,0.0014979393252806323,0.027432625820614565,3.7950429294397954
