states,flag,Avg0,SD0,frust0,time
'100',1,0.5003066666666668,0.0003249957264676269,0.04608009748087279,3.801162180186111
'011',1,0.4996933333333333,0.00032499572646762695,0.04608009748087279,3.8130578593200455
