states,flag,Avg0,SD0,frust0,time
'010',1,0.5059333333333333,0.0042050234508528295,0.02625895990722264,3.8082022108222815
'101',1,0.49406666666666665,0.004205023450852824,0.02625895990722264,3.7779784773529017
