states,flag,Avg0,SD0,frust0,time
'101',1,0.5057666666666667,0.001167142760000783,0.0705548134973763,3.783164697499504
'010',1,0.4942333333333333,0.001167142760000783,0.0705548134973763,3.804180657028023
