states,flag,Avg0,SD0,frust0,time
'001',0,0.16759,0.001011170938400946,0.07339256750652433,1000.0
'100',0,0.1667533333333333,0.0008430236585582196,0.10412488900003425,1000.0
'101',0,0.16671333333333335,0.0014120040919046858,0.12101432854479943,1000.0
'010',0,0.16615666666666665,0.0009629584045476146,0.12101432854479943,1000.0
'011',0,0.16715333333333335,0.0012972877689840265,0.10412488900003425,1000.0
'110',0,0.16563333333333333,0.0005330624311987787,0.07339256750652433,1000.0
