states,flag,Avg0,SD0,frust0,time
'011',1,0.2510266666666667,0.001695530071164247,0.16525761326160668,2.3756693298432627
'101',1,0.24930333333333335,0.0021589555087793946,0.16909090771942048,2.3752574583397448
'100',1,0.24884666666666666,0.0013110894536817756,0.16525761326160668,2.3756199352687797
'010',1,0.25082333333333334,0.002246958438027327,0.16909090771942048,2.3801427745510875
