states,flag,Avg0,SD0,frust0,time
'101',1,0.50079,0.0011661046265237164,0.12860853694065463,3.8054365997076345
'010',1,0.49921,0.0011661046265237164,0.12860853694065463,3.803077155458928
