states,flag,Avg0,SD0,frust0,time
'100',1,0.5011533333333333,0.0018987773844122838,0.12143311367656956,3.789821579689123
'011',1,0.49884666666666666,0.001898777384412259,0.12143311367656956,3.8030699302050377
