states,flag,Avg0,SD0,frust0,time
'101',1,0.49994333333333335,0.0019559368315180663,0.06616555450126299,3.7924073801344225
'010',1,0.5000566666666667,0.0019559368315180403,0.06616555450126299,3.798798059306968
