states,flag,Avg0,SD0,frust0,time
'100',1,0.49766666666666665,0.00734589832642833,0.06927490309289049,3.8088976151879126
'011',1,0.5023333333333334,0.007345898326428287,0.06927490309289049,3.8357220165506667
