states,flag,Avg0,SD0,frust0,time
'100',1,0.5032000000000001,0.0017454703282114693,0.12166102246612158,3.7802997059402634
'011',1,0.49679999999999996,0.0017454703282114693,0.12166102246612158,3.8090913564266184
