states,flag,Avg0,SD0,frust0,time
'010',1,0.4933666666666667,0.004926346403663563,0.12746888585721491,3.800399795046541
'101',1,0.5066333333333333,0.004926346403663564,0.12746888585721491,3.7854807471737772
