states,flag,Avg0,SD0,frust0,time
'100',1,0.4991233333333333,0.001388172259563699,0.12927173909948483,3.7877036744745265
'011',1,0.5008766666666666,0.0013881722595637175,0.12927173909948483,3.804146326890372
