states,flag,Avg0,SD0,frust0,time
'100',1,0.5002,0.005779850055725204,0.0792194550326049,3.802311087461584
'011',1,0.4998,0.005779850055725204,0.0792194550326049,3.7898486187706006
