states,flag,Avg0,SD0,frust0,time
'001',0,0.16416666666666666,0.002040152499746576,0.17945537063603856,1000.0
'110',0,0.1694,0.0007118052168020949,0.17945537063603856,1000.0
'010',0,0.1634,0.001344123010243733,0.21570622003200787,1000.0
'101',0,0.17166666666666666,0.0008806563209081956,0.21570622003200787,1000.0
'100',0,0.1675,0.0006377042156569614,0.19352503853114836,1000.0
'011',0,0.16386666666666666,0.0028569603116288186,0.19352503853114836,1000.0
