states,flag,Avg0,SD0,frust0,time
'011',1,0.5027666666666667,0.0038447655614123094,0.11152344959673527,3.809575336865557
'100',1,0.49723333333333336,0.0038447655614123094,0.11152344959673527,3.7987790122181426
