states,flag,Avg0,SD0,frust0,time
'110',1,0.5007366666666667,0.0013597630512539953,0.03608356373879518,3.8101599456066704
'001',1,0.49926333333333334,0.0013597630512539693,0.03608356373879518,3.7942771323805857
