states,flag,Avg0,SD0,frust0,time
'001',1,0.4946,0.0038026306683663206,0.15363764556455198,3.772380398484614
'110',1,0.5054,0.003802630668366299,0.15363764556455198,3.7949012874780883
