states,flag,Avg0,SD0,frust0,time
'110',1,0.49904,0.0005731201153917673,0.1899430448193173,3.787016170162627
'001',1,0.50096,0.0005731201153917909,0.1899430448193173,3.800522485764391
