states,flag,Avg0,SD0,frust0,time
'110',1,0.49973333333333336,0.004893760199365,0.09434573688481185,3.814382497751277
'001',1,0.5002666666666666,0.004893760199365,0.09434573688481185,3.797454152309985
