states,flag,Avg0,SD0,frust0,time
'101',1,0.4992933333333333,0.0009163090211398089,0.14730259616800262,3.809396898085786
'010',1,0.5007066666666666,0.000916309021139835,0.14730259616800262,3.7965754519166754
