states,flag,Avg0,SD0,frust0,time
'101',1,0.5011000000000001,0.0007317103251970635,0.08287844284182322,3.799909618131173
'010',1,0.49889999999999995,0.0007317103251970891,0.08287844284182322,3.802405634558223
