states,flag,Avg0,SD0,frust0,time
'001',1,0.5001,0.004510727953076588,0.10245380252510382,3.7916214557487637
'110',1,0.4999,0.004510727953076606,0.10245380252510382,3.760557572812893
