states,flag,Avg0,SD0,frust0,time
'010',1,0.5011633333333333,0.0008178562764256869,0.07548925204935913,3.8120601451331075
'101',1,0.49883666666666665,0.0008178562764256869,0.07548925204935913,3.7982244313426183
