states,flag,Avg0,SD0,frust0,time
'100',1,0.5002666666666666,0.005086146762421302,0.15171571713015777,3.765184164370868
'011',1,0.4997333333333333,0.005086146762421318,0.15171571713015777,3.809376511850998
