states,flag,Avg0,SD0,frust0,time
'100',1,0.4995333333333334,0.0030652170486860685,0.135049885581059,3.817693564295985
'011',1,0.5004666666666666,0.0030652170486860438,0.135049885581059,3.8231606568963143
