states,flag,Avg0,SD0,frust0,time
'101',0,0.16490000000000002,0.0006480740698407875,0.14692913091030482,1000.0
'100',0,0.16846666666666665,0.0014659088951530738,0.20276853662416947,1000.0
'010',0,0.16716666666666669,0.0038938698260499406,0.14692913091030482,1000.0
'110',0,0.16743333333333332,0.0025104227178350375,0.11579698764134715,1000.0
'001',0,0.16416666666666668,0.0034296096311711914,0.11579698764134715,1000.0
'011',0,0.1678666666666667,0.00508876758710354,0.20276853662416947,1000.0
