states,flag,Avg0,SD0,frust0,time
'110',1,0.5014,0.0028284271247461666,0.2440376074913614,3.8104909134971057
'001',1,0.4986,0.0028284271247462187,0.2440376074913614,3.806545445493075
