states,flag,Avg0,SD0,frust0,time
'101',1,0.49689999999999995,0.0036887215490826538,0.16301523800959222,3.812493645343553
'010',1,0.5031,0.0036887215490826538,0.16301523800959222,3.8195532552223503
