states,flag,Avg0,SD0,frust0,time
'110',1,0.4998133333333333,0.0005740112271453312,0.10236331876087336,3.8057537317926275
'001',1,0.5001866666666667,0.00057401122714534,0.10236331876087336,3.792450792103741
