states,flag,Avg0,SD0,frust0,time
'101',1,0.5005433333333333,0.0010778167232368015,0.13850819109600693,3.798289667181925
'010',1,0.49945666666666666,0.0010778167232368015,0.13850819109600693,3.7918696065561384
