states,flag,Avg0,SD0,frust0,time
'101',1,0.5000766666666666,0.0010702751463473757,0.1713567345267926,4.819895294192632
'010',1,0.49992333333333333,0.0010702751463473777,0.1713567345267926,4.811689492990723
