states,flag,Avg0,SD0,frust0,time
'010',1,0.49933333333333335,0.0019601587237318805,0.18808065858936654,3.767350252388288
'101',1,0.5006666666666667,0.0019601587237318805,0.18808065858936654,3.765193958577616
