states,flag,Avg0,SD0,frust0,time
'001',1,0.25051,0.001040416583233205,0.1787620705324382,2.3711331647924676
'110',1,0.24937,0.0017578585456932215,0.1787620705324382,2.376907392352835
'100',1,0.25010333333333334,0.0018575312170249574,0.15061063131291766,2.3698269698771646
'011',1,0.25001666666666666,0.0013073212646051854,0.15061063131291766,2.3773103323203286
