states,flag,Avg0,SD0,frust0,time
'110',1,0.5010933333333334,0.00062398361801858,0.005622441083142009,3.7966935941793083
'001',1,0.4989066666666666,0.0006239836180185841,0.005622441083142009,3.8043887617458094
