states,flag,Avg0,SD0,frust0,time
'010',1,0.5004866666666667,0.001050216908812454,0.07090969134209418,3.797133571530217
'101',1,0.4995133333333333,0.001050216908812454,0.07090969134209418,3.7900818929457074
