states,flag,Avg0,SD0,frust0,time
'010',1,0.4990666666666666,0.0037615008824788136,0.16331269365602383,3.7749876289357247
'101',1,0.5009333333333333,0.0037615008824788136,0.16331269365602383,3.8187657620465045
