states,flag,Avg0,SD0,frust0,time
'001',1,0.5024666666666667,0.002075786330258726,0.06950696456690385,3.789261999372687
'110',1,0.4975333333333333,0.002075786330258681,0.06950696456690385,3.8167524131952484
