states,flag,Avg0,SD0,frust0,time
'011',0,0.16589333333333334,0.0004135483311805557,0.2563863071367975,1000.0
'110',0,0.16795666666666667,0.000532060982302674,0.11730403866503362,1000.0
'101',0,0.16713999999999998,0.0010398397312406727,0.19011596616632506,1000.0
'001',0,0.166,0.0006590902821313655,0.11730403866503362,1000.0
'010',0,0.16599333333333333,0.0011944408268679063,0.19011596616632506,1000.0
'100',0,0.16701666666666667,0.0015654037462868467,0.2563863071367975,1000.0
