states,flag,Avg0,SD0,frust0,time
'110',1,0.49910000000000004,0.001981581859693594,0.15271870973307025,3.8017184794987613
'001',1,0.5009,0.0019815818596936007,0.15271870973307025,3.8095755540397866
