states,flag,Avg0,SD0,frust0,time
'010',1,0.4993633333333333,0.0016591631089866588,0.1336337338732124,3.8104421296513404
'101',1,0.5006366666666667,0.001659163108986637,0.1336337338732124,3.809314828428496
