states,flag,Avg0,SD0,frust0,time
'011',0,0.16602333333333333,0.0004406308608751213,0.17272661017921495,1000.0
'100',0,0.16673666666666667,0.001259241394208791,0.17272661017921495,1000.0
'101',0,0.16702666666666666,0.0005631064631922506,0.1935587258220257,1000.0
'001',0,0.16669,0.0009688137075826291,0.23030484294133066,1000.0
'010',0,0.16633666666666666,0.0006861162842809982,0.1935587258220257,1000.0
'110',0,0.16718666666666668,0.0008276204175559931,0.23030484294133066,1000.0
