states,flag,Avg0,SD0,frust0,time
'100',1,0.5008533333333333,0.0006138584708401609,0.22631842579943007,3.8060303164811358
'011',1,0.4991466666666667,0.0006138584708401609,0.22631842579943007,3.79712404759643
