states,flag,Avg0,SD0,frust0,time
'110',1,0.5013566666666667,0.0008198102761547244,0.10935451158969599,3.798988920288991
'001',1,0.4986433333333333,0.0008198102761547201,0.10935451158969599,3.802448533716738
