states,flag,Avg0,SD0,frust0,time
'010',1,0.5002266666666667,0.0019488857215228161,0.07604386393349429,3.791535033464808
'101',1,0.49977333333333335,0.001948885721522816,0.07604386393349429,3.7988772810804927
