states,flag,Avg0,SD0,frust0,time
'011',1,0.5005000000000001,0.0027940412786261267,0.09827449766761866,3.8079867162724184
'100',1,0.4995,0.0027940412786261006,0.09827449766761866,3.786793124287024
