states,flag,Avg0,SD0,frust0,time
'00',0,0.1660633333333333,0.0014262849956754467,0.4714052699654895,1000.0
'10',0,0.33458666666666664,0.0015071017071039102,0.26327640367161054,1000.0
'01',0,0.33281,0.0011630133275246659,0.26327640367161054,1000.0
'11',0,0.16654,0.00031790984046843303,0.4714052699654895,1000.0
