states,flag,Avg0,SD0,frust0,time
'10',1,0.5001,0.0018547236990991598,0.15935215356759497,2.0
'01',1,0.49989999999999996,0.001854723699099118,0.15935215356759497,2.0
