states,flag,Avg0,SD0,frust0,time
'01',0,0.3338466666666666,0.0008865789430288804,0.25983610619460806,1000.0
'11',0,0.16720333333333334,0.0009993442294269207,0.4462204106690638,1000.0
'00',0,0.16588666666666665,0.001193016717774271,0.4462204106690638,1000.0
'10',0,0.3330633333333333,0.001552553452291477,0.25983610619460806,1000.0
