states,flag,Avg0,SD0,frust0,time
'10',1,0.50016,0.0012658857241736419,0.3801471568948142,2.0
'01',1,0.49984,0.0012658857241736607,0.3801471568948142,2.0
