states,flag,Avg0,SD0,frust0,time
'10',0,0.3341433333333333,0.0018721170428747708,0.2787197592077987,1000.0
'01',0,0.3331766666666667,0.0005583507459971328,0.2787197592077987,1000.0
'00',0,0.16627,0.0004043101120014989,0.5738788495752196,1000.0
'11',0,0.16641,0.0014884443780896347,0.5738788495752196,1000.0
