states,flag,Avg0,SD0,frust0,time
'10',1,0.5007666666666667,0.0038577483357811436,0.15114843696648889,2.0
'01',1,0.49923333333333336,0.003857748335781178,0.15114843696648889,2.0
