states,flag,Avg0,SD0,frust0,time
'10',0,0.33146666666666663,0.0036609045633862517,0.19054020522913895,1000.0
'00',0,0.16573333333333332,0.0042967688118192016,0.45923883364090645,1000.0
'01',0,0.336,0.004166533331199927,0.19054020522913895,1000.0
'11',0,0.16679999999999998,0.0032934277989150875,0.45923883364090645,1000.0
