states,flag,Avg0,SD0,frust0,time
'01',0,0.3353333333333333,0.006676492758593793,0.24990963266148408,1000.0
'10',0,0.3312,0.006094259594077032,0.24990963266148408,1000.0
'00',0,0.16696666666666668,0.0035311313893550997,0.5226924908401012,1000.0
'11',0,0.16649999999999998,0.001349073756323203,0.5226924908401012,1000.0
