states,flag,Avg0,SD0,frust0,time
'10',1,0.49971000000000004,0.0005892933621437354,0.41581994220788515,2.0
'01',1,0.50029,0.0005892933621437465,0.41581994220788515,2.0
