states,flag,Avg0,SD0,frust0,time
'00',0,0.2528333333333333,0.002361261433123316,0.44506078684219796,1000.0
'10',0,0.2468,0.0031885210782848475,0.35901767371162785,1000.0
'01',0,0.24886666666666665,0.0017016332024133482,0.35901767371162785,1000.0
'11',0,0.2515,0.000778888096369866,0.44506078684219796,1000.0
