states,flag,Avg0,SD0,frust0,time
'00',0,0.24927333333333332,0.0003718721405118856,0.3570347539492719,1000.0
'01',0,0.24995,0.0015036843640427637,0.2697696192816388,1000.0
'10',0,0.2497,0.0006135687953821207,0.2697696192816388,1000.0
'11',0,0.25107666666666667,0.0015279034291763747,0.3570347539492719,1000.0
