states,flag,Avg0,SD0,frust0,time
'01',0,0.3327633333333333,0.0014493523457814832,0.3286890642509932,1000.0
'10',0,0.3339666666666667,0.0008889069442610765,0.3286890642509932,1000.0
'11',0,0.16718,0.0017336666346215441,0.5941860341306404,1000.0
'00',0,0.16609,0.0006099726769837013,0.5941860341306404,1000.0
