states,flag,Avg0,SD0,frust0,time
'01',1,0.49966666666666665,0.0004921607686744376,0.27254135862588685,2.0
'10',1,0.5003333333333333,0.0004921607686744589,0.27254135862588685,2.0
