states,flag,Avg0,SD0,frust0,time
'01',0,0.33205,0.0018886150128246554,0.2750066987802238,1000.0
'10',0,0.3356966666666667,0.0021477171342821045,0.2750066987802238,1000.0
'11',0,0.16696666666666662,0.0003061952898977314,0.5974614561153847,1000.0
'00',0,0.16528666666666667,0.0007570703768841844,0.5974614561153847,1000.0
