states,flag,Avg0,SD0,frust0,time
'01',1,0.4996666666666667,0.0028193773938387057,0.06354571856304916,2.0
'10',1,0.5003333333333333,0.0028193773938387247,0.06354571856304916,2.0
