states,flag,Avg0,SD0,frust0,time
'10',0,0.3329666666666667,0.0005651155240794298,0.48444977595025895,1000.0
'00',0,0.16749999999999998,0.0003850541087518323,0.7826361269075108,1000.0
'01',0,0.33271999999999996,0.0005685654462475333,0.48444977595025895,1000.0
'11',0,0.16681333333333334,0.0006126626768096496,0.7826361269075108,1000.0
