states,flag,Avg0,SD0,frust0,time
'00',0,0.24916666666666668,0.00012684198393626765,0.34988871537477856,1000.0
'01',0,0.25003333333333333,0.001120307497470625,0.30951425840512464,1000.0
'10',0,0.25038666666666665,0.0008810725786726622,0.30951425840512464,1000.0
'11',0,0.2504133333333333,0.001329018016766095,0.34988871537477856,1000.0
