states,flag,Avg0,SD0,frust0,time
'01',1,0.49366666666666664,0.0016336734339790252,0.16692301699512357,2.0
'10',1,0.5063333333333333,0.0016336734339790476,0.16692301699512357,2.0
