states,flag,Avg0,SD0,frust0,time
'01',0,0.33343666666666666,0.0007358592860655409,0.20290118171903218,1000.0
'11',0,0.1657,0.0016398373903124249,0.3590722237315571,1000.0
'00',0,0.16757,0.0010694858577840107,0.3590722237315571,1000.0
'10',0,0.33329333333333333,0.0013756533801151409,0.20290118171903218,1000.0
