states,flag,Avg0,SD0,frust0,time
'10',0,0.24948666666666663,0.00213176504855066,0.16172437459256095,1000.0
'00',0,0.2504433333333333,0.00065301012413455,0.29504329718864153,1000.0
'01',0,0.24968333333333328,0.0010632131593533872,0.16172437459256095,1000.0
'11',0,0.2503866666666667,0.0006460306150296157,0.29504329718864153,1000.0
