states,flag,Avg0,SD0,frust0,time
'01',1,0.5024133333333333,0.0017304398926926525,0.35347379676934854,2.0
'10',1,0.4975866666666666,0.001730439892692676,0.35347379676934854,2.0
