states,flag,Avg0,SD0,frust0,time
'00',0,0.24926666666666666,0.000491008033426024,0.37646193943911993,1000.0
'11',0,0.25003000000000003,0.0008927859019197653,0.37646193943911993,1000.0
'01',0,0.2510866666666667,0.0008900312104390287,0.2604286510180981,1000.0
'10',0,0.24961666666666668,0.0011094242751185125,0.2604286510180981,1000.0
