states,flag,Avg0,SD0,frust0,time
'00',0,0.16466666666666666,0.000857645355351237,0.3962650759413507,1000.0
'10',0,0.33736666666666665,0.003026916289265741,0.24174430541883613,1000.0
'01',0,0.3316666666666666,0.002870927066684589,0.24174430541883613,1000.0
'11',0,0.1663,0.0011045361017187182,0.3962650759413507,1000.0
