states,flag,Avg0,SD0,frust0,time
'01',1,0.5008466666666666,0.000984355401039446,0.08830068714265346,2.0
'10',1,0.49915333333333334,0.0009843554010394698,0.08830068714265346,2.0
