states,flag,Avg0,SD0,frust0,time
'01',1,0.5006466666666667,0.0006890250761442301,0.3081266518852893,2.0
'10',1,0.4993533333333333,0.0006890250761442326,0.3081266518852893,2.0
