states,flag,Avg0,SD0,frust0,time
'01',1,0.5039,0.0009092121131323798,0.2887395099343199,2.0
'10',1,0.4961,0.0009092121131324042,0.2887395099343199,2.0
