states,flag,Avg0,SD0,frust0,time
'00',0,0.24593333333333334,0.0020805982045769647,0.7946736795195701,1000.0
'10',0,0.2503,0.0013441230102437267,0.4125341555742469,1000.0
'11',0,0.2527666666666667,0.0007760297817881706,0.7946736795195701,1000.0
'01',0,0.25100000000000006,0.002808320969310076,0.4125341555742469,1000.0
