states,flag,Avg0,SD0,frust0,time
'11',0,0.16637333333333335,0.00020499322482028518,0.31782303222623376,1000.0
'01',0,0.33321666666666666,0.000842865482875063,0.1741322788538005,1000.0
'10',0,0.3334599999999999,0.001404207961806235,0.1741322788538005,1000.0
'00',0,0.16695000000000002,0.000885324799155661,0.31782303222623376,1000.0
