states,flag,Avg0,SD0,frust0,time
'10',1,0.49996666666666667,0.000522961651451522,0.21444206372761804,2.0
'01',1,0.5000333333333333,0.0005229616514515021,0.21444206372761804,2.0
