states,flag,Avg0,SD0,frust0,time
'10',0,0.25035,0.0009041017641836516,0.17406102931822207,1000.0
'01',0,0.2498,0.0005024606120549895,0.17406102931822207,1000.0
'00',0,0.25005666666666665,0.0007037676384211548,0.28492938404180773,1000.0
'11',0,0.2497933333333333,0.0013501934017844334,0.28492938404180773,1000.0
