states,flag,Avg0,SD0,frust0,time
'00',0,0.16552,0.0007979974937304,0.45781200472030703,1000.0
'01',0,0.33416666666666667,0.0006096082530791541,0.3030113246212792,1000.0
'10',0,0.33365,0.0013188631468048348,0.3030113246212792,1000.0
'11',0,0.16666333333333336,0.00014383632673593805,0.45781200472030703,1000.0
