states,flag,Avg0,SD0,frust0,time
'01',0,0.24938333333333332,0.0006899436369894359,0.24628220701224118,1000.0
'10',0,0.24949333333333334,0.00021202725191719435,0.24628220701224118,1000.0
'11',0,0.24975,0.0006968500556073739,0.3049378357331659,1000.0
'00',0,0.25137333333333334,0.0007258252008729242,0.3049378357331659,1000.0
