states,flag,Avg0,SD0,frust0,time
'01',1,0.49643333333333334,0.0011556623882239723,0.23893505991038352,2.0
'10',1,0.5035666666666666,0.0011556623882239584,0.23893505991038352,2.0
