states,flag,Avg0,SD0,frust0,time
'10',0,0.33375333333333335,0.0012399014297739808,0.22179274425328319,1000.0
'01',0,0.33211999999999997,0.0010125545252808127,0.22179274425328319,1000.0
'00',0,0.16680999999999999,0.0008426545357776659,0.3480616913767882,1000.0
'11',0,0.16731666666666667,0.0009604281452676317,0.3480616913767882,1000.0
