states,flag,Avg0,SD0,frust0,time
'10',1,0.49928,0.001196188390959658,0.2520160594663458,2.0
'01',1,0.5007199999999999,0.0011961883909596804,0.2520160594663458,2.0
