states,flag,Avg0,SD0,frust0,time
'01',0,0.252,0.0007257180352359047,0.3424931008555509,1000.0
'10',0,0.2483,0.0013140268896284601,0.3424931008555509,1000.0
'11',0,0.2482333333333333,0.002003885115358547,0.523144629272419,1000.0
'00',0,0.25146666666666667,0.0034198765409814784,0.523144629272419,1000.0
