states,flag,Avg0,SD0,frust0,time
'11',0,0.2472,0.005855481762132522,0.6586116629845444,1000.0
'01',0,0.24693333333333334,0.0024997777679003495,0.3717476298709244,1000.0
'00',0,0.2517333333333333,0.0035112517552703276,0.6586116629845444,1000.0
'10',0,0.2541333333333333,0.007067452786463358,0.3717476298709244,1000.0
