states,flag,Avg0,SD0,frust0,time
'01',1,0.5007733333333334,0.00028241026106630044,0.2748626543931614,2.0
'10',1,0.49922666666666665,0.00028241026106633514,0.2748626543931614,2.0
