states,flag,Avg0,SD0,frust0,time
'00',0,0.16506666666666667,0.0011145502331533694,0.7379392279622445,1000.0
'10',0,0.3336333333333334,0.00299592315581616,0.3724470960606468,1000.0
'01',0,0.33590000000000003,0.0004966554808583754,0.3724470960606468,1000.0
'11',0,0.16540000000000002,0.002438578821089581,0.7379392279622445,1000.0
