states,flag,Avg0,SD0,frust0,time
'01',0,0.2468,0.004115823125451345,0.3704579337998023,1000.0
'11',0,0.25216666666666665,0.0035122009560324932,0.5462644123131366,1000.0
'00',0,0.2471,0.00537463177033243,0.5462644123131366,1000.0
'10',0,0.2539333333333333,0.0037043517951488147,0.3704579337998023,1000.0
