states,flag,Avg0,SD0,frust0,time
'11',0,0.16856666666666667,0.003757067414294771,0.5368712415555504,1000.0
'10',0,0.3329333333333333,0.0032097074979228458,0.2221726074817369,1000.0
'00',0,0.16696666666666668,0.006483483288754246,0.5368712415555504,1000.0
'01',0,0.3315333333333333,0.0053424921359064665,0.2221726074817369,1000.0
