states,flag,Avg0,SD0,frust0,time
'10',0,0.3294333333333333,0.004168399639616559,0.09347091379102113,1000.0
'01',0,0.33163333333333334,0.005112294548982442,0.09347091379102113,1000.0
'00',0,0.1729333333333333,0.0009463379711052205,0.2961186674122497,1000.0
'11',0,0.166,0.0004320493798938569,0.2961186674122497,1000.0
