states,flag,Avg0,SD0,frust0,time
'01',1,0.5001066666666666,0.0008889069442610664,0.05035743685675678,2.0
'10',1,0.49989333333333336,0.0008889069442610765,0.05035743685675678,2.0
