states,flag,Avg0,SD0,frust0,time
'01',1,0.50081,0.0018216659042389343,0.2174236420937256,2.0
'10',1,0.49919,0.0018216659042389228,0.2174236420937256,2.0
