states,flag,Avg0,SD0,frust0,time
'01',0,0.33158,0.0008873556220591482,0.2676417996775483,1000.0
'11',0,0.16770666666666667,0.0017598169096686058,0.41630470973409045,1000.0
'10',0,0.33386333333333335,0.0021494547112129434,0.2676417996775483,1000.0
'00',0,0.16685000000000003,0.0005818934610390377,0.41630470973409045,1000.0
