states,flag,Avg0,SD0,frust0,time
'01',1,0.5006933333333333,0.0005144144459696031,0.09888041907431172,2.0
'10',1,0.49930666666666673,0.000514414445969589,0.09888041907431172,2.0
