states,flag,Avg0,SD0,frust0,time
'00',0,0.2528,0.0012675435561221224,0.46028397850903535,1000.0
'01',0,0.25266666666666665,0.004377467558100483,0.32717666466066764,1000.0
'11',0,0.2482333333333333,0.0016858891488535713,0.46028397850903535,1000.0
'10',0,0.2463,0.006420280367709812,0.32717666466066764,1000.0
