states,flag,Avg0,SD0,frust0,time
'01',1,0.49923333333333336,0.00321904057480211,0.07851747349548249,2.0
'10',1,0.5007666666666667,0.00321904057480211,0.07851747349548249,2.0
