states,flag,Avg0,SD0,frust0,time
'11',0,0.16673333333333332,0.004369846170697031,0.7337404029913573,1000.0
'00',0,0.16283333333333333,0.0028767265347188526,0.7337404029913573,1000.0
'01',0,0.3378666666666667,0.0007930251502246947,0.38163033509759003,1000.0
'10',0,0.3325666666666667,0.0016759740119968753,0.38163033509759003,1000.0
