states,flag,Avg0,SD0,frust0,time
'01',1,0.5005933333333333,0.0008935820549277432,0.15981815418267054,2.0
'10',1,0.4994066666666666,0.0008935820549277375,0.15981815418267054,2.0
