states,flag,Avg0,SD0,frust0,time
'01',1,0.5066333333333334,0.00440630860875125,0.07173805304264921,2.0
'10',1,0.4933666666666667,0.0044063086087512745,0.07173805304264921,2.0
