states,flag,Avg0,SD0,frust0,time
'10',0,0.33349999999999996,0.004526219909225209,0.2511703318999755,1000.0
'01',0,0.3325666666666667,0.0034451253807211276,0.2511703318999755,1000.0
'11',0,0.16736666666666666,0.004763985259796208,0.49845413381248327,1000.0
'00',0,0.16656666666666667,0.0009104333522498426,0.49845413381248327,1000.0
