states,flag,Avg0,SD0,frust0,time
'00',0,0.16653333333333334,0.0015809139410128804,0.4468956255499286,1000.0
'01',0,0.33381999999999995,0.0005532329226163841,0.267983837565104,1000.0
'10',0,0.3339366666666666,0.001538837945406273,0.267983837565104,1000.0
'11',0,0.16571,0.00130935098426664,0.4468956255499286,1000.0
