states,flag,Avg0,SD0,frust0,time
'01',0,0.2505433333333334,0.0014437528258750677,0.13086037859878372,1000.0
'11',0,0.24874666666666667,0.0010302858287334112,0.16023206487667593,1000.0
'00',0,0.24969333333333332,0.0010108192496958003,0.16023206487667593,1000.0
'10',0,0.25101666666666667,0.000569814784722966,0.13086037859878372,1000.0
