states,flag,Avg0,SD0,frust0,time
'01',0,0.24839999999999998,0.001925270543759152,0.3623877364685819,1000.0
'00',0,0.2511333333333334,0.00023570226039551604,0.5433341962149095,1000.0
'10',0,0.24736666666666665,0.0026449112566503136,0.3623877364685819,1000.0
'11',0,0.2531,0.0021463146709340365,0.5433341962149095,1000.0
