states,flag,Avg0,SD0,frust0,time
'01',0,0.3338666666666667,0.005338122849425224,0.390629378224546,1000.0
'10',0,0.33359999999999995,0.005672741841473137,0.390629378224546,1000.0
'11',0,0.16566666666666666,0.001869640488317359,0.6667605426191894,1000.0
'00',0,0.1668666666666667,0.0019327585352432264,0.6667605426191894,1000.0
