states,flag,Avg0,SD0,frust0,time
'01',1,0.5055333333333333,0.00530994873379727,0.18547033408605923,2.0
'10',1,0.49446666666666667,0.005309948733797295,0.18547033408605923,2.0
