states,flag,Avg0,SD0,frust0,time
'01',0,0.24919999999999998,0.0041817061908587935,0.24201007192174542,1000.0
'00',0,0.24966666666666668,0.0008379870059984471,0.29255715912100955,1000.0
'10',0,0.25496666666666673,0.0010077477638554067,0.24201007192174542,1000.0
'11',0,0.24616666666666664,0.004601690510622755,0.29255715912100955,1000.0
