states,flag,Avg0,SD0,frust0,time
'11',0,0.16647666666666666,0.0006694442139234237,0.45164675933112175,1000.0
'01',0,0.33309666666666665,0.0009989772547738778,0.1803795459464852,1000.0
'10',0,0.3344566666666667,0.0009147798763758616,0.1803795459464852,1000.0
'00',0,0.16596999999999998,0.0007377443098165198,0.45164675933112175,1000.0
