states,flag,Avg0,SD0,frust0,time
'00',0,0.16596999999999998,0.0012477446319927234,0.6830378057147218,1000.0
'10',0,0.33403333333333335,0.002203668658295875,0.38321427045185935,1000.0
'11',0,0.16644666666666666,0.0006824628602023399,0.6830378057147218,1000.0
'01',0,0.33354999999999996,0.0007961155694998087,0.38321427045185935,1000.0
