states,flag,Avg0,SD0,frust0,time
'01',0,0.3332866666666667,0.0015230743762389184,0.16732088378180252,1000.0
'11',0,0.16606666666666667,0.0016655796455155114,0.302230703866315,1000.0
'10',0,0.33403,0.0006275879752406742,0.16732088378180252,1000.0
'00',0,0.16661666666666666,0.0013595669245102338,0.302230703866315,1000.0
