states,flag,Avg0,SD0,frust0,time
'11',0,0.1678666666666667,0.0022514193054357723,0.43529805940428845,1000.0
'10',0,0.33383333333333326,0.0029169999809545532,0.24330414457385335,1000.0
'00',0,0.17036666666666667,0.0016739839372652947,0.43529805940428845,1000.0
'01',0,0.32793333333333335,0.0009809292646374831,0.24330414457385335,1000.0
