states,flag,Avg0,SD0,frust0,time
'10',0,0.25084,0.000740585354072476,0.32537854735212335,1000.0
'01',0,0.24966666666666668,0.0007879227260475582,0.32537854735212335,1000.0
'11',0,0.24966999999999998,0.0015427464686936405,0.5170119835097908,1000.0
'00',0,0.24982333333333331,0.001247112219845862,0.5170119835097908,1000.0
