states,flag,Avg0,SD0,frust0,time
'11',0,0.16703333333333334,0.004400252518006464,0.5180507665290093,1000.0
'10',0,0.333,0.008322259308625268,0.25650916748478,1000.0
'01',0,0.3325,0.0010033277962194869,0.25650916748478,1000.0
'00',0,0.16746666666666668,0.004145144415122619,0.5180507665290093,1000.0
