states,flag,Avg0,SD0,frust0,time
'11',0,0.16717,0.000742203925256841,0.30350156345133483,1000.0
'01',0,0.33392333333333335,0.0010819221578078327,0.1843155000444086,1000.0
'10',0,0.33244,0.0009489994731294706,0.1843155000444086,1000.0
'00',0,0.16646666666666665,0.0009935234717352594,0.30350156345133483,1000.0
