states,flag,Avg0,SD0,frust0,time
'01',0,0.33236666666666664,0.0024308206204672646,0.2762479811353843,1000.0
'10',0,0.3334,0.0034727510708370624,0.2762479811353843,1000.0
'11',0,0.17113333333333336,0.0017782638224465575,0.5631839776410507,1000.0
'00',0,0.1631,0.0007118052168020819,0.5631839776410507,1000.0
