states,flag,Avg0,SD0,frust0,time
'101',1,0.7503366666666667,0.0010772908407461397,0.0,2.8920139341784847
'011',1,0.24966333333333335,0.0010772908407461603,0.5,2.0
