states,flag,Avg0,SD0,frust0,time
'101',1,0.5009899999999999,0.0021060389360123273,0.0,2.0
'011',1,0.49901,0.002106038936012352,0.0,2.0
