states,flag,Avg0,SD0,frust0,time
'10101',1,0.2186866666666667,0.0018254192821254953,0.3125,3.869919303732928
'10011',1,0.21966666666666668,0.00042208477294918353,0.3125,3.8574572433765617
'10001',1,0.07714,0.0008739565206576378,0.375,2.0
'11001',1,0.21982333333333334,0.0014259811437120106,0.3125,3.8847708277289024
'01011',1,0.08818999999999999,0.001345981673971327,0.4375,2.2553351523283407
'01101',1,0.08836,0.0012778367136166734,0.4375,2.2455228711330353
'00111',1,0.08813333333333334,0.0010474519347232834,0.4375,2.251306093886195
