states,flag,Avg0,SD0,frust0,time
'011',1,0.24990333333333334,0.0006817787193967134,0.5,2.0
'101',1,0.7500966666666667,0.0006817787193966751,0.0,2.8923968859220763
