states,flag,Avg0,SD0,frust0,time
'10000011',1,0.16651333333333332,0.0006284548954026466,0.5102040816326531,9.927674104100513
'10010001',1,0.16621333333333332,0.0007613292469242306,0.5102040816326531,9.874539899255671
'10001001',1,0.16615666666666665,0.0003175251521095991,0.5102040816326531,9.939373253780694
'10100001',1,0.16717333333333337,0.00017913371790059525,0.5102040816326531,9.849124302610859
'10000101',1,0.16735333333333333,0.001189238785479554,0.5102040816326531,9.835529966330212
'11000001',1,0.16659,0.0021169002495787636,0.5102040816326531,9.85421446814756
