states,flag,Avg0,SD0,frust0,time
'1010001',1,0.19664666666666666,0.000798262000988539,0.4722222222222222,8.046894188905462
'1001001',1,0.19606666666666664,0.0005348104544810476,0.4722222222222222,7.999715993507195
'1000101',1,0.19661666666666666,0.0006257972692671497,0.4722222222222222,8.079372222583748
'1000001',1,0.01805,0.00038192494899739923,0.5555555555555556,2.0
'1100001',1,0.19638,0.0004572380853195306,0.4722222222222222,8.042374418356848
'1000011',1,0.19624,0.0005169784005804045,0.4722222222222222,8.052553712121295
