states,flag,Avg0,SD0,frust0,time
'011',1,0.49894666666666665,0.001976399644696301,0.0,2.0
'101',1,0.5010533333333334,0.001976399644696269,0.0,2.0
