states,flag,Avg0,SD0,frust0,time
'10001',1,0.50024,0.0007882047111421358,0.5,5.657061907729546
'01101',1,0.16657,0.00034292856398964795,0.75,2.532066407819945
'00111',1,0.16639666666666666,0.0008065702421708601,0.75,2.530238107904939
'01011',1,0.16679333333333332,0.0017655656946775498,0.75,2.531708332928711
