states,flag,Avg0,SD0,frust0,time
'10000011',1,0.16611333333333334,0.0006262232473771293,0.5102040816326531,10.6632481228758
'10010001',1,0.16682333333333332,0.0004994886273869389,0.5102040816326531,10.670581873395482
'10001001',1,0.16758333333333333,0.0017140465441625482,0.5102040816326531,10.654955118227178
'10100001',1,0.1659766666666667,0.0010896278671587336,0.5102040816326531,10.72369654861538
'11000001',1,0.16705333333333336,0.0010664687316351835,0.5102040816326531,10.680259895290368
'10000101',1,0.16645000000000001,0.0009828869043113074,0.5102040816326531,10.662458800833697
