states,flag,Avg0,SD0,frust0,time
'100001001',1,0.14244,0.0008302208541506642,0.5625,12.888645118424847
'101000001',1,0.14155666666666666,0.0006506577868246562,0.5625,12.877047413588992
'110000001',1,0.14230333333333334,0.0011944687336031714,0.5625,12.848000543782371
'100010001',1,0.14347999999999997,0.0010718519798305448,0.5625,12.81267281825238
'100100001',1,0.14303333333333335,0.000936565830871252,0.5625,12.86724896967712
'100000011',1,0.14359333333333335,0.0003162629004834794,0.5625,12.813623510306764
'100000101',1,0.14359333333333332,0.0007433856483832817,0.5625,12.860641825884171
