states,flag,Avg0,SD0,frust0,time
'10001',1,0.7340166666666667,0.0017812417641134752,0.375,7.151524817102055
'01011',1,0.08902666666666666,0.0006345777248603137,0.6875,2.2498339599103114
'01101',1,0.08758333333333333,0.0010036378275498023,0.6875,2.249356649063472
'00111',1,0.08937333333333335,0.0006856789012034411,0.6875,2.2511861957829304
