states,flag,Avg0,SD0,frust0,time
'01011',1,0.08898333333333334,0.0007628601153262365,0.9375,2.2510482001999996
'10001',1,0.7323066666666666,0.0007902039117988651,0.375,7.159529283153753
'00111',1,0.09014333333333334,8.055363982396513e-5,0.9375,2.2450132640781595
'01101',1,0.08856666666666668,0.00030070288030250176,0.9375,2.247927084193696
