states,flag,Avg0,SD0,frust0,time
'101001',1,0.25039,0.00038496753109840603,0.36,6.889874480931113
'100101',1,0.24985333333333334,0.0007299467256055146,0.36,6.8732176557076885
'110001',1,0.24988000000000002,0.000608166643829372,0.36,6.867815466305647
'100011',1,0.24987666666666666,0.0005577534301901526,0.36,6.881005133298081
