states,flag,Avg0,SD0,frust0,time
'101',1,0.7506200000000001,0.0010622931171134953,0.0,2.8902915433313843
'011',1,0.24938000000000002,0.0010622931171134734,0.5,2.0
