states,flag,Avg0,SD0,frust0,time
'101',1,0.7490866666666666,0.00040998644964058273,0.0,2.8927849305415294
'011',1,0.2509133333333334,0.0004099864496405803,0.5,2.0
