states,flag,Avg0,SD0,frust0,time
'10000001',1,1.0,0.0,0.6122448979591837,16.63868
