states,flag,Avg0,SD0,frust0,time
'100000001',1,1.0,0.0,0.65625,18.64664666666667
