states,flag,Avg0,SD0,frust0,time
'10001',1,0.7357133333333333,0.001146366239713781,0.375,7.133277785083915
'01101',1,0.08719,0.0003749666651850554,1.0,2.2453489235199506
'00111',1,0.08873666666666667,0.0010434664451827017,1.0,2.253380680714953
'01011',1,0.08836,0.0003860915262818718,1.0,2.259920789116466
