states,flag,Avg0,SD0,frust0,time
'11001',1,0.16581333333333334,0.00024944382578493654,0.3333333333333333,2.5387997709512553
'00111',1,0.16705666666666666,0.0006573853934759698,0.3333333333333333,2.5333252840529528
'10101',1,0.16646666666666665,0.0009030442341817411,0.3333333333333333,2.526464950400951
'01101',1,0.16695000000000002,0.001249959999359971,0.3333333333333333,2.528506553330818
'01011',1,0.16621,0.00031822423959634557,0.3333333333333333,2.52982749994335
'10011',1,0.16750333333333334,0.0004431202495435681,0.3333333333333333,2.5303357615891784
