states,flag,Avg0,SD0,frust0,time
'10001',1,0.7330133333333334,0.00222075562715837,0.375,7.156203002169227
'01101',1,0.08915,0.0014106972271421925,0.75,2.2503798425908905
'01011',1,0.08907333333333334,0.0005638754787677497,0.75,2.2532797226173558
'00111',1,0.08876333333333332,0.0010085743513604814,0.75,2.2470870973224066
