states,flag,Avg0,SD0,frust0,time
'011',1,0.4999833333333333,0.0017575424761738948,0.0,2.0
'101',1,0.5000166666666667,0.0017575424761739431,0.0,2.0
