states,flag,Avg0,SD0,frust0,time
'00111',1,0.16651666666666667,0.0016121483251308555,0.8333333333333334,2.5310364402674814
'10001',1,0.4995266666666667,0.0018888503264037457,0.5,5.637169539105344
'01101',1,0.16834000000000002,0.0010294658809305028,0.8333333333333334,2.5334906394000614
'01011',1,0.16561666666666666,0.0004945929864264433,0.8333333333333334,2.532097402766665
