states,flag,Avg0,SD0,frust0,time
'10011',1,0.3216966666666667,0.0013262562179140061,0.0445757035168481,9.185631447436947
'11001',1,0.08214666666666666,0.0003659083066683383,0.12742542400677004,3.1935677559669897
'01100',1,0.3208933333333333,0.001067874316366663,0.0445757035168481,9.180834190565477
'01101',1,0.09615,0.0015076029539194558,0.08510184766319064,3.226148042774604
'10010',1,0.09598,0.0013677962811276644,0.08510184766319064,3.216465521663911
'00110',1,0.08313333333333334,0.001229155084691198,0.12742542400677004,3.2137346079134557
