states,flag,Avg0,SD0,frust0,time
'01011',1,0.22429999999999997,0.003244482495971694,0.16200453122608363,8.834327911154448
'00101',1,0.10366666666666664,0.004030164044083345,0.1436899059324127,4.818221077561115
'00110',1,0.11526666666666667,0.0011841546445554407,0.16130614312278366,4.265143502012565
'11001',1,0.11483333333333333,0.006974875546480305,0.16130614312278366,4.323013831186917
'10100',1,0.22853333333333334,0.004856153027059818,0.16200453122608363,8.70144255120301
'10010',1,0.05503333333333333,0.0015860503004493749,0.16576854650183737,2.404423447061548
'01101',1,0.051833333333333335,0.00312018517968975,0.16576854650183737,2.376945621971505
'11010',1,0.10653333333333333,0.005174510175422937,0.1436899059324127,4.8303754080455015
