states,flag,Avg0,SD0,frust0,time
'11001',1,0.4979,0.002833137248116785,0.11393992915425515,17.018678328597115
'00110',1,0.5021,0.00283313724811676,0.11393992915425515,16.864630129734426
