states,flag,Avg0,SD0,frust0,time
'10001',1,0.10906666666666666,0.0016418147141366332,0.10314187799191803,4.973184735346199
'01001',1,0.38913333333333333,0.0019223827807061764,0.09147927275398356,12.218911741029608
'10110',1,0.3905666666666667,0.006460306150296251,0.09147927275398356,12.1880895308143
'01110',1,0.11123333333333334,0.0033068951533962404,0.10314187799191803,5.093192735555378
