states,flag,Avg0,SD0,frust0,time
'01101',1,0.22513333333333332,0.0030944394574067137,0.1626802530456381,7.965070287054875
'10101',1,0.07466666666666667,0.0033688111981660367,0.20692702649689237,3.0226256836147276
'11001',1,0.1492666666666667,0.004680693206020763,0.18379640521156268,6.84002379823936
'11000',1,0.048600000000000004,0.0027067816067549034,0.19141024755444916,2.2587484678738003
'10010',1,0.2238,0.003261901286060008,0.1626802530456381,7.888416887431856
'00110',1,0.1485,0.0014165686240583898,0.18379640521156268,7.215431012962409
'01010',1,0.07853333333333333,0.0006548960901462795,0.20692702649689237,2.971174419553846
'00111',1,0.0515,0.0006976149845485452,0.19141024755444916,2.2612169853478163
