states,flag,Avg0,SD0,frust0,time
'00011',1,0.12366666666666666,0.00093926685357369,0.09808232126490353,4.910422642120298
'11000',1,0.1703,0.001151810169544732,0.12673578675082006,5.709547309440292
'11100',1,0.12510000000000002,0.002426245384677049,0.09808232126490353,5.006433182895735
'01001',1,0.13876666666666668,0.0029465610840812783,0.12580921567743034,4.376675225711569
'00111',1,0.1708333333333333,0.004460443425888902,0.12673578675082006,5.739013783153225
'10100',1,0.06953333333333334,0.0037853518844209034,0.15155440505609963,2.5490564672522438
'10110',1,0.13383333333333333,0.001506283137025998,0.12580921567743034,4.380814180182761
'01011',1,0.06796666666666666,0.001774510887227486,0.15155440505609963,2.636101894759467
