states,flag,Avg0,SD0,frust0,time
'01010',1,0.49973666666666666,0.00018553226733434563,0.07946474366475526,9.779326724188152
'10101',1,0.5002633333333333,0.00018553226733432137,0.07946474366475526,9.763374006366389
