states,flag,Avg0,SD0,frust0,time
'11010',1,0.053520000000000005,0.0003256787783486475,0.2037246305666297,2.4111864382342283
'10110',1,0.18760999999999997,0.0006351377803280174,0.12301647151552193,8.476439719957824
'11001',1,0.06844666666666667,0.0008270563597616701,0.1650433944966276,3.097355597896802
'00101',1,0.05261,0.0006941661664664065,0.2037246305666297,2.3966581525958692
'01011',1,0.14681666666666668,0.0015306933795578399,0.1685585952711819,6.696841141932338
'00110',1,0.06897666666666667,0.0006510674994874907,0.1650433944966276,3.1301992168829567
'10100',1,0.14761333333333335,0.00039550249331985176,0.1685585952711819,6.736054861538864
'01001',1,0.18707,0.001073405794655496,0.12301647151552193,8.52115029945611
'01010',1,0.043820000000000005,0.0002160246899469263,0.18247788097022485,2.3435555249606175
'10101',1,0.04351666666666667,0.00032724438710066297,0.18247788097022485,2.3396059031389833
