states,flag,Avg0,SD0,frust0,time
'11010',1,0.15606666666666666,0.005021509290597351,0.11331661441999877,6.2863832789794465
'01011',1,0.21503333333333333,0.003376717669901085,0.15545762149033218,7.322667763108207
'00101',1,0.15903333333333333,0.003549021774454985,0.11331661441999877,6.41840926674373
'10010',1,0.0726,0.0022992752481307394,0.15218730701925426,3.020206796050123
'11001',1,0.0532,0.0002449489742783163,0.20759853043637017,2.4223569320276113
'10100',1,0.21876666666666666,0.0020368821489936194,0.15545762149033218,7.339257160312698
'01101',1,0.07453333333333333,0.0029948103260288247,0.15218730701925426,2.9811096225390266
'00110',1,0.05076666666666666,0.001517307556898805,0.20759853043637017,2.4110669086362293
