states,flag,Avg0,SD0,frust0,time
'11010',1,0.06343333333333333,0.0024553795814270542,0.13889539790995373,2.8502791076597007
'01010',1,0.2043,0.00326904675198546,0.12234594204216834,9.30267451797691
'00101',1,0.06066666666666667,0.0024004629183185123,0.13889539790995373,2.801141070500585
'11100',1,0.17800000000000002,0.004224531532213562,0.12315298868294171,6.237371910938191
'00011',1,0.1796333333333333,0.0038177945931591926,0.12315298868294171,6.203611415006364
'01101',1,0.05229999999999999,0.001845715759987618,0.1534142715188217,2.9159573302522372
'10101',1,0.20826666666666668,0.001956754682858563,0.12234594204216834,9.315058967450009
'10010',1,0.0534,0.0009416297927883704,0.1534142715188217,2.8835127936932725
