states,flag,Avg0,SD0,frust0,time
'11100',1,0.08231666666666666,0.00025037749277618534,0.14355126961624973,3.2136562430935
'10011',1,0.06016,0.0002885596414377236,0.13384958993662482,2.783963945430592
'10010',1,0.09651666666666668,0.0002922708028904364,0.1591991600854442,4.9504452387908024
'01100',1,0.05919,0.0005903106526793031,0.13384958993662482,2.7487621490346625
'01001',1,0.07020666666666667,0.0006741579109443791,0.1774739352312026,3.2115506086619416
'10001',1,0.11864000000000001,0.0002871701005792007,0.19443490317637618,5.499256236140894
'11000',1,0.07049,0.0005671566509057879,0.18138988294820507,3.1899014951286264
'00111',1,0.07048,0.0007193052203341758,0.18138988294820507,3.205412218580619
'10110',1,0.07043333333333333,0.0008448405503735972,0.1774739352312026,3.2211887119973697
'00011',1,0.08334333333333332,0.0006207701310111134,0.14355126961624973,3.199174202627234
'01110',1,0.12104999999999999,0.00040232656718972617,0.19443490317637618,5.448759512955591
'01101',1,0.09717333333333333,0.0008331599819695829,0.1591991600854442,4.970307623635038
