states,flag,Avg0,SD0,frust0,time
'01010',1,0.28659999999999997,0.003252691193458127,0.14442640033132584,10.972777642758421
'10100',1,0.05563333333333333,0.0013097921802925645,0.13055675598747882,2.5627301610385103
'10101',1,0.2937666666666667,0.0034296096311711866,0.14442640033132584,10.943809374330492
'11100',1,0.1507666666666667,0.0040892813821284246,0.15004468767955653,5.128395918279743
'00011',1,0.15713333333333332,0.002530261295246456,0.15004468767955653,5.017317856750155
'01011',1,0.056100000000000004,0.0015577761927397223,0.13055675598747882,2.5221643209234124
