states,flag,Avg0,SD0,frust0,time
'10001',1,0.09655666666666667,0.0005786382481501031,0.13307967035824478,5.109745782723059
'00011',1,0.22445,0.0009080748867797274,0.11034809309122093,8.755801991190417
'00111',1,0.13467666666666667,0.00012970050972229658,0.11747617169390512,6.558907552013642
'11100',1,0.22604333333333335,0.0010099944994349617,0.11034809309122093,8.766524962002
'01110',1,0.09669333333333334,0.0005487764167268446,0.13307967035824478,5.14573587447648
'11000',1,0.13434,0.0006280658139611321,0.11747617169390512,6.495465596375756
'11001',1,0.043006666666666665,0.00029397656747132394,0.15388648517332604,2.332851888633288
'00110',1,0.044233333333333326,0.00037615008824788145,0.15388648517332604,2.3387700056394594
