states,flag,Avg0,SD0,frust0,time
'11100',1,0.08379666666666667,0.0002615764175575119,0.20546991570221212,5.192339976958698
'10101',1,0.10481333333333333,0.0018707277253043075,0.16756485677462574,4.771925233034487
'11010',1,0.16521333333333335,0.0018753903297417536,0.13900771140618765,5.740084792607415
'11001',1,0.10151,0.0005452216674588994,0.15354473216228776,4.760361195152776
'01010',1,0.10468999999999999,0.00041665333311999444,0.16756485677462574,4.757509990232838
'00011',1,0.08444666666666667,0.0002739018477889904,0.20546991570221212,5.240494833601242
'00101',1,0.16654666666666665,0.0009141237455739952,0.13900771140618765,5.718481755044389
'00110',1,0.10104,0.00023280893453645686,0.15354473216228776,4.77018752676221
'10110',1,0.04368333333333333,0.0005105117258420434,0.1929744254783708,2.3529120943662805
'01001',1,0.04426,0.0004699645376692438,0.1929744254783708,2.3344580277182945
