states,flag,Avg0,SD0,frust0,time
'00101',1,0.30833333333333335,0.000740870359029749,0.14648759766328978,13.908971899456246
'11100',1,0.13416666666666668,0.004106363625182529,0.19019898047343312,6.484578310084612
'01001',1,0.056833333333333326,0.00305650490302604,0.17057987615484066,2.5536270307934834
'11010',1,0.30866666666666664,0.00016996731711976616,0.14648759766328978,14.22561936712554
'00011',1,0.13396666666666668,0.0028546258754675504,0.19019898047343312,6.5457996316911435
'10110',1,0.058033333333333326,0.0029397656747132475,0.17057987615484066,2.499906233029904
