states,flag,Avg0,SD0,frust0,time
'01001',1,0.4991299999999999,0.001642213952768231,0.12835881400678884,16.479677954165684
'10110',1,0.5008699999999999,0.0016422139527682144,0.12835881400678884,16.381758311935837
