states,flag,Avg0,SD0,frust0,time
'10100',1,0.50088,0.0008290154803540614,0.13224887605813873,34.98336184301798
'01011',1,0.49912,0.0008290154803540584,0.13224887605813873,34.77967916689308
