states,flag,Avg0,SD0,frust0,time
'01100',1,0.11566666666666665,0.0013199326582148919,0.11907671424938208,5.387463449194567
'00111',1,0.0628,0.0013140268896284695,0.16365209218112622,2.930123269831215
'10010',1,0.14816666666666664,0.002900957696271275,0.1070822649610872,5.666706396528217
'10011',1,0.11496666666666666,0.001892675942210454,0.11907671424938208,5.378976770976827
'01010',1,0.17429999999999998,0.0017682382946499875,0.12252226618449963,6.6081795939618795
'10101',1,0.17253333333333334,0.0003858612300930122,0.12252226618449963,6.499998837462293
'01101',1,0.1471,0.0005887840577551815,0.1070822649610872,5.608434444411948
'11000',1,0.06446666666666667,0.0010143416036468619,0.16365209218112622,2.8218305461703057
