states,flag,Avg0,SD0,frust0,time
'01001',1,0.19790333333333332,0.0013668780324358062,0.14406643364407315,7.466168570005944
'11000',1,0.06985000000000001,0.00029676028485406766,0.16830198871736882,2.6883462314544637
'10110',1,0.19796333333333335,0.0006949500381722131,0.14406643364407315,7.494534953128913
'00111',1,0.06992333333333334,0.0007979278719839869,0.16830198871736882,2.698440381606504
'01110',1,0.09526000000000001,0.0010613513398807519,0.154034890510373,3.264830532658691
'10001',1,0.09620666666666666,0.0009906339160131502,0.154034890510373,3.2646779523977045
'10101',1,0.06964333333333333,0.000757730529644646,0.16833556732539492,2.682530878753379
'01010',1,0.07012333333333333,0.0008513649171901674,0.16833556732539492,2.688305718908032
'01101',1,0.06622666666666667,0.0005394029621308696,0.18458643567135527,2.59533548814668
'10010',1,0.0669,0.0005920022522479659,0.18458643567135527,2.599462424603931
