states,flag,Avg0,SD0,frust0,time
'11100',1,0.49839666666666665,0.0016387461331423044,0.10448452843649474,12.055180914200387
'00011',1,0.5016033333333333,0.001638746133142343,0.10448452843649474,12.002451136550158
