states,flag,Avg0,SD0,frust0,time
'11100',1,0.2343666666666667,0.006159184650224056,0.12118682982235168,8.064491974812228
'00110',1,0.1065,0.0012083045973594554,0.11620572441108569,3.9233748442237597
'10010',1,0.06046666666666667,0.0034412530017745337,0.17207792658903692,2.761984974681365
'11001',1,0.1047,0.0018402898322456352,0.11620572441108569,3.937660814789002
'00011',1,0.22853333333333334,0.0036536131279719343,0.12118682982235168,8.153292726820226
'10100',1,0.1068,0.0012083045973594593,0.13346804504661594,4.708172003750396
'01101',1,0.057566666666666676,0.0017518244457961191,0.17207792658903692,2.762817934622183
'01011',1,0.10106666666666668,0.001040299102288486,0.13346804504661594,4.582927359636408
