states,flag,Avg0,SD0,frust0,time
'01101',1,0.24873333333333333,0.004421412544525657,0.14443705066704463,9.654176953396354
'11001',1,0.17643333333333333,0.0012283683848458879,0.18080668696768826,8.494030203249393
'00111',1,0.0701,0.00035590260840104743,0.19176595486456005,2.9534698347084913
'00110',1,0.1772,0.004010818702792072,0.18080668696768826,8.670683814828445
'10010',1,0.2527,0.0019304576314093595,0.14443705066704463,9.597260604505758
'11000',1,0.07483333333333332,0.0005906681715556488,0.19176595486456005,2.8719697339960972
