states,flag,Avg0,SD0,frust0,time
'10100',1,0.08953,0.0002687005768508886,0.13338872869181637,3.5681222849095895
'11000',1,0.13019666666666665,0.0005001555313655432,0.11461912534887043,6.203560914714237
'00110',1,0.19047999999999998,0.0007850265388295269,0.11542948472715675,7.037189998497017
'11001',1,0.19232666666666667,0.0004706260605713335,0.11542948472715675,7.026412020518602
'00111',1,0.1297533333333333,0.0004166799997866746,0.11461912534887043,6.186174760139487
'01011',1,0.08943333333333332,0.000664195419703835,0.13338872869181637,3.579440183673832
'11010',1,0.08916666666666667,0.0007840209747761161,0.11332029613946817,3.544659349575422
'00101',1,0.08911333333333334,0.0004926346403663533,0.11332029613946817,3.5416480065626246
