states,flag,Avg0,SD0,frust0,time
'01011',1,0.19476666666666667,0.00269485105752104,0.13656358201248556,6.980400482998491
'11000',1,0.15123333333333333,0.0021359359124801095,0.10707881299633859,4.987078915974895
'10100',1,0.19186666666666666,0.004312256434345658,0.13656358201248556,6.839167140557408
'11001',1,0.07503333333333333,0.0004109609335312656,0.14734604853089775,3.164216524729106
'00110',1,0.07640000000000001,0.0023338094752285744,0.14734604853089775,3.127187935515328
'00111',1,0.15209999999999999,0.0021648710508172728,0.10707881299633859,5.018186845737659
'01101',1,0.07986666666666666,0.0021234144411510694,0.1552064021384706,3.0409189424618037
'10010',1,0.07873333333333334,0.001189771219838316,0.1552064021384706,3.086997162881172
