states,flag,Avg0,SD0,frust0,time
'10001',1,0.31577666666666665,0.0015467025857898232,0.11920571965706443,9.368220359541647
'01110',1,0.3141833333333333,0.0013421955479321491,0.11920571965706443,9.358038306381134
'11100',1,0.05042,0.0007353910524340089,0.24218909185731732,2.260289253205206
'00011',1,0.05025666666666667,0.00014704496666742065,0.24218909185731732,2.2649072868006823
'10100',1,0.04432666666666666,0.0003196178273431481,0.21475614836834184,2.3539035117763785
'01010',1,0.0502,0.0008656789243131654,0.17359436007681853,2.2481831046989473
'10010',1,0.040383333333333334,0.00045842726310239677,0.2481189947006711,2.1615984932793015
'01101',1,0.04015,0.00023366642891095902,0.2481189947006711,2.1618677221784295
'01011',1,0.04376333333333334,0.0008218001919904582,0.21475614836834184,2.3388777544806216
'10101',1,0.050539999999999995,0.0007109149034870482,0.17359436007681853,2.254714494984199
