states,flag,Avg0,SD0,frust0,time
'00110',1,0.17783333333333332,0.0006549469868283572,0.14078200965386364,8.756503294802757
'01011',1,0.17095666666666665,0.0011704510051922573,0.15851347630245974,9.065276339193023
'00011',1,0.15089,0.001539545387443968,0.11989851563558517,7.476488871285869
'10100',1,0.17096,0.0009998999949995021,0.15851347630245974,9.103958472234241
'11100',1,0.15126333333333333,0.0005965083588871411,0.11989851563558517,7.471233723380213
'11001',1,0.17809666666666668,0.00017461067804943977,0.14078200965386364,8.855279669443506
