states,flag,Avg0,SD0,frust0,time
'00110',1,0.07854333333333334,0.000787922726047563,0.15586945267585062,4.323225155317506
'01100',1,0.15585333333333334,0.0007970501169242037,0.13526274269732336,5.587114039778265
'11001',1,0.07715666666666667,0.001305816049662263,0.15586945267585062,4.314925037578721
'11010',1,0.18442666666666666,0.0021615786412301093,0.14401367425664807,5.950129633527635
'10011',1,0.15750333333333333,0.00021483844059095735,0.13526274269732336,5.586395973319842
'00101',1,0.18327000000000002,0.0006081666438293592,0.14401367425664807,5.95699553205322
'01011',1,0.08124333333333335,0.0005441405047309837,0.1347563188534156,4.462278904302065
'10100',1,0.08200333333333333,0.0004994886273869394,0.1347563188534156,4.469749695839194
