states,flag,Avg0,SD0,frust0,time
'10001',1,0.3458666666666666,0.0038861577711438995,0.16106363929085862,34.24993196159982
'01110',1,0.3455,0.006335613624582857,0.16106363929085862,33.786876089719584
'00101',1,0.0598,0.003253715824509981,0.16298592163026204,2.6318136421529847
'10010',1,0.09506666666666667,0.0025104227178350275,0.1355372342732244,5.015116352769301
'01101',1,0.09533333333333334,0.0004027681991198176,0.1355372342732244,5.002804609903722
'11010',1,0.05843333333333334,0.0003299831645537204,0.16298592163026204,2.800686286893183
