states,flag,Avg0,SD0,frust0,time
'11100',1,0.09646666666666666,0.0001247219128924683,0.10109011397971013,3.8121461563000345
'10100',1,0.19863333333333333,0.0034451253807211203,0.12770493505628036,8.039519380063458
'10010',1,0.1283,0.0013638181696985841,0.12456511200162869,5.758641923203133
'00110',1,0.07546666666666667,0.0015434449203720316,0.16898506536498586,3.7716168039697453
'01011',1,0.19616666666666668,0.005213017893270229,0.12770493505628036,8.049380420151891
'00011',1,0.09843333333333333,0.001265789169736504,0.10109011397971013,3.8017170496782366
'01101',1,0.1267,0.002092844953645631,0.12456511200162869,5.779653190953553
'11001',1,0.07983333333333333,0.0026195843605851346,0.16898506536498586,3.7305410621831157
