states,flag,Avg0,SD0,frust0,time
'10001',1,0.2491,0.004259107887809368,0.17721640232597674,11.664579277592507
'11100',1,0.1980333333333333,0.0013888444437333116,0.1230105106275181,7.032370440740372
'01110',1,0.24536666666666665,0.0029948103260288273,0.17721640232597674,11.591326082537677
'10011',1,0.054933333333333334,0.0022881336402307364,0.15935284559466958,2.524105249911701
'00011',1,0.19486666666666666,0.004755581516024668,0.1230105106275181,7.072384571032764
'01100',1,0.0577,0.0008640987597877148,0.15935284559466958,2.5318511037244376
