states,flag,Avg0,SD0,frust0,time
'11100',1,0.05018333333333334,0.0005046671070011295,0.1349158248204186,2.7882178236596373
'00011',1,0.049833333333333334,0.00040957973040124413,0.1349158248204186,2.7721381638416673
'10100',1,0.049383333333333335,0.0009176176884859114,0.09921907166501834,2.7847028449276308
'01100',1,0.08082,0.00015121728296285384,0.1409389042602979,4.176853930604662
'10110',1,0.14783333333333334,0.00036233808644536614,0.0652419187794347,5.883261450959658
'01001',1,0.14734333333333335,0.0009618154131063202,0.0652419187794347,5.8773517557699435
'10101',1,0.043583333333333335,0.000493716067751048,0.17809082453256977,2.333752071992904
'01010',1,0.043776666666666665,0.0004812714641678056,0.17809082453256977,2.3459121131345984
'11001',1,0.06848333333333333,0.00036353205574688493,0.08685384735497141,3.1483765972230997
'01011',1,0.049960000000000004,0.00038505410875183226,0.09921907166501834,2.8105444977433613
'11000',1,0.05930333333333334,0.0006726233881023019,0.11194241735211703,2.7510056969488925
'00110',1,0.06852333333333334,0.0007238937920870842,0.08685384735497141,3.1570246729227787
'10011',1,0.08165333333333334,0.0005873291713813944,0.1409389042602979,4.211112735811621
'00111',1,0.059320000000000005,0.0006309252464964978,0.11194241735211703,2.756325775289836
