states,flag,Avg0,SD0,frust0,time
'11010',1,0.1371,0.002483277404291892,0.14391438429016634,5.0956986657445915
'11001',1,0.20609999999999998,0.0014306175822583304,0.12551122435887133,6.1602943410763595
'10100',1,0.06746666666666666,0.00278846831711525,0.18328824558884815,4.444308859854543
'00101',1,0.13956666666666664,0.0013424687043734908,0.14391438429016634,5.098340788525737
'00110',1,0.20956666666666668,0.005066447363674953,0.12551122435887133,6.230765566427668
'01011',1,0.069,0.0018184242262647757,0.18328824558884815,4.7504458958288565
'11100',1,0.08613333333333333,0.0035046001515468524,0.18531112367259442,4.380235543229389
'00011',1,0.08506666666666668,0.000833999733546454,0.18531112367259442,4.4171558158133655
