states,flag,Avg0,SD0,frust0,time
'11000',1,0.3356333333333333,0.007157435915807346,0.1710647426276166,10.136069147070229
'00111',1,0.34073333333333333,0.003660904563386228,0.1710647426276166,10.16181437033086
'01011',1,0.16086666666666663,0.0020677416559027784,0.16281414636297403,5.540227044307289
'10100',1,0.16276666666666664,0.0040835714216302735,0.16281414636297403,5.4734661631596735
