states,flag,Avg0,SD0,frust0,time
'10100',1,0.10568999999999999,0.0004907137658554147,0.125999257475263,5.34980300271754
'00110',1,0.39363333333333334,0.001603108092286835,0.12403298619146265,14.292515339858634
'11001',1,0.3940966666666667,0.0017409831194535692,0.12403298619146265,14.26803380989829
'01011',1,0.10658,0.00035327043465311676,0.125999257475263,5.303152777500724
