states,flag,Avg0,SD0,frust0,time
'10110',1,0.0489,0.002060744202143162,0.20540009360324657,2.236373205312727
'01100',1,0.25266666666666665,0.004623370583844169,0.18657318464781739,10.175923081391458
'11000',1,0.11516666666666668,0.0006236095644623241,0.1562609665284601,5.485890635468292
'11010',1,0.08073333333333334,0.0022095751225568723,0.1528964373740048,3.092147525829141
'10011',1,0.25876666666666664,0.001442990721460877,0.18657318464781739,10.201149381386148
'00111',1,0.11613333333333332,0.0029634814361190484,0.1562609665284601,5.3132389751895746
'01001',1,0.04826666666666667,0.0015965240019770724,0.20540009360324657,2.26562340807167
'00101',1,0.07936666666666665,0.0009428090415820576,0.1528964373740048,3.079578466058582
