states,flag,Avg0,SD0,frust0,time
'10101',1,0.23427666666666666,0.0015511357845856746,0.12065261036417224,9.614096293021737
'01010',1,0.23326333333333335,0.002024999314128819,0.12065261036417224,9.669516925430457
'00101',1,0.12535,0.0010993028093599494,0.10906336167992521,5.4104694747507915
'10001',1,0.08132333333333332,0.0005243620462576961,0.13763444411469858,4.452067746713943
'01001',1,0.059666666666666666,0.0010068542871515998,0.1359725714800258,2.779476461657358
'01110',1,0.08228,0.0005486954224947243,0.13763444411469858,4.461821266777492
'11010',1,0.12436666666666667,0.001414551361936207,0.10906336167992521,5.4615835263437615
'10110',1,0.05947333333333333,0.0003817794593159181,0.1359725714800258,2.7842699494166694
