states,flag,Avg0,SD0,frust0,time
'10001',1,0.19370999999999997,0.001138097828249695,0.07770676079129947,6.445796392225745
'11010',1,0.15333666666666668,0.0004491720778894785,0.1431759602676086,7.691877856830882
'00101',1,0.15299,0.0006738446903156999,0.1431759602676086,7.659098080874366
'01110',1,0.1928966666666667,0.001667139932805744,0.07770676079129947,6.451879615326827
'10110',1,0.04045666666666667,0.00026144895401503506,0.14881325431309653,2.166729002088786
'10010',1,0.11190333333333334,0.0008960034722154933,0.1265836889200778,6.183822349109911
'01101',1,0.11386666666666667,0.00011440668201153324,0.1265836889200778,6.15853631343317
'01001',1,0.040839999999999994,0.00047518417482067,0.14881325431309653,2.166025123722958
