states,flag,Avg0,SD0,frust0,time
'10011',1,0.3975,0.006635259351876652,0.1336510228338474,13.669034907072762
'10001',1,0.05726666666666667,0.0013424687043734867,0.136964075080213,2.4906387279893205
'01100',1,0.40650000000000003,0.005990548110704631,0.1336510228338474,13.812971319363408
'01110',1,0.0567,0.0024166091947189147,0.136964075080213,2.5293740004526986
'00110',1,0.041466666666666666,0.0021853044537445032,0.17145738997408025,2.1959862378160335
'11001',1,0.04056666666666667,0.001774510887227488,0.17145738997408025,2.13920043128921
