states,flag,Avg0,SD0,frust0,time
'1001',1,0.8329033333333333,0.0008290690897359052,0.2857142857142857,5.373661685374818
'0111',1,0.16709666666666667,0.0008290690897359231,0.42857142857142855,2.0
