states,flag,Avg0,SD0,frust0,time
'1001',1,0.8338566666666667,0.0015020948335204402,0.2857142857142857,5.383631326180956
'0111',1,0.16614333333333334,0.001502094833520467,0.42857142857142855,2.0
