states,flag,Avg0,SD0,frust0,time
'10100001',1,0.16543333333333332,0.0011492702998956489,0.6046511627906976,10.88718732975787
'10000101',1,0.16607666666666668,0.00041651997417757337,0.6046511627906976,10.976447517307994
'10000011',1,0.16469999999999999,0.0008924498118475085,0.6046511627906976,10.949111580801334
'10001001',1,0.16560333333333335,0.0012096923392150387,0.6046511627906976,10.954949950513429
'10010001',1,0.16368000000000002,0.0011489415418839517,0.6046511627906976,10.89117970081908
'11000001',1,0.16549,0.0005739337940912735,0.6046511627906976,10.916084745499397
'10000001',1,0.009016666666666668,0.0001470449666674182,0.6976744186046512,2.0
