states,flag,Avg0,SD0,frust0,time
'100000011',1,0.14228,0.0001790716802475052,0.6491228070175439,13.370988994090695
'100010001',1,0.14162,0.0009637772910100436,0.6491228070175439,13.348881176139692
'100000101',1,0.14112999999999998,0.00042237424163886684,0.6491228070175439,13.359320732942507
'110000001',1,0.14259666666666668,0.0008097050217345997,0.6491228070175439,13.341233713928448
'100100001',1,0.14217000000000002,0.001212463057856479,0.6491228070175439,13.352421612575824
'100001001',1,0.14322333333333334,0.0008704915597267731,0.6491228070175439,13.356419395978548
'101000001',1,0.14270000000000002,0.0010767853391770537,0.6491228070175439,13.348388146419195
'100000001',1,0.00428,0.00013490737563232044,0.7368421052631579,2.0
