states,flag,Avg0,SD0,frust0,time
'10010001',1,0.16653333333333334,0.0010236318782756966,0.5813953488372093,10.783993208833389
'10100001',1,0.16592333333333334,0.0008775850702670091,0.5813953488372093,10.830364586154724
'11000001',1,0.16591999999999998,0.0015515798400340178,0.5813953488372093,10.842587374947996
'10001001',1,0.16701666666666667,0.001098615290060881,0.5813953488372093,10.828681088147695
'10000101',1,0.16661333333333334,0.00045987921119452043,0.5813953488372093,10.814788167312036
'10000011',1,0.16799333333333333,0.002153049516899756,0.5813953488372093,10.852781338526311
