states,flag,Avg0,SD0,frust0,time
'1001',1,0.8752733333333333,0.0005522278112839962,0.2857142857142857,5.460008796476484
'0111',1,0.12472666666666667,0.0005522278112840385,0.5714285714285714,2.0
