states,flag,Avg0,SD0,frust0,time
'100000011',1,0.14142,0.0005322280213091703,0.6491228070175439,13.71732882756362
'100010001',1,0.14181333333333332,0.000943975046751175,0.6491228070175439,13.729376228901856
'100000101',1,0.14385666666666666,0.0014208526391650171,0.6491228070175439,13.696796033827416
'100001001',1,0.14246666666666666,0.0005631064631922524,0.6491228070175439,13.748068390671298
'110000001',1,0.14147,0.0006934455037468087,0.6491228070175439,13.636990924182458
'100100001',1,0.14290333333333335,0.0023547021514880007,0.6491228070175439,13.715263009022536
'101000001',1,0.14170666666666665,0.0009434098908863675,0.6491228070175439,13.749422062419804
'100000001',1,0.004363333333333334,0.0002798015169524443,0.7368421052631579,2.0
