states,flag,Avg0,SD0,frust0,time
'1000001',1,1.0,0.0,0.6451612903225806,14.581793333333332
