states,flag,Avg0,SD0,frust0,time
'110001',1,0.23964666666666667,0.0011371699765450871,0.47619047619047616,6.857326081541285
'100011',1,0.24102,0.0007065408693062335,0.47619047619047616,6.852654710761132
'100101',1,0.24076333333333333,0.000715650442293974,0.47619047619047616,6.80310310569551
'101001',1,0.24133333333333332,0.0010815215619158411,0.47619047619047616,6.848908411555353
'100001',1,0.03723666666666667,0.0007664782377138224,0.5714285714285714,2.0
