states,flag,Avg0,SD0,frust0,time
'1001',1,0.87561,0.0005401851534427861,0.2857142857142857,5.47466840049604
'0111',1,0.12439,0.0005401851534427799,0.5714285714285714,2.0
