states,flag,Avg0,SD0,frust0,time
'100001001',1,0.14262,0.0005219833969262468,0.631578947368421,13.670885108311573
'110000001',1,0.1429733333333333,0.0008935820549277392,0.631578947368421,13.65797905036795
'100010001',1,0.14343666666666666,0.000490872239544631,0.631578947368421,13.633924848242279
'100100001',1,0.14355333333333334,0.000747677886674619,0.631578947368421,13.667719538332534
'100000011',1,0.14201,0.000445645599103138,0.631578947368421,13.650050737034874
'100000101',1,0.14332,0.0005151698748956437,0.631578947368421,13.724578513226705
'101000001',1,0.14208666666666667,0.0009569511772057887,0.631578947368421,13.66409928980862
