states,flag,Avg0,SD0,frust0,time
'011',1,0.37529999999999997,0.0008251464516476342,0.3333333333333333,2.0
'101',1,0.6246999999999999,0.0008251464516476342,0.0,2.5365789813620254
