states,flag,Avg0,SD0,frust0,time
'1010001',1,0.19524333333333335,0.0009409687679313355,0.5483870967741935,8.909815528865929
'1001001',1,0.19621666666666668,0.0004956028876249792,0.5483870967741935,8.8968258655508
'1100001',1,0.19626333333333335,0.001871493758709579,0.5483870967741935,8.853825751823932
'1000101',1,0.19672333333333336,0.00023795424396765683,0.5483870967741935,8.845840874642027
'1000011',1,0.1973533333333333,0.0013692901648502242,0.5483870967741935,8.822517328368463
'1000001',1,0.018199999999999997,0.0001349073756323198,0.6451612903225806,2.0
