states,flag,Avg0,SD0,frust0,time
'011',1,0.4999233333333333,0.0013990790621770275,0.0,2.0
'101',1,0.5000766666666666,0.0013990790621770477,0.0,2.0
