states,flag,Avg0,SD0,frust0,time
'1100001',1,0.19961333333333334,0.0009289898934984287,0.5161290322580645,8.716239184001074
'1010001',1,0.20006,0.0004576024475459017,0.5161290322580645,8.71513799186924
'1001001',1,0.20004333333333335,0.00023113247764479201,0.5161290322580645,8.727892198227712
'1000101',1,0.20015000000000002,0.0011538052984219915,0.5161290322580645,8.730976778145887
'1000011',1,0.2001333333333333,0.000945386458309811,0.5161290322580645,8.687898126998126
