states,flag,Avg0,SD0,frust0,time
'100100001',1,0.14257,0.0018730901384254493,0.631578947368421,13.344497285620912
'100001001',1,0.14216666666666666,0.0010053965497365885,0.631578947368421,13.289834412618616
'110000001',1,0.14210333333333333,0.0009127735510823877,0.631578947368421,13.320370539933236
'100000101',1,0.14320999999999998,0.0008396824796711312,0.631578947368421,13.305249280052886
'101000001',1,0.14266333333333334,0.00045382326466980014,0.631578947368421,13.30548881657989
'100000011',1,0.14288333333333333,0.0010575548317804712,0.631578947368421,13.236641784312908
'100010001',1,0.14440333333333333,0.0005348104544810476,0.631578947368421,13.343270187075603
