states,flag,Avg0,SD0,frust0,time
'11001',1,0.30770333333333333,0.0006798202376772397,0.38461538461538464,5.264842808387429
'10011',1,0.3054533333333333,0.0009099572639537721,0.38461538461538464,5.247476364900736
'10001',1,0.07830999999999999,0.0008841191473249898,0.46153846153846156,2.0
'10101',1,0.3085333333333333,0.0014013406279543698,0.38461538461538464,5.250376432753441
