states,flag,Avg0,SD0,frust0,time
'10001001',1,0.16530666666666669,0.0007943690717935964,0.6046511627906976,10.962457644347017
'10000101',1,0.16476333333333334,0.0010578069557133586,0.6046511627906976,10.991753702876878
'10100001',1,0.16546,0.0001349073756323175,0.6046511627906976,10.907535407098157
'10010001',1,0.16524666666666668,0.0009547890982946034,0.6046511627906976,10.994922421381427
'11000001',1,0.16489666666666666,0.0007669130039030256,0.6046511627906976,10.979300723121753
'10000011',1,0.16546999999999998,0.0009356637572689555,0.6046511627906976,10.957957978042154
'10000001',1,0.008856666666666667,0.0001697710877099585,0.6976744186046512,2.0
