states,flag,Avg0,SD0,frust0,time
'11000001',1,0.16657333333333332,0.0012578376507147314,0.5813953488372093,10.95697723761446
'10001001',1,0.16773666666666665,0.0012788102109209023,0.5813953488372093,10.925461737052657
'10100001',1,0.16591,0.0015461565250646607,0.5813953488372093,11.004996872733637
'10010001',1,0.16654666666666668,0.0007225110533564286,0.5813953488372093,10.98576377333513
'10000011',1,0.16732666666666665,0.001249275345505904,0.5813953488372093,11.017386233006727
'10000101',1,0.16590666666666667,0.000996939761915885,0.5813953488372093,10.937146073359926
