states,flag,Avg0,SD0,frust0,time
'1101',1,0.4154466666666667,0.0010804114442604393,0.2857142857142857,3.803776950026926
'1011',1,0.4177866666666667,0.00015456030825827065,0.2857142857142857,3.789635190418703
'1001',1,0.16676666666666665,0.000972773811782013,0.2857142857142857,2.0
