states,flag,Avg0,SD0,frust0,time
'1001',1,0.8332433333333333,0.001078435080207566,0.2857142857142857,5.3830136631351
'0111',1,0.16675666666666666,0.0010784350802075318,0.42857142857142855,2.0
