states,flag,Avg0,SD0,frust0,time
'10001',1,1.0,0.0,0.46153846153846156,8.621699999999999
