states,flag,Avg0,SD0,frust0,time
'1101',1,0.41661666666666664,0.00041330645073869317,0.2857142857142857,3.794901728614543
'1011',1,0.4169766666666666,0.0003515995196558583,0.2857142857142857,3.798995923786368
'1001',1,0.16640666666666667,0.000761110300080675,0.2857142857142857,2.0
