states,flag,Avg0,SD0,frust0,time
'1000101',1,0.19646333333333332,0.0015634221723158667,0.5483870967741935,8.865328531863286
'1001001',1,0.19448333333333334,0.0010371220864595658,0.5483870967741935,8.820516856849979
'1010001',1,0.19771000000000002,0.0005769459824512772,0.5483870967741935,8.851997231433854
'1000011',1,0.19694,0.0007610957013849643,0.5483870967741935,8.866796651069876
'1100001',1,0.19600000000000004,0.0007323023055177802,0.5483870967741935,8.860785954492616
'1000001',1,0.018403333333333338,0.00020171487027209733,0.6451612903225806,2.0
