states,flag,Avg0,SD0,frust0,time
'100001',1,0.8372966666666666,0.0005551176051572874,0.5714285714285714,10.579441703513625
'011101',1,0.04000666666666667,0.00016357125528513602,0.7142857142857143,2.1578510242089455
'011011',1,0.041196666666666666,0.000535744549409718,0.7142857142857143,2.1553239150717
'001111',1,0.04071,0.00044639295095987713,0.7142857142857143,2.1648438159014542
'010111',1,0.04079,0.0004877157642179173,0.7142857142857143,2.164764794869854
