states,flag,Avg0,SD0,frust0,time
'10011',1,0.16642666666666667,0.001480570460629583,0.3333333333333333,2.540749394027778
'00111',1,0.16751666666666667,0.0011460754289700505,0.3333333333333333,2.535034104524715
'01011',1,0.16583666666666666,0.0006743062278289364,0.3333333333333333,2.5295465207018624
'11001',1,0.16707333333333332,0.0004575538826800196,0.3333333333333333,2.5311295600696027
'01101',1,0.16800666666666667,0.0010766099056245368,0.3333333333333333,2.531092607334411
'10101',1,0.16513999999999998,0.000726773692424268,0.3333333333333333,2.5354848344945293
