states,flag,Avg0,SD0,frust0,time
'1100001',1,0.20029,0.001632421514192957,0.5161290322580645,8.952108404210339
'1001001',1,0.19934666666666664,0.0011930446578211358,0.5161290322580645,8.986946135041869
'1000101',1,0.19976333333333332,0.0014816507310729057,0.5161290322580645,8.987996858345772
'1000011',1,0.20046666666666665,0.000592077322277712,0.5161290322580645,8.951277647959175
'1010001',1,0.20013333333333336,0.0014695653174398916,0.5161290322580645,8.979317725114276
