states,flag,Avg0,SD0,frust0,time
'1001001',1,0.19983666666666666,0.0012102433180517429,0.5161290322580645,8.84747006223065
'1000101',1,0.19949333333333333,0.0002688659310676756,0.5161290322580645,8.886624347186684
'1000011',1,0.20129333333333332,0.0012105737849833352,0.5161290322580645,8.871458768970268
'1010001',1,0.20007333333333333,0.0007774030843491475,0.5161290322580645,8.842264203851931
'1100001',1,0.19930333333333336,0.001025843826103931,0.5161290322580645,8.902136165898218
