states,flag,Avg0,SD0,frust0,time
'100101',1,0.24051,0.0006953176732017209,0.47619047619047616,6.786057499886219
'110001',1,0.24054333333333333,0.0007595759050651544,0.47619047619047616,6.788120918671301
'101001',1,0.24133000000000002,0.0013694767857348506,0.47619047619047616,6.778685602525589
'100011',1,0.2401633333333333,0.0019035814199088565,0.47619047619047616,6.78428468871336
'100001',1,0.03745333333333333,0.0006790843508398308,0.5714285714285714,2.0
