states,flag,Avg0,SD0,frust0,time
'01101',1,0.1401133333333333,0.0008729006561777521,0.6153846153846154,2.469068503105022
'10001',1,0.5783566666666667,0.0017682822801301113,0.46153846153846156,6.10373942375247
'01011',1,0.14108666666666667,0.000777102881791656,0.6153846153846154,2.4666351292979614
'00111',1,0.14044333333333334,0.0005961170653114624,0.6153846153846154,2.4674414953293344
