states,flag,Avg0,SD0,frust0,time
'100100001',1,0.14299,0.000976353761024491,0.631578947368421,13.578639673979294
'100010001',1,0.14115333333333333,0.0016272949606291065,0.631578947368421,13.512443553782544
'100000101',1,0.14257999999999998,0.0005457105459856918,0.631578947368421,13.608141219936613
'110000001',1,0.14261333333333331,0.0005118159391378458,0.631578947368421,13.576029964186382
'100000011',1,0.14364666666666667,0.0008219218670625192,0.631578947368421,13.48599869006005
'101000001',1,0.1429133333333333,0.0010302534747440618,0.631578947368421,13.52607647927291
'100001001',1,0.14410333333333333,0.0006697926710723435,0.631578947368421,13.55946556290573
