states,flag,Avg0,SD0,frust0,time
'10011',1,0.3073133333333333,0.001028407614821194,0.38461538461538464,5.3831285162774
'10101',1,0.30832333333333334,0.0010659685215281404,0.38461538461538464,5.375065442519286
'11001',1,0.30657666666666666,0.0008222867842520529,0.38461538461538464,5.359291811660495
'10001',1,0.07778666666666667,0.0007670433857061512,0.46153846153846156,2.0
