states,flag,Avg0,SD0,frust0,time
'101',1,0.5011133333333334,0.0010293147666719225,0.0,2.0
'011',1,0.49888666666666664,0.0010293147666719225,0.0,2.0
