states,flag,Avg0,SD0,frust0,time
'1001',1,0.8750133333333334,0.00046226495528958403,0.2857142857142857,5.4559338988861406
'0111',1,0.12498666666666665,0.0004622649552895932,0.5714285714285714,2.0
