states,flag,Avg0,SD0,frust0,time
'011',1,0.50024,0.0007990410919763119,0.0,2.0
'101',1,0.49976000000000004,0.00079904109197627,0.0,2.0
