states,flag,Avg0,SD0,frust0,time
'10001001',1,0.1666,0.0009301971117277627,0.5813953488372093,10.846307223688454
'10000101',1,0.16677333333333333,7.76029781788169e-5,0.5813953488372093,10.824412177658708
'11000001',1,0.16662,0.0013614697940093957,0.5813953488372093,10.82042879575684
'10100001',1,0.16751000000000002,0.0016251358917538793,0.5813953488372093,10.885662803537125
'10000011',1,0.16603333333333334,0.0012691554497206276,0.5813953488372093,10.802424974080731
'10010001',1,0.16646333333333332,0.0009685843048261513,0.5813953488372093,10.82014959336849
