states,flag,Avg0,SD0,frust0,time
'1001',1,0.5003133333333333,0.001177605857473375,0.3333333333333333,3.791789415762805
'0111',1,0.16588,0.0010307602372359183,0.3333333333333333,2.0
'0011',1,0.16609,0.0008708616422830861,0.8333333333333334,2.0
'0101',1,0.16771666666666665,0.0009092243336431929,0.8333333333333334,2.0
