states,flag,Avg0,SD0,frust0,time
'10000011',1,0.16487333333333334,0.0016358959488780315,0.6046511627906976,10.938524627221488
'10010001',1,0.16484666666666667,0.0011533815018842978,0.6046511627906976,10.94431343315756
'10000101',1,0.16458333333333333,0.0004262497963505481,0.6046511627906976,10.89778463942109
'10100001',1,0.16533666666666666,0.0010036046144883003,0.6046511627906976,10.921120868072629
'11000001',1,0.1665,0.001046231331972042,0.6046511627906976,10.942517389851611
'10001001',1,0.16498333333333334,0.0010565772832857839,0.6046511627906976,10.864179715744067
'10000001',1,0.008876666666666666,0.00023170862929310353,0.6976744186046512,2.0
