states,flag,Avg0,SD0,frust0,time
'1100001',1,0.19745,0.0008549074023931851,0.5483870967741935,9.050086669891172
'1010001',1,0.19647,0.0008858893836140027,0.5483870967741935,9.1380582119849
'1001001',1,0.19640666666666665,0.0002458093208611558,0.5483870967741935,9.07656808910958
'1000101',1,0.19626333333333335,0.0009026011793083893,0.5483870967741935,9.118465230075614
'1000011',1,0.1955066666666667,0.00040876507787344853,0.5483870967741935,9.105126983352596
'1000001',1,0.017903333333333337,0.0003445125380721126,0.6451612903225806,2.0
