states,flag,Avg0,SD0,frust0,time
'100011',1,0.24938666666666667,0.0005169998925424384,0.42857142857142855,6.735907552499982
'110001',1,0.25033666666666665,0.0007632095969580593,0.42857142857142855,6.693926152168642
'100101',1,0.24999333333333332,0.0009669654710599685,0.42857142857142855,6.715156970197515
'101001',1,0.25028333333333336,0.0017648670078947975,0.42857142857142855,6.695350208354462
