states,flag,Avg0,SD0,frust0,time
'11001',1,0.3078033333333334,0.0007793301967430301,0.38461538461538464,5.242777275548661
'10011',1,0.30612,0.0007425631286294755,0.38461538461538464,5.24020023942693
'10001',1,0.07861,0.0008161290747588037,0.46153846153846156,2.0
'10101',1,0.30746666666666667,0.000514220013439988,0.38461538461538464,5.257249898101438
