states,flag,Avg0,SD0,frust0,time
'1001',1,0.49887333333333334,0.0021854722347558887,0.3333333333333333,3.8025950049120056
'0101',1,0.16642666666666664,0.0005947735329985415,0.6666666666666666,2.0
'0111',1,0.16821666666666668,0.001863729832590795,0.3333333333333333,2.0
'0011',1,0.16648333333333334,0.0015823259953484784,0.6666666666666666,2.0
