states,flag,Avg0,SD0,frust0,time
'1001',1,0.87492,0.0008987769467448486,0.2857142857142857,5.457749024519924
'0111',1,0.12508,0.0008987769467448548,0.5714285714285714,2.0
