states,flag,Avg0,SD0,frust0,time
'100001001',1,0.14241666666666666,0.0009321063363276886,0.631578947368421,13.300791614524314
'100000101',1,0.14237666666666668,0.001217164281799671,0.631578947368421,13.250970167474144
'101000001',1,0.1422,0.00030626785662227316,0.631578947368421,13.30818405435864
'100000011',1,0.14378666666666665,0.0007519012937584026,0.631578947368421,13.306948995253949
'100100001',1,0.14226666666666665,0.0004619042709864833,0.631578947368421,13.29267767819413
'100010001',1,0.14387333333333333,0.001050914945284445,0.631578947368421,13.270933404608053
'110000001',1,0.14307999999999998,0.0006885249934945463,0.631578947368421,13.335323183071011
