states,flag,Avg0,SD0,frust0,time
'10001',1,0.5001166666666667,0.0008109802025258717,0.5,5.649573186555347
'01011',1,0.16758333333333333,0.0005836856079165273,0.8333333333333334,2.534437679784552
'00111',1,0.16609666666666664,0.00026233989826601436,0.8333333333333334,2.5322357663931676
'01101',1,0.16620333333333334,0.000280158685192671,0.8333333333333334,2.535401990021952
