states,flag,Avg0,SD0,frust0,time
'10011',1,0.33211,0.0005151698748956663,0.3076923076923077,5.078961160318118
'11001',1,0.3331766666666667,0.0009995443406317199,0.3076923076923077,5.078713453051373
'10101',1,0.33471333333333336,0.001403147256071932,0.3076923076923077,5.054756456385174
