states,flag,Avg0,SD0,frust0,time
'001111',1,0.050570000000000004,0.000378505834389204,0.8095238095238095,2.2606503024756055
'011011',1,0.05017666666666667,0.0005928649836926512,0.8095238095238095,2.255802745401006
'100001',1,0.7989033333333334,0.0005200213670823727,0.5714285714285714,10.492473336188649
'011101',1,0.05040333333333333,0.00028394052585395825,0.8095238095238095,2.2485503694541404
'010111',1,0.04994666666666667,0.0002407396011369026,0.8095238095238095,2.254387786867984
