states,flag,Avg0,SD0,frust0,time
'10001',1,0.5779266666666666,0.0009899607175146976,0.46153846153846156,6.109038449635491
'00111',1,0.14042333333333332,0.0006761327943204324,0.7692307692307693,2.479111481130437
'01101',1,0.14078666666666664,0.00040663934334438556,0.7692307692307693,2.4671381951977036
'01011',1,0.14086333333333334,9.285592184789268e-5,0.7692307692307693,2.4733621931254297
