states,flag,Avg0,SD0,frust0,time
'100100001',1,0.14284333333333332,0.0003242769735204153,0.631578947368421,13.289770377245212
'110000001',1,0.14314666666666667,0.00032765157645821204,0.631578947368421,13.328973044780989
'100000011',1,0.14334666666666665,0.0014232669773759515,0.631578947368421,13.359252953212447
'100010001',1,0.14238666666666666,0.001320361903250599,0.631578947368421,13.388179612412772
'101000001',1,0.14262333333333332,0.0006784950667142335,0.631578947368421,13.362392469710253
'100001001',1,0.14265666666666665,0.0012933247422395081,0.631578947368421,13.351301313936075
'100000101',1,0.14299666666666666,0.0019392495684900516,0.631578947368421,13.36129483227458
