states,flag,Avg0,SD0,frust0,time
'011011',1,0.049903333333333334,0.000729261422414638,0.6666666666666666,2.2654257691343846
'100001',1,0.7995366666666666,0.001012269178079061,0.5714285714285714,10.494491418594164
'010111',1,0.05062333333333333,0.0005764450441185934,0.6666666666666666,2.2584773427814007
'001111',1,0.05041333333333333,0.0009637542333096233,0.6666666666666666,2.2728543976423974
'011101',1,0.049523333333333336,0.0002694851057521035,0.6666666666666666,2.2516724164170685
