states,flag,Avg0,SD0,frust0,time
'100011',1,0.23993333333333333,0.0008029252075311171,0.47619047619047616,6.843474308444345
'110001',1,0.24139999999999998,0.0004035674251803224,0.47619047619047616,6.881030020359224
'100101',1,0.24085666666666664,0.0005301781671182731,0.47619047619047616,6.813703827603054
'101001',1,0.23996666666666666,0.0005126618985474004,0.47619047619047616,6.831989703649647
'100001',1,0.03784333333333333,0.0004986871653540799,0.5714285714285714,2.0
