states,flag,Avg0,SD0,frust0,time
'011',1,0.49843666666666664,0.0010598846897448733,0.0,2.0
'101',1,0.5015633333333334,0.0010598846897448499,0.0,2.0
