states,flag,Avg0,SD0,frust0,time
'10011',1,0.14122,0.0016553750833773766,0.4166666666666667,2.4798221900876736
'01011',1,0.16621,0.0011665333257134208,0.4166666666666667,2.5299248202579814
'10001',1,0.07833,0.0004809019304043879,0.5,2.0
'11001',1,0.13928333333333334,0.0010139800567839355,0.4166666666666667,2.467557905263469
'01101',1,0.16761666666666666,0.000347978287956139,0.4166666666666667,2.5305487191647718
'00111',1,0.16776666666666665,0.0015546560891578432,0.4166666666666667,2.5373087822224374
'10101',1,0.13957333333333333,0.0014592768376455816,0.4166666666666667,2.477393337504161
