states,flag,Avg0,SD0,frust0,time
'1001',1,0.8747699999999999,0.0012104819976631758,0.2857142857142857,5.449977622257653
'0111',1,0.12523,0.001210481997663186,0.5714285714285714,2.0
