states,flag,Avg0,SD0,frust0,time
'10100001',1,0.16733333333333333,0.0017335961339237965,0.5813953488372093,10.839468527730693
'10000011',1,0.1661733333333333,0.000802426874480718,0.5813953488372093,10.911626456463779
'10000101',1,0.16592,0.00023423634787681668,0.5813953488372093,10.824917799568938
'10001001',1,0.16684000000000002,0.0004846304433964741,0.5813953488372093,10.856889129929437
'11000001',1,0.16664666666666664,0.0009072424642227084,0.5813953488372093,10.869181439732804
'10010001',1,0.1670866666666667,0.0011755660575040276,0.5813953488372093,10.862348877760795
