states,flag,Avg0,SD0,frust0,time
'1001',1,0.8330133333333333,0.001020892855407593,0.2857142857142857,5.392187153013832
'0111',1,0.1669866666666667,0.0010208928554075712,0.42857142857142855,2.0
