states,flag,Avg0,SD0,frust0,time
'01101',1,0.14065000000000003,0.0006416125518306705,0.46153846153846156,2.471697596118244
'10011',1,0.16640999999999997,0.0008841191473249958,0.38461538461538464,2.8756010559069476
'10101',1,0.16571,0.0007034676017178521,0.38461538461538464,2.8725566482910074
'11001',1,0.16727,0.0013973069335928528,0.38461538461538464,2.8790806228303834
'00111',1,0.14121333333333333,0.000649119061155613,0.46153846153846156,2.476980138155135
'10001',1,0.07871,0.00022196095752782178,0.46153846153846156,2.0
'01011',1,0.14003666666666667,0.00014055445761538583,0.46153846153846156,2.4842565707602886
