states,flag,Avg0,SD0,frust0,time
'100001',1,1.0,0.0,0.5714285714285714,11.372326666666666
