states,flag,Avg0,SD0,frust0,time
'100001001',1,0.14194666666666667,0.000209973543306986,0.6491228070175439,13.293427237753953
'100010001',1,0.1424,0.0006397395303298656,0.6491228070175439,13.478558069928708
'100000101',1,0.14203000000000002,0.000820284503490509,0.6491228070175439,13.400837098117726
'101000001',1,0.14237333333333335,0.0006851925925525552,0.6491228070175439,13.320646429669514
'110000001',1,0.1424966666666667,0.0010930182472808454,0.6491228070175439,13.307648239070204
'100100001',1,0.1418,0.0002913188402192145,0.6491228070175439,13.27002575391469
'100000011',1,0.14268,0.0015336448958825693,0.6491228070175439,13.43939608770228
'100000001',1,0.004273333333333333,0.00015755069730795287,0.7368421052631579,2.0
