states,flag,Avg0,SD0,frust0,time
'100001',1,0.8379099999999999,0.0010171528891960904,0.5714285714285714,10.562104428594445
'001111',1,0.04065,0.0005608921464952066,0.9047619047619048,2.1631929537185255
'011101',1,0.04058666666666667,0.0007164883499091636,0.9047619047619048,2.157593993108866
'010111',1,0.04053333333333333,2.4944382578491928e-5,0.9047619047619048,2.1600320353197113
'011011',1,0.04032,0.0002776088375154269,0.9047619047619048,2.1608817419315742
