states,flag,Avg0,SD0,frust0,time
'100001',1,0.7993266666666666,0.0009026750368888014,0.5714285714285714,10.506726299295883
'011101',1,0.04956,0.0002458997085534397,0.7142857142857143,2.262335475931938
'001111',1,0.05024666666666666,0.00029272664533466655,0.7142857142857143,2.2636576664155865
'011011',1,0.05001666666666666,9.843215373489097e-5,0.7142857142857143,2.2601726584606205
'010111',1,0.050850000000000006,0.000595986577030054,0.7142857142857143,2.26274300916062
