states,flag,Avg0,SD0,frust0,time
'001',0,0.1666,0.0011224972160321848,0.3290282889055637,1000.0
'010',0,0.16706666666666667,0.0019482185594936648,0.33395232660311525,1000.0
'101',0,0.16433333333333333,0.0018660713336371183,0.33395232660311525,1000.0
'100',0,0.16383333333333336,0.0016213848676020423,0.37997161533956153,1000.0
'011',0,0.16976666666666665,0.003249957264676285,0.37997161533956153,1000.0
'110',0,0.1684,0.0005715476066494051,0.3290282889055637,1000.0
