states,flag,Avg0,SD0,frust0,time
'110',1,0.49923333333333336,0.002075786330258706,0.2344657752029742,3.8770748464111335
'001',1,0.5007666666666667,0.0020757863302587006,0.2344657752029742,3.7951354308605922
