states,flag,Avg0,SD0,frust0,time
'101',0,0.12513666666666667,0.0007744819056777419,0.22628377364553812,1000.0
'001',0,0.12423333333333335,0.0005024163833139021,0.28603831364100596,1000.0
'011',0,0.24964333333333333,0.0023611484964360346,0.23550172220563825,1000.0
'110',0,0.12595333333333333,0.0015410025596633173,0.28603831364100596,1000.0
'100',0,0.24953,0.0005283937925449089,0.23550172220563825,1000.0
'010',0,0.12550333333333333,0.001758357819734711,0.22628377364553812,1000.0
