states,flag,Avg0,SD0,frust0,time
'010',0,0.16526666666666667,0.0017307673314329484,0.35792447686270074,1000.0
'100',0,0.0837,0.001003327796219493,0.39362360020796644,1000.0
'101',0,0.16516666666666666,0.00047842333648023854,0.35792447686270074,1000.0
'001',0,0.24566666666666667,0.0013072447700751637,0.3164277980771088,1000.0
'110',0,0.2546,0.0034535006394478406,0.3164277980771088,1000.0
'011',0,0.08560000000000001,0.0026280537792569346,0.39362360020796644,1000.0
