states,flag,Avg0,SD0,frust0,time
'100',0,0.2529666666666666,0.001798765008430945,0.1661574544268834,1000.0
'110',0,0.08303333333333333,0.0032097074979228596,0.25928400955147474,1000.0
'011',0,0.24566666666666667,0.003171049598406744,0.1661574544268834,1000.0
'000',0,0.0833,0.002275961335348205,0.392792507011877,1000.0
'001',0,0.08413333333333334,0.0008055363982396352,0.25928400955147474,1000.0
'111',0,0.0799,0.0015937377450509233,0.392792507011877,1000.0
'010',0,0.08566666666666667,0.001744196726926818,0.22302471525922282,1000.0
'101',0,0.08533333333333333,0.0010208928554075697,0.22302471525922282,1000.0
