states,flag,Avg0,SD0,frust0,time
'100',0,0.1688333333333333,0.0035036488915922447,0.3946491288991967,1000.0
'010',0,0.16603333333333334,0.0027980151695244384,0.45238435855544284,1000.0
'011',0,0.16626666666666665,0.0025302612952464542,0.3946491288991967,1000.0
'101',0,0.16766666666666663,0.0034988887124660357,0.45238435855544284,1000.0
'001',0,0.16466666666666666,0.002714569742866974,0.3771669852076854,1000.0
'110',0,0.16653333333333334,0.0010656244908763878,0.3771669852076854,1000.0
