states,flag,Avg0,SD0,frust0,time
'110',1,0.4928333333333333,0.000601849002842262,0.21744427772763775,3.75420732297842
'001',1,0.5071666666666667,0.0006018490028422446,0.21744427772763775,3.7937658310186144
