states,flag,Avg0,SD0,frust0,time
'010',0,0.25131333333333333,0.0005492014404771815,0.22364084284571126,1000.0
'110',0,0.16645666666666667,0.0009315697624022705,0.22392549435829112,1000.0
'001',0,0.16525333333333334,0.0012489017397519866,0.22392549435829112,1000.0
'100',0,0.08438666666666667,0.0008535937102756889,0.19288739995336762,1000.0
'011',0,0.08268333333333333,0.0006760834925428157,0.19288739995336762,1000.0
'101',0,0.24990666666666664,0.0017927694280699344,0.22364084284571126,1000.0
