states,flag,Avg0,SD0,frust0,time
'011',1,0.4964,0.00503388517946127,0.14490202547565628,3.834312453153346
'100',1,0.5035999999999999,0.005033885179461322,0.14490202547565628,3.805552969932196
