states,flag,Avg0,SD0,frust0,time
'001',0,0.16813333333333333,0.0024944382578492965,0.2339120880088109,1000.0
'111',0,0.08026666666666667,0.0022291004663067327,0.41143148154291265,1000.0
'010',0,0.08203333333333333,0.003579882058889029,0.3061238866325133,1000.0
'000',0,0.08476666666666666,0.0025849994627121725,0.41143148154291265,1000.0
'110',0,0.16333333333333333,0.0028193773938387325,0.2339120880088109,1000.0
'100',0,0.17026666666666668,0.005210459565996929,0.21939444118981946,1000.0
'011',0,0.16419999999999998,0.0030430248109405934,0.21939444118981946,1000.0
'101',0,0.08700000000000001,0.0008602325267042642,0.3061238866325133,1000.0
