states,flag,Avg0,SD0,frust0,time
'011',0,0.08566666666666667,0.0009809292646374773,0.23156120449075537,1000.0
'110',0,0.16773333333333332,0.0033068951533962443,0.22370688301852246,1000.0
'100',0,0.08286666666666666,0.0019258475767539034,0.23156120449075537,1000.0
'101',0,0.24743333333333337,0.004970133018564227,0.20332740246697315,1000.0
'010',0,0.24726666666666666,0.0028311756490114696,0.20332740246697315,1000.0
'001',0,0.16903333333333334,0.0037508517551202787,0.22370688301852246,1000.0
