states,flag,Avg0,SD0,frust0,time
'100',0,0.24939666666666663,0.000998743655243367,0.22922471618335477,1000.0
'001',0,0.2501466666666667,0.0011851957175457906,0.2642623121634396,1000.0
'110',0,0.25088000000000005,0.001159770092159066,0.2642623121634396,1000.0
'011',0,0.24957666666666664,0.0010941460394095325,0.22922471618335477,1000.0
