states,flag,Avg0,SD0,frust0,time
'110',0,0.16396666666666668,0.001968643074697786,0.33032237580566587,1000.0
'001',0,0.16663333333333333,0.0031846855766656554,0.33032237580566587,1000.0
'011',0,0.17003333333333334,0.002041785710815131,0.2519509913832956,1000.0
'100',0,0.16779999999999998,0.005588082557252235,0.2519509913832956,1000.0
'101',0,0.12066666666666666,0.0014383632673594284,0.3442041550676788,1000.0
'111',0,0.0431,0.0010984838035522713,0.4686232413137087,1000.0
'010',0,0.12546666666666664,0.005149325737954005,0.3442041550676788,1000.0
'000',0,0.042333333333333334,0.0020677416559027753,0.4686232413137087,1000.0
