states,flag,Avg0,SD0,frust0,time
'100',1,0.49798666666666663,0.0005235986588557657,0.09018253049739633,3.8058793606620593
'011',1,0.5020133333333333,0.0005235986588557875,0.09018253049739633,3.783111932413391
