states,flag,Avg0,SD0,frust0,time
'110',0,0.16773000000000002,0.0003967366884975438,0.3063773681226054,1000.0
'010',0,0.25065333333333334,0.000847755205757477,0.37320500120461486,1000.0
'011',0,0.08291333333333334,0.00020981473309141438,0.38092582641184003,1000.0
'101',0,0.24913666666666667,0.00020336065390226784,0.37320500120461486,1000.0
'100',0,0.0835,0.0009895790350783829,0.38092582641184003,1000.0
'001',0,0.16606666666666667,0.0006764778061564304,0.3063773681226054,1000.0
