states,flag,Avg0,SD0,frust0,time
'011',0,0.08296333333333333,0.0006973441681758632,0.3618323809004385,1000.0
'100',0,0.08302666666666668,0.001088924035713953,0.3618323809004385,1000.0
'110',0,0.2492966666666667,0.0004571165667043285,0.27865434886613516,1000.0
'010',0,0.1683066666666667,0.00013816254517375116,0.37901036435525953,1000.0
'001',0,0.25017666666666666,0.00028569603116288434,0.27865434886613516,1000.0
'101',0,0.16623,0.0005448547206977907,0.37901036435525953,1000.0
