states,flag,Avg0,SD0,frust0,time
'111',0,0.05656666666666666,0.0013123346456686365,0.5567951956112288,1000.0
'110',0,0.16413333333333333,0.0013274871834493174,0.3514520003200298,1000.0
'101',0,0.10883333333333334,0.0022866763848189997,0.40658913776347705,1000.0
'011',0,0.16493333333333335,0.0012283683848458866,0.3242657762484629,1000.0
'001',0,0.1698666666666667,0.000967241208569792,0.3514520003200298,1000.0
'100',0,0.1643,0.00037416573867739744,0.3242657762484629,1000.0
'000',0,0.05756666666666666,0.0007408703590297621,0.5567951956112288,1000.0
'010',0,0.11380000000000001,0.003317629675938331,0.40658913776347705,1000.0
