states,flag,Avg0,SD0,frust0,time
'001',0,0.08003333333333333,0.0014727148022916374,0.3126262192054793,1000.0
'011',0,0.2503666666666666,0.005771385352659171,0.300147761012288,1000.0
'100',0,0.25123333333333336,0.004403281604540972,0.300147761012288,1000.0
'010',0,0.1686,0.003269046751985449,0.2841314140429673,1000.0
'101',0,0.16720000000000002,0.0006164414002968988,0.2841314140429673,1000.0
'110',0,0.08256666666666666,0.0009533566430716717,0.3126262192054793,1000.0
