states,flag,Avg0,SD0,frust0,time
'010',0,0.164,0.0020461345670963757,0.3305510774410487,1000.0
'111',0,0.057133333333333335,0.0018372685039360881,0.48254869933243466,1000.0
'101',0,0.16526666666666667,0.0037383894333730917,0.3305510774410487,1000.0
'001',0,0.16413333333333333,0.004030991055421592,0.32286568575205293,1000.0
'011',0,0.1092,0.0017146428199482267,0.3356933406180577,1000.0
'110',0,0.16913333333333333,0.0003299831645537251,0.32286568575205293,1000.0
'100',0,0.1125,0.0015121728296284987,0.3356933406180577,1000.0
'000',0,0.058633333333333336,0.0007133644853010899,0.48254869933243466,1000.0
