states,flag,Avg0,SD0,frust0,time
'000',0,0.04139333333333334,0.00034883934538536423,0.3545458112782419,1000.0
'001',0,0.16783,0.0010859404526338849,0.30180306579908134,1000.0
'100',0,0.16797000000000004,0.0003302524287066937,0.23822985804289243,1000.0
'110',0,0.16562333333333332,0.0007391135832122672,0.30180306579908134,1000.0
'011',0,0.16766666666666666,0.0003809053542402537,0.23822985804289243,1000.0
'101',0,0.12371,0.0003112341026729957,0.21805379757919047,1000.0
'010',0,0.12472666666666667,0.0004349201714746734,0.21805379757919047,1000.0
'111',0,0.04108,0.0006229499712389988,0.3545458112782419,1000.0
