states,flag,Avg0,SD0,frust0,time
'001',0,0.1701666666666667,0.002166923061752667,0.3937124963315575,1000.0
'110',0,0.16893333333333335,0.004314574782705195,0.3937124963315575,1000.0
'010',0,0.24483333333333335,0.0022528993664954447,0.35604210693356436,1000.0
'101',0,0.24876666666666666,0.0006599663291074408,0.35604210693356436,1000.0
'011',0,0.0821,0.0031187604375242863,0.3657483875676506,1000.0
'100',0,0.0852,0.0037797707161502095,0.3657483875676506,1000.0
