states,flag,Avg0,SD0,frust0,time
'001',0,0.08263333333333334,0.0006995395310885249,0.3067518021176297,1000.0
'100',0,0.16544999999999999,0.00010801234497346529,0.3347955791164546,1000.0
'110',0,0.08356999999999999,0.0005062278801751909,0.3067518021176297,1000.0
'011',0,0.16582666666666668,0.0005044028372463981,0.3347955791164546,1000.0
'101',0,0.25109333333333334,0.0009805553981743534,0.22782615077773302,1000.0
'010',0,0.2514266666666667,0.000930424037140547,0.22782615077773302,1000.0
