states,flag,Avg0,SD0,frust0,time
'110',0,0.08363333333333334,0.000524933858267452,0.37759067341239505,1000.0
'010',0,0.25056666666666666,0.000837987005998422,0.3164390013792768,1000.0
'001',0,0.08123333333333334,0.0022291004663067293,0.37759067341239505,1000.0
'101',0,0.25329999999999997,0.005697367813297637,0.3164390013792768,1000.0
'011',0,0.16803333333333334,0.0014267289706021862,0.32872920560851504,1000.0
'100',0,0.16323333333333334,0.0031940917679713302,0.32872920560851504,1000.0
