states,flag,Avg0,SD0,frust0,time
'011',0,0.24953333333333336,0.0008038380157441885,0.2799933421064976,1000.0
'001',0,0.16718,0.0016283324803818993,0.2843324642684539,1000.0
'110',0,0.16709333333333332,0.0007768454729795906,0.2843324642684539,1000.0
'100',0,0.24949,0.0012248265183282011,0.2799933421064976,1000.0
'101',0,0.08346333333333333,0.0007319532468372261,0.24770803564992278,1000.0
'010',0,0.08324,0.001238089926728532,0.24770803564992278,1000.0
