states,flag,Avg0,SD0,frust0,time
'001',0,0.24643333333333337,0.0016739839372652927,0.269266818922911,1000.0
'010',0,0.16903333333333334,0.0030641293851416973,0.356112719216235,1000.0
'110',0,0.2518333333333333,0.0031626290048347642,0.269266818922911,1000.0
'101',0,0.16676666666666665,0.003100895927882069,0.356112719216235,1000.0
'011',0,0.08423333333333333,0.0006649979114419996,0.32611223084028873,1000.0
'100',0,0.0817,0.004465422712353223,0.32611223084028873,1000.0
