states,flag,Avg0,SD0,frust0,time
'101',0,0.25118999999999997,0.0010555567251455441,0.28086643850598986,1000.0
'110',0,0.12594333333333332,0.00041603952803656705,0.24912479549582045,1000.0
'100',0,0.12458333333333334,0.00101739318303638,0.24046662149767176,1000.0
'010',0,0.2504566666666667,0.00098716203780782,0.28086643850598986,1000.0
'001',0,0.12284666666666666,0.0009034870717884652,0.24912479549582045,1000.0
'011',0,0.12498,0.0005635601121442115,0.24046662149767176,1000.0
