states,flag,Avg0,SD0,frust0,time
'101',0,0.25039,0.0012284407460950914,0.24359573502397927,1000.0
'010',0,0.2513433333333333,0.001327210943629102,0.24359573502397927,1000.0
'100',0,0.16587333333333334,0.0013622611921197585,0.294639306216219,1000.0
'111',0,0.020666666666666667,0.0005700487308604028,0.5497509065973847,1000.0
'011',0,0.16633666666666666,0.0006689461031270639,0.294639306216219,1000.0
'001',0,0.062316666666666666,0.0003561210780369859,0.3780208878307946,1000.0
'110',0,0.06201333333333333,0.0006287730556850821,0.3780208878307946,1000.0
'000',0,0.02106,0.0005553977553669683,0.5497509065973847,1000.0
