states,flag,Avg0,SD0,frust0,time
'010',1,0.49974,0.0019342354217278524,0.22946301613638737,3.7891057568345268
'101',1,0.5002599999999999,0.0019342354217278268,0.22946301613638737,3.799355703708272
