states,flag,Avg0,SD0,frust0,time
'100',0,0.12203333333333333,0.0017969109295924743,0.3686771112012004,1000.0
'010',0,0.12023333333333334,0.004505058884804455,0.377891787759976,1000.0
'011',0,0.12660000000000002,0.001608311744241981,0.3686771112012004,1000.0
'001',0,0.168,0.003909816704996117,0.27204092179849476,1000.0
'101',0,0.13063333333333332,0.0017987650084309334,0.377891787759976,1000.0
'110',0,0.1668666666666667,0.0008013876853447572,0.27204092179849476,1000.0
'000',0,0.08183333333333333,0.0011897712198383208,0.5331907389686587,1000.0
'111',0,0.0838,0.004384062043356593,0.5331907389686587,1000.0
