states,flag,Avg0,SD0,frust0,time
'101',0,0.2473,0.0021954498400100155,0.29477861358657986,1000.0
'010',0,0.2501333333333333,0.0028429249413627206,0.29477861358657986,1000.0
'011',0,0.08090000000000001,0.001845715759987618,0.3648143604125932,1000.0
'110',0,0.1724,0.0013490737563231934,0.33204040874643953,1000.0
'001',0,0.1657,0.0018055470085267726,0.33204040874643953,1000.0
'100',0,0.08356666666666666,0.0012498888839501776,0.3648143604125932,1000.0
