states,flag,Avg0,SD0,frust0,time
'010',0,0.14020000000000002,0.001930457631409373,0.23856211655892878,1000.0
'111',0,0.027333333333333334,0.0007717224601860163,0.43853066952482833,1000.0
'110',0,0.2506333333333333,0.0018926759422104671,0.19863981207766856,1000.0
'001',0,0.2488,0.0028577380332470547,0.19863981207766856,1000.0
'011',0,0.08333333333333333,0.0023893281249943213,0.25500618099991534,1000.0
'100',0,0.08243333333333332,0.0019871811414385173,0.25500618099991534,1000.0
'101',0,0.14046666666666666,0.0037348211321144758,0.23856211655892878,1000.0
'000',0,0.0268,0.0011518101695447331,0.43853066952482833,1000.0
