states,flag,Avg0,SD0,frust0,time
'101',0,0.2495166666666667,0.002051931339548729,0.24286896047718823,1000.0
'010',0,0.25061333333333335,0.0014577913278502935,0.24286896047718823,1000.0
'110',0,0.25009333333333333,0.0009605669622097571,0.3033342565138427,1000.0
'001',0,0.24977666666666665,0.0008060741625654198,0.3033342565138427,1000.0
