states,flag,Avg0,SD0,frust0,time
'001',0,0.16705,0.00018018509002319284,0.268739038693785,1000.0
'101',0,0.24996333333333334,0.0011145502331533573,0.2239275571925721,1000.0
'010',0,0.25072333333333335,0.00031030450993964717,0.2239275571925721,1000.0
'110',0,0.1665,0.0012750947677199031,0.268739038693785,1000.0
'011',0,0.08281333333333334,0.00157366521923255,0.3221029869996096,1000.0
'100',0,0.08295,0.0011150784725749167,0.3221029869996096,1000.0
