states,flag,Avg0,SD0,frust0,time
'111',0,0.0838,0.00206074420214316,0.5130719110671413,1000.0
'011',0,0.1656,0.0020116328359486096,0.30781523951455103,1000.0
'000',0,0.0821,0.002164871050817269,0.5130719110671413,1000.0
'110',0,0.12596666666666667,0.004626253583864839,0.33975423764058893,1000.0
'001',0,0.1277,0.0021400934559032666,0.33975423764058893,1000.0
'101',0,0.12463333333333333,0.002663748403200942,0.33295690102295317,1000.0
'010',0,0.1223,0.00112249721603218,0.33295690102295317,1000.0
'100',0,0.16789999999999997,0.004454959782833807,0.30781523951455103,1000.0
