states,flag,Avg0,SD0,frust0,time
'001',0,0.16648333333333332,0.0007656950364792078,0.1952008408326484,1000.0
'100',0,0.25101,0.0007778603130811316,0.19297291348363282,1000.0
'011',0,0.2502766666666667,0.00038160479847902965,0.19297291348363282,1000.0
'010',0,0.06252333333333333,0.0009101037791861353,0.2680944950392915,1000.0
'111',0,0.021166666666666667,6.23609564462329e-5,0.30893818453383903,1000.0
'110',0,0.16608,0.00017682382946500368,0.1952008408326484,1000.0
'000',0,0.020583333333333332,0.00019567546828585584,0.30893818453383903,1000.0
'101',0,0.06187666666666667,0.00048403397493243305,0.2680944950392915,1000.0
