states,flag,Avg0,SD0,frust0,time
'110',0,0.11057,0.0007075309180523499,0.22938266165307356,1000.0
'001',0,0.11074,0.0001336662510384229,0.22938266165307356,1000.0
'111',0,0.05476999999999999,0.000298105126870819,0.4363015650768399,1000.0
'100',0,0.16896999999999998,0.0006315589178110461,0.23309366185624564,1000.0
'010',0,0.16754333333333335,0.0017784325183211784,0.24551085938223155,1000.0
'011',0,0.16593999999999998,0.0010900458705944405,0.23309366185624564,1000.0
'101',0,0.16622666666666666,0.0007175111303821272,0.24551085938223155,1000.0
'000',0,0.055240000000000004,0.0003826225293941805,0.4363015650768399,1000.0
