states,flag,Avg0,SD0,frust0,time
'010',0,0.11155999999999999,0.0005838378770400796,0.27424950210847393,1000.0
'001',0,0.16581666666666667,0.001496781732770534,0.2960625167872168,1000.0
'110',0,0.16606,0.0015538983235720458,0.2960625167872168,1000.0
'100',0,0.16825333333333334,0.0007794157355922974,0.26418471481262995,1000.0
'111',0,0.05574666666666667,0.0007040044191780493,0.46673158021030453,1000.0
'101',0,0.11102333333333332,0.0011688836079306118,0.27424950210847393,1000.0
'011',0,0.16663000000000003,0.0005025932749251549,0.26418471481262995,1000.0
'000',0,0.054909999999999994,0.0008881816630997656,0.46673158021030453,1000.0
