states,flag,Avg0,SD0,frust0,time
'011',0,0.08357999999999999,0.0006372336044706565,0.27582242583311417,1000.0
'110',0,0.25014,0.0016450531906294207,0.24256350475395433,1000.0
'001',0,0.25011666666666665,0.001709918776498528,0.24256350475395433,1000.0
'010',0,0.16641333333333333,0.0017346917753755433,0.29191853779796306,1000.0
'101',0,0.16720666666666664,0.0005989620652057689,0.29191853779796306,1000.0
'100',0,0.08254333333333334,0.0005576338902501852,0.27582242583311417,1000.0
