states,flag,Avg0,SD0,frust0,time
'110',0,0.16712000000000002,0.0013104452169650847,0.32786724757004815,1000.0
'010',0,0.16601,0.000784984076271608,0.2955374236627425,1000.0
'001',0,0.16645666666666667,0.00023471022323045922,0.32786724757004815,1000.0
'011',0,0.16631666666666667,0.0014906896241523805,0.348812153159052,1000.0
'101',0,0.16768666666666668,0.0018627816714675792,0.2955374236627425,1000.0
'100',0,0.16641,0.0013533908033774543,0.348812153159052,1000.0
