states,flag,Avg0,SD0,frust0,time
'011',0,0.1258,0.004982636517614613,0.31315745409340123,1000.0
'111',0,0.043166666666666666,0.0006128258770283418,0.5271999410685511,1000.0
'100',0,0.12583333333333332,0.004683540920666273,0.31315745409340123,1000.0
'101',0,0.16673333333333332,0.0023795424396766333,0.39411374877527505,1000.0
'110',0,0.16593333333333335,0.004089281382128436,0.2981927947906611,1000.0
'010',0,0.16633333333333333,0.002366901396810228,0.39411374877527505,1000.0
'001',0,0.16583333333333333,0.0041120419366646585,0.2981927947906611,1000.0
'000',0,0.04036666666666666,0.0010780641085864145,0.5271999410685511,1000.0
