states,flag,Avg0,SD0,frust0,time
'000',0,0.05541666666666666,0.0009176903375080058,0.49802744192416676,1000.0
'101',0,0.11014666666666667,0.000675294174580401,0.28446864005414774,1000.0
'100',0,0.16745666666666667,0.0003805551500403286,0.27491106638773277,1000.0
'010',0,0.11081,0.0011986937334726782,0.28446864005414774,1000.0
'011',0,0.16738,0.001128213927704609,0.27491106638773277,1000.0
'110',0,0.16685000000000003,0.0006445153217728768,0.2607202042564133,1000.0
'001',0,0.1665333333333333,0.0009098473620460853,0.2607202042564133,1000.0
'111',0,0.05540666666666666,0.0011700807189629634,0.49802744192416676,1000.0
