states,flag,Avg0,SD0,frust0,time
'111',0,0.08523333333333334,0.0016213848676020419,0.509240147480007,1000.0
'000',0,0.081,0.001557776192739722,0.509240147480007,1000.0
'011',0,0.1267,0.0027361773821641504,0.3711856558688239,1000.0
'001',0,0.16836666666666666,0.0025590796956892242,0.3096899173915452,1000.0
'110',0,0.166,0.004079215610874238,0.3096899173915452,1000.0
'101',0,0.1265666666666667,0.0016779617264870955,0.36322297718964236,1000.0
'010',0,0.124,0.002192411153654047,0.36322297718964236,1000.0
'100',0,0.12213333333333333,0.002040152499746576,0.3711856558688239,1000.0
