states,flag,Avg0,SD0,frust0,time
'010',0,0.24783333333333332,0.005200213670823757,0.13338960333587238,1000.0
'101',0,0.24796666666666667,0.002839405258539589,0.13338960333587238,1000.0
'110',0,0.16776666666666665,0.0008730533902472614,0.15534069231792869,1000.0
'011',0,0.08206666666666666,0.0023809428571238056,0.19029937819277518,1000.0
'001',0,0.1716,0.0010984838035522707,0.15534069231792869,1000.0
'100',0,0.08276666666666667,0.0003299831645537251,0.19029937819277518,1000.0
