states,flag,Avg0,SD0,frust0,time
'010',0,0.2539666666666666,0.0012283683848458805,0.21582550724384164,1000.0
'101',0,0.24483333333333335,0.003838691906829141,0.21582550724384164,1000.0
'100',0,0.25253333333333333,0.0022514193054357723,0.22055858056448235,1000.0
'011',0,0.24866666666666667,0.002493101593508697,0.22055858056448235,1000.0
