states,flag,Avg0,SD0,frust0,time
'011',0,0.16698666666666664,0.0007144850515503377,0.44391356554438455,1000.0
'101',0,0.12465666666666668,0.0010808124516101536,0.3751719954663046,1000.0
'001',0,0.16612000000000002,0.000316333157709825,0.3699155374115082,1000.0
'110',0,0.16643333333333332,0.00015797327481430483,0.3699155374115082,1000.0
'100',0,0.16534666666666667,0.0005894818817307975,0.44391356554438455,1000.0
'010',0,0.12588666666666667,0.0004866438350808702,0.3751719954663046,1000.0
'111',0,0.04228666666666666,9.030811456095959e-5,0.6470561672416019,1000.0
'000',0,0.04228333333333334,0.0007670868413825279,0.6470561672416019,1000.0
