states,flag,Avg0,SD0,frust0,time
'101',0,0.11196666666666666,0.002185304453744501,0.25835341746689555,1000.0
'010',0,0.109,0.0010801234497346444,0.25835341746689555,1000.0
'110',0,0.16649999999999998,0.0027580186124583446,0.18617744231589603,1000.0
'000',0,0.05533333333333334,0.0010873004286866726,0.4082853617563385,1000.0
'011',0,0.16863333333333333,0.0036334862353148106,0.24123119800479875,1000.0
'001',0,0.16490000000000002,0.001790716802475114,0.18617744231589603,1000.0
'111',0,0.055299999999999995,0.0017107503227141781,0.4082853617563385,1000.0
'100',0,0.16836666666666666,0.002327134623427601,0.24123119800479875,1000.0
