states,flag,Avg0,SD0,frust0,time
'010',0,0.16629333333333332,0.00035264083081168506,0.4019122184703734,1000.0
'110',0,0.16740999999999998,0.00024055491403559344,0.38486901249647565,1000.0
'000',0,0.04214333333333333,0.0002582419193099539,0.5949670326789289,1000.0
'011',0,0.12486666666666667,9.672412085698111e-5,0.4063144148715982,1000.0
'111',0,0.0419,0.00043058100283221876,0.5949670326789289,1000.0
'101',0,0.16666333333333336,0.0008654992136847361,0.4019122184703734,1000.0
'001',0,0.16616,0.000801290625595157,0.38486901249647565,1000.0
'100',0,0.12456333333333335,0.000455802101306648,0.4063144148715982,1000.0
