states,flag,Avg0,SD0,frust0,time
'101',0,0.16956666666666664,0.002896357866163797,0.11446044609250244,1000.0
'001',0,0.06066666666666667,0.0007542472332656494,0.19659875785115968,1000.0
'011',0,0.24886666666666665,0.0022050447211388255,0.11532571860828009,1000.0
'100',0,0.25033333333333335,0.004374420596553959,0.11532571860828009,1000.0
'010',0,0.1656,0.005533534132902763,0.11446044609250244,1000.0
'110',0,0.06316666666666666,0.0010208928554075712,0.19659875785115968,1000.0
'111',0,0.021300000000000003,0.0011224972160321827,0.30423746037344424,1000.0
'000',0,0.0205,0.0012832251036613436,0.30423746037344424,1000.0
