states,flag,Avg0,SD0,frust0,time
'001',0,0.16659,0.001698881985306815,0.309647132973869,1000.0
'010',0,0.16622333333333333,0.00021249836600678682,0.30024279945618726,1000.0
'100',0,0.12581333333333333,0.0011110755549866502,0.28086357158013253,1000.0
'111',0,0.041453333333333335,0.000304667396060395,0.4707108508455337,1000.0
'110',0,0.16727666666666666,0.001005462856377875,0.309647132973869,1000.0
'101',0,0.16696666666666668,0.0015739193823770682,0.30024279945618726,1000.0
'000',0,0.04133333333333333,0.00032724438710066156,0.4707108508455337,1000.0
'011',0,0.12434333333333332,0.0008704149712764728,0.28086357158013253,1000.0
