states,flag,Avg0,SD0,frust0,time
'011',0,0.16949999999999998,0.006428582010573297,0.38146260016218325,1000.0
'101',0,0.16583333333333333,0.002714569742866976,0.3330001617426733,1000.0
'001',0,0.16416666666666668,0.002536839678725384,0.3741827887626374,1000.0
'010',0,0.17103333333333334,0.0062189674026767155,0.3330001617426733,1000.0
'100',0,0.16376666666666664,0.0018803073034894021,0.38146260016218325,1000.0
'110',0,0.1657,0.0011430952132988152,0.3741827887626374,1000.0
