states,flag,Avg0,SD0,frust0,time
'000',0,0.04206666666666667,0.0009177266598624138,0.4539317990914386,1000.0
'001',0,0.16546666666666668,0.002957852073530534,0.32634193650148624,1000.0
'100',0,0.1231,0.002083266665599969,0.2728170699620408,1000.0
'110',0,0.16506666666666667,0.003739280976634709,0.32634193650148624,1000.0
'010',0,0.1698666666666667,0.00044969125210773047,0.2449727698292538,1000.0
'011',0,0.12703333333333333,0.0031584102892999117,0.2728170699620408,1000.0
'101',0,0.16566666666666666,0.0031051927834229915,0.2449727698292538,1000.0
'111',0,0.04173333333333334,0.00023570226039551604,0.4539317990914386,1000.0
