states,flag,Avg0,SD0,frust0,time
'100',0,0.2511666666666667,0.00041899350299922175,0.17495943479916484,1000.0
'101',0,0.2522666666666667,0.0014383632673594284,0.20252032552886173,1000.0
'010',0,0.2474666666666667,0.005375458636763535,0.20252032552886173,1000.0
'011',0,0.2491,0.004143267631552011,0.17495943479916484,1000.0
