states,flag,Avg0,SD0,frust0,time
'010',0,0.16346666666666665,0.0014522013940527986,0.20958712211376318,1000.0
'011',0,0.16496666666666668,0.0038125523675820536,0.19077363407558495,1000.0
'000',0,0.08126666666666667,0.0006847546194724712,0.34039401373504924,1000.0
'110',0,0.08403333333333333,0.0025746628689770007,0.2802005542007742,1000.0
'101',0,0.16773333333333332,0.0011728408057172823,0.20958712211376318,1000.0
'100',0,0.17036666666666667,0.0039364394515292046,0.19077363407558495,1000.0
'111',0,0.08403333333333333,0.003953338954464806,0.34039401373504924,1000.0
'001',0,0.08413333333333334,0.0032887011958454898,0.2802005542007742,1000.0
