states,flag,Avg0,SD0,frust0,time
'100',0,0.12508333333333332,0.0011675996269650325,0.26619044616492077,1000.0
'011',0,0.12544999999999998,0.00027604347483685285,0.26619044616492077,1000.0
'010',0,0.25015333333333334,0.001381022165724446,0.20648713377002853,1000.0
'001',0,0.12416,0.0004130375285612687,0.2754861909584341,1000.0
'110',0,0.12555333333333332,0.0012270651526666756,0.2754861909584341,1000.0
'101',0,0.24960000000000002,0.0004172129751897291,0.20648713377002853,1000.0
