states,flag,Avg0,SD0,frust0,time
'011',0,0.11181333333333333,0.0007305401350294835,0.30943535977165293,1000.0
'000',0,0.05542,0.00048256260388333875,0.5047815204697943,1000.0
'001',0,0.16696999999999998,0.0011963555770199172,0.3179591096016227,1000.0
'100',0,0.11115666666666667,0.00046657141885127266,0.30943535977165293,1000.0
'110',0,0.16574333333333333,0.0005966759775809876,0.3179591096016227,1000.0
'101',0,0.16677666666666668,0.0008438930948618743,0.25578626255825115,1000.0
'111',0,0.055466666666666664,0.0009577171932372434,0.5047815204697943,1000.0
'010',0,0.16665333333333335,0.0010451262549993085,0.25578626255825115,1000.0
