states,flag,Avg0,SD0,frust0,time
'101',0,0.2498933333333333,0.0006572839738060007,0.33083872311155826,1000.0
'100',0,0.16634333333333332,0.0008050810863233289,0.3759799118982053,1000.0
'001',0,0.08362666666666667,0.000493986054683959,0.4335218336622234,1000.0
'011',0,0.16625333333333334,0.0009736643272823674,0.3759799118982053,1000.0
'110',0,0.08318333333333333,0.0010118739491107006,0.4335218336622234,1000.0
'010',0,0.2507,0.0006081118318204293,0.33083872311155826,1000.0
