states,flag,Avg0,SD0,frust0,time
'100',1,0.5004333333333334,0.0006913915115346703,0.20027449149817855,3.7949461442033416
'011',1,0.49956666666666666,0.0006913915115347038,0.20027449149817855,3.7901092579259057
