states,flag,Avg0,SD0,frust0,time
'101',0,0.11246666666666666,0.0029318177903061367,0.2559657438115348,1000.0
'110',0,0.1668333333333333,0.004014418457953217,0.22353876737390208,1000.0
'001',0,0.16419999999999998,0.00310161248385417,0.22353876737390208,1000.0
'010',0,0.11259999999999999,0.0011430952132988168,0.2559657438115348,1000.0
'100',0,0.16546666666666668,0.001239175353029407,0.22909774759220877,1000.0
'000',0,0.055066666666666673,0.0019905331502444823,0.4150279612640111,1000.0
'111',0,0.05676666666666667,0.0008956685895029598,0.4150279612640111,1000.0
'011',0,0.1666,0.004429446918070022,0.22909774759220877,1000.0
