states,flag,Avg0,SD0,frust0,time
'011',1,0.4995,0.002340954221394913,0.1521124556867909,3.8015015787135504
'100',1,0.5005000000000001,0.002340954221394899,0.1521124556867909,3.797120088306633
