states,flag,Avg0,SD0,frust0,time
'010',0,0.16886666666666664,0.004984197249529987,0.3566871319992667,1000.0
'100',0,0.16390000000000002,0.0012192894105447906,0.3524306373990764,1000.0
'011',0,0.1633,0.003960639678974423,0.3524306373990764,1000.0
'110',0,0.16633333333333333,0.0016438437341250505,0.3010452092622674,1000.0
'101',0,0.16843333333333332,0.006478854494087321,0.3566871319992667,1000.0
'001',0,0.16916666666666666,0.0039810663004889585,0.3010452092622674,1000.0
