states,flag,Avg0,SD0,frust0,time
'010',0,0.24959999999999996,0.0014899888142756766,0.2028638131928,1000.0
'110',0,0.12428333333333334,0.000649119061155626,0.2922149302198375,1000.0
'011',0,0.12528,0.0012783061709413285,0.2087681932852119,1000.0
'101',0,0.25053,0.0005530521373855004,0.2028638131928,1000.0
'100',0,0.12452666666666667,0.0006257972692671482,0.2087681932852119,1000.0
'001',0,0.12578,0.0006445153217728782,0.2922149302198375,1000.0
