states,flag,Avg0,SD0,frust0,time
'100',0,0.24802,0.000956068337864332,0.20751873298284612,1000.0
'011',0,0.2504133333333333,0.00036536131279719285,0.20751873298284612,1000.0
'110',0,0.16686333333333334,0.00010274023338281697,0.2449554584088348,1000.0
'010',0,0.06247333333333333,0.0004066393433443897,0.33672750220629877,1000.0
'001',0,0.16745,0.0008858893836140014,0.2449554584088348,1000.0
'000',0,0.021196666666666666,0.00021746008573733433,0.4878622068206833,1000.0
'111',0,0.020813333333333333,0.00014974051630144115,0.4878622068206833,1000.0
'101',0,0.06277,0.0006864886500639831,0.33672750220629877,1000.0
