states,flag,Avg0,SD0,frust0,time
'011',0,0.24994666666666668,0.0005473775865179533,0.272958457767977,1000.0
'001',0,0.12478333333333334,0.001364608205880193,0.32862442629736294,1000.0
'110',0,0.12485333333333333,0.0013332249955986027,0.32862442629736294,1000.0
'101',0,0.12587333333333334,0.0009873308575255907,0.3183496732952762,1000.0
'100',0,0.24963333333333335,0.0010834615308763394,0.272958457767977,1000.0
'010',0,0.12491000000000001,0.001477926475392686,0.3183496732952762,1000.0
