states,flag,Avg0,SD0,frust0,time
'110',0,0.2490666666666667,0.0033826353959926403,0.30872874786983806,1000.0
'001',0,0.24926666666666666,0.0020417857108151393,0.30872874786983806,1000.0
'011',0,0.1668333333333333,0.0010656244908763878,0.313515940129393,1000.0
'100',0,0.1648666666666667,0.0012498888839501782,0.313515940129393,1000.0
'010',0,0.08476666666666667,0.0004784233364802472,0.28100755106974135,1000.0
'101',0,0.08520000000000001,0.0015577761927397218,0.28100755106974135,1000.0
