states,flag,Avg0,SD0,frust0,time
'011',1,0.5000533333333333,0.0008863533280933816,0.1486538747519376,3.7929996402737722
'100',1,0.4999466666666666,0.0008863533280934081,0.1486538747519376,3.794604097463704
