states,flag,Avg0,SD0,frust0,time
'111',0,0.021633333333333334,0.001302134998974975,0.4271339093851181,1000.0
'101',0,0.062200000000000005,0.0026166135875720486,0.3012183983296814,1000.0
'110',0,0.2504,0.003234192325759236,0.24114594229947942,1000.0
'001',0,0.24723333333333333,0.001510702559149952,0.24114594229947942,1000.0
'011',0,0.16519999999999999,0.0033674916480965445,0.23948914965184168,1000.0
'100',0,0.1713,0.0028248893783651024,0.23948914965184168,1000.0
'000',0,0.021066666666666668,0.0002867441755680873,0.4271339093851181,1000.0
'010',0,0.06096666666666667,0.0005185449728701333,0.3012183983296814,1000.0
