states,flag,Avg0,SD0,frust0,time
'110',0,0.2523,0.0010614455552060316,0.28488636756231617,1000.0
'001',0,0.24860000000000002,0.0024752104287649253,0.28488636756231617,1000.0
'011',0,0.16823333333333335,0.0015520595635763745,0.282136473157021,1000.0
'101',0,0.08109999999999999,0.0005354126134736317,0.30344338158568174,1000.0
'100',0,0.16590000000000002,0.0028083209693100727,0.282136473157021,1000.0
'010',0,0.08386666666666669,0.001532608524343023,0.30344338158568174,1000.0
