states,flag,Avg0,SD0,frust0,time
'100',0,0.24924666666666664,0.00024280765135299145,0.3447187902996135,1000.0
'011',0,0.24988000000000002,0.0009668850328072511,0.3447187902996135,1000.0
'010',0,0.16821666666666668,0.0005537949881399107,0.42156365866316176,1000.0
'110',0,0.08280333333333334,0.000618025529857428,0.3704573079406439,1000.0
'101',0,0.16633666666666666,0.0009488706737778037,0.42156365866316176,1000.0
'001',0,0.08351666666666667,0.0005961170653114623,0.3704573079406439,1000.0
