states,flag,Avg0,SD0,frust0,time
'011',0,0.2536,0.002933712096758411,0.2854935460088727,1000.0
'110',0,0.12613333333333335,0.002101322334996596,0.20835587937120778,1000.0
'010',0,0.1256,0.0014352700094407307,0.22981635830047706,1000.0
'101',0,0.12326666666666668,0.0017326921891156037,0.22981635830047706,1000.0
'100',0,0.24803333333333333,0.0017172329163188263,0.2854935460088727,1000.0
'001',0,0.12336666666666667,0.0011841546445554407,0.20835587937120778,1000.0
