states,flag,Avg0,SD0,frust0,time
'001',0,0.16846666666666668,0.003147838764754136,0.389070978600293,1000.0
'101',0,0.1655,0.0021354156504062582,0.35148651463210867,1000.0
'011',0,0.16679999999999998,0.003889301565405631,0.3445084178564852,1000.0
'010',0,0.16566666666666666,0.001960158723731887,0.35148651463210867,1000.0
'100',0,0.16613333333333333,0.0016110727964792704,0.3445084178564852,1000.0
'110',0,0.16743333333333332,0.004870546398734157,0.389070978600293,1000.0
