states,flag,Avg0,SD0,frust0,time
'100',1,0.49983,0.0008465222974027395,0.1454750129678799,3.8021244640263014
'011',1,0.50017,0.0008465222974027395,0.1454750129678799,3.802115659888939
