states,flag,Avg0,SD0,frust0,time
'110',1,0.5008266666666668,0.0010329354072523625,0.1924527175214951,3.8017187935528085
'001',1,0.4991733333333333,0.0010329354072523477,0.1924527175214951,3.8081019277414767
