states,flag,Avg0,SD0,frust0,time
'011',0,0.24996333333333332,0.0009108360018259153,0.2440509482592844,1000.0
'110',0,0.16610000000000003,0.0011727744881263465,0.3260630440165728,1000.0
'100',0,0.25037333333333334,0.0010234690463755513,0.2440509482592844,1000.0
'001',0,0.16713666666666668,0.0006188340290865983,0.3260630440165728,1000.0
'101',0,0.08264666666666666,0.00017987650084309306,0.4008785566331048,1000.0
'010',0,0.08378000000000001,7.87400787401199e-5,0.4008785566331048,1000.0
