states,flag,Avg0,SD0,frust0,time
'001',0,0.16243333333333335,0.002422578974747548,0.3534338714309814,1000.0
'010',0,0.16716666666666666,0.00047842333648023843,0.3953162640190658,1000.0
'101',0,0.16666666666666666,0.0010077477638553941,0.3953162640190658,1000.0
'011',0,0.16686666666666664,0.002638602323621772,0.37385651271428677,1000.0
'110',0,0.16726666666666667,0.0014267289706021734,0.3534338714309814,1000.0
'100',0,0.1696,0.004099593475781059,0.37385651271428677,1000.0
