states,flag,Avg0,SD0,frust0,time
'101',0,0.06212666666666666,0.0002613214283002625,0.26136103520947795,1000.0
'011',0,0.25029,0.00039225841822281574,0.22945389135724037,1000.0
'001',0,0.16722,7.874007874011109e-5,0.17267826642185335,1000.0
'110',0,0.16614666666666666,0.001103489414941926,0.17267826642185335,1000.0
'100',0,0.24976333333333334,0.0011770112809805766,0.22945389135724037,1000.0
'111',0,0.021183333333333332,0.0007271099565326339,0.39432969594741474,1000.0
'010',0,0.06227666666666667,0.0011342055467252028,0.26136103520947795,1000.0
'000',0,0.020993333333333336,3.3993463423952104e-5,0.39432969594741474,1000.0
