states,flag,Avg0,SD0,frust0,time
'100',1,0.50032,0.0006187622052668033,0.1493196857994179,3.805757109992007
'011',1,0.49968000000000007,0.000618762205266829,0.1493196857994179,3.798397196235538
