states,flag,Avg0,SD0,frust0,time
'011001',1,0.4989666666666667,0.0013321744964113573,0.2287626492328638,38.379903129305966
'100110',1,0.5010333333333333,0.0013321744964113823,0.2287626492328638,38.282337396370295
