states,flag,Avg0,SD0,frust0,time
'010110',1,0.5022,0.00506227880175191,0.16460343633620583,39.023683407671356
'101001',1,0.49779999999999996,0.005062278801751917,0.16460343633620583,39.40555636361024
