states,flag,Avg0,SD0,frust0,time
'001110',1,0.5005433333333333,0.0017959274917311223,0.2293926865761447,38.28413136982069
'110001',1,0.49945666666666666,0.001795927491731079,0.2293926865761447,38.24013777172615
