states,flag,Avg0,SD0,frust0,time
'001110',1,0.4994433333333333,0.0005840281576164657,0.21281445674568397,30.94115554057828
'110001',1,0.5005566666666666,0.0005840281576164879,0.21281445674568397,30.778112257048207
