states,flag,Avg0,SD0,frust0,time
'111000',1,0.49972666666666665,0.0019926252923105035,0.22130394475361526,23.07856792400702
'000111',1,0.5002733333333333,0.0019926252923105283,0.22130394475361526,23.09019219152859
