states,flag,Avg0,SD0,frust0,time
'011001',1,0.4993333333333334,0.005423610933276435,0.1901924826419654,24.94030720525103
'100110',1,0.5006666666666667,0.005423610933276404,0.1901924826419654,25.49044151162145
