states,flag,Avg0,SD0,frust0,time
'010011',1,0.49363333333333337,0.002969100125552463,0.22684032698686948,26.524731317079155
'101100',1,0.5063666666666666,0.002969100125552463,0.22684032698686948,25.978147211499106
