states,flag,Avg0,SD0,frust0,time
'0110',1,0.4988266666666667,0.00023697163449568754,0.1640611713141851,7.795798273936939
'1001',1,0.5011733333333334,0.0002369716344956628,0.1640611713141851,7.7451539927927895
