states,flag,Avg0,SD0,frust0,time
'1010',1,0.25017666666666666,0.001684405599083004,0.1236871185153703,3.631599045340962
'0101',1,0.24976333333333334,0.001764583677685915,0.1236871185153703,3.653401274397678
'0110',1,0.24971333333333334,0.0022115504867751827,0.1377618780495562,3.63374497070944
'1001',1,0.25034666666666666,0.0008328398538868159,0.1377618780495562,3.6431663686845592
