states,flag,Avg0,SD0,frust0,time
'0011',1,0.5024333333333334,0.0027956315128349106,0.1300807276046325,7.472368344809354
'1100',1,0.4975666666666667,0.00279563151283489,0.1300807276046325,7.368125114415524
