states,flag,Avg0,SD0,frust0,time
'1010',1,0.49723333333333336,0.005979037455049844,0.15426251120101486,9.935080417168235
'0101',1,0.5027666666666667,0.005979037455049819,0.15426251120101486,10.028431864975971
