states,flag,Avg0,SD0,frust0,time
'1001',1,0.5058666666666666,0.007669130039030225,0.11970410198840421,7.027238470476448
'0110',1,0.4941333333333333,0.007669130039030233,0.11970410198840421,7.073532773683972
