states,flag,Avg0,SD0,frust0,time
'1100',1,0.5008533333333333,0.0013331749905978602,0.09894115506542205,7.3947899324467885
'0011',1,0.4991466666666666,0.0013331749905978296,0.09894115506542205,7.408029156802958
