states,flag,Avg0,SD0,frust0,time
'1001',1,0.25206666666666666,0.006584999789082942,0.17144299181493597,4.247402715837307
'0110',1,0.24756666666666663,0.006419414995845719,0.17144299181493597,4.256593804386848
'0101',1,0.24913333333333335,0.004759084879353278,0.15779049493445088,4.2775384642886065
'1010',1,0.25123333333333336,0.00362613966759264,0.15779049493445088,4.256088372928386
