states,flag,Avg0,SD0,frust0,time
'0101',1,0.15423666666666666,0.0006460306150296297,0.23918064077758092,2.6889369404867103
'0110',1,0.19302666666666668,0.000706462234580798,0.1591571779829494,2.8838727948351277
'1010',1,0.15373,0.00014445299120013222,0.23918064077758092,2.6893060069136765
'0011',1,0.15344,0.0009243736618200853,0.21058092710393775,2.6990615470007806
'1001',1,0.19288333333333332,0.0009309970760187953,0.1591571779829494,2.882393697747258
'1100',1,0.15268333333333337,0.00037967822633850186,0.21058092710393775,2.693566365182201
