states,flag,Avg0,SD0,frust0,time
'0101',1,0.5000333333333332,0.004228737662970134,0.12946750452088254,7.392069854762641
'1010',1,0.4999666666666667,0.004228737662970162,0.12946750452088254,7.392763601626512
