states,flag,Avg0,SD0,frust0,time
'0011',1,0.4999866666666666,0.001146133597021843,0.16821763568384776,10.10112770417493
'1100',1,0.5000133333333333,0.0011461335970218613,0.16821763568384776,10.03615587650052
