states,flag,Avg0,SD0,frust0,time
'0001',1,0.2177933333333333,0.00044887513730310606,0.15148621102740714,4.786883842135491
'1010',1,0.13985333333333333,0.0006703896047987462,0.1298438379878427,2.480504147576513
'0011',1,0.14107666666666666,0.00029147136318266197,0.17164858417533405,2.4724485899442405
'1100',1,0.14141333333333334,0.0005917394321452225,0.17164858417533405,2.479523542753089
'0101',1,0.14123333333333332,0.0005564370784035046,0.1298438379878427,2.4788431730861253
'1110',1,0.21863,0.0004786090958879382,0.15148621102740714,4.761885575997041
