states,flag,Avg0,SD0,frust0,time
'0110',1,0.25075333333333333,0.0012514080957953901,0.15228868240807328,4.299533696170077
'1001',1,0.24920333333333333,0.00149234342190023,0.15228868240807328,4.295349221651071
'0011',1,0.25040666666666667,0.0016402506583514046,0.11397581672308556,4.315424422841585
'1100',1,0.24963666666666665,0.0009951995891388996,0.11397581672308556,4.300674797912396
