states,flag,Avg0,SD0,frust0,time
'1010',1,0.5003266666666667,0.0006978697745440829,0.09646273234117013,10.077061001223411
'0101',1,0.49967333333333325,0.0006978697745440964,0.09646273234117013,10.069397011725401
