states,flag,Avg0,SD0,frust0,time
'1100',1,0.5024666666666667,0.002177863377002525,0.09759383516224651,8.775358863026062
'0011',1,0.4975333333333333,0.002177863377002551,0.09759383516224651,8.755475054583588
