states,flag,Avg0,SD0,frust0,time
'1100',1,0.253,0.0028600699292150125,0.09692057983786383,4.41558830397527
'0011',1,0.2469,0.0022464787260659015,0.09692057983786383,4.2971129243128905
'0101',1,0.2527333333333333,0.0035612107803698213,0.10033575301000969,4.339972558892734
'1010',1,0.24736666666666665,0.004443972197132754,0.10033575301000969,4.327573466112246
