states,flag,Avg0,SD0,frust0,time
'0011',1,0.16748,0.0011978592015202182,0.23923261660952255,2.5387664659064995
'0110',1,0.16583666666666666,0.001113592784140096,0.27397355130460954,2.5360581878290844
'1100',1,0.16736666666666666,0.0005122716293356645,0.23923261660952255,2.526301602418655
'1010',1,0.1670033333333333,0.0006824140157476928,0.21994897509628106,2.530800607190685
'1001',1,0.16669333333333333,0.0008655377262462733,0.27397355130460954,2.5252319592421113
'0101',1,0.16562,0.00037157323190276656,0.21994897509628106,2.532808455115186
