states,flag,Avg0,SD0,frust0,time
'1100',1,0.49909999999999993,0.0031885210782848492,0.11757858837035129,7.06419023348048
'0011',1,0.5009,0.0031885210782848085,0.11757858837035129,7.124009093346907
