states,flag,Avg0,SD0,frust0,time
'1001',1,0.4981,0.0010230672835481866,0.15809197530745223,7.0440057194007695
'0110',1,0.5019,0.0010230672835481649,0.15809197530745223,7.150805151028444
