states,flag,Avg0,SD0,frust0,time
'1100',1,0.5031666666666667,0.008196069518711702,0.1322585993788946,7.052066284035672
'0011',1,0.4968333333333333,0.008196069518711728,0.1322585993788946,7.126468578591495
