states,flag,Avg0,SD0,frust0,time
'1100',1,0.1694,0.0022759613353482075,0.17921841710571673,2.545474084047013
'1010',1,0.16990000000000002,0.0022627416997969517,0.2500763711606742,2.531599338613305
'1001',1,0.1693,0.0024097026095903787,0.16913883727739246,2.5360361085229837
'0011',1,0.16713333333333333,0.0004921607686744376,0.17921841710571673,2.534427599788677
'0101',1,0.16036666666666666,0.0037258854279516146,0.2500763711606742,2.5055087750338925
'0110',1,0.1639,0.002196967607104551,0.16913883727739246,2.5327545520076598
