states,flag,Avg0,SD0,frust0,time
'0101',1,0.25310000000000005,0.0022861904265976305,0.20746036129944614,4.33972569841816
'0110',1,0.2506333333333333,0.0023753362335093274,0.2195810583484312,4.352942276029476
'1010',1,0.24573333333333336,0.0022291004663067228,0.20746036129944614,4.256618585240129
'1001',1,0.25053333333333333,0.0017782638224465633,0.2195810583484312,4.311281989068179
