states,flag,Avg0,SD0,frust0,time
'0011',1,0.49938666666666665,0.0002824102610663406,0.09662476882763939,7.423903638431246
'1100',1,0.5006133333333334,0.00028241026106634544,0.09662476882763939,7.407108975597711
