states,flag,Avg0,SD0,frust0,time
'0101',1,0.24923333333333333,0.002653718564999355,0.14643139523208673,4.3092665018762775
'0011',1,0.24700000000000003,0.004526219909225209,0.15230479912993602,4.2581433461554665
'1100',1,0.25479999999999997,0.00277968823191858,0.15230479912993602,4.3340127145244045
'1010',1,0.24896666666666667,0.006715322446134341,0.14643139523208673,4.262677606856241
