states,flag,Avg0,SD0,frust0,time
'0011',1,0.5005933333333333,0.001119801569723661,0.12217447756960124,7.3006269825961185
'1100',1,0.4994066666666666,0.0011198015697236378,0.12217447756960124,7.304994707460941
