states,flag,Avg0,SD0,frust0,time
'0011',1,0.24836666666666665,0.006758862494697045,0.2243020374330089,4.277835709653957
'0110',1,0.251,0.0032659863237109073,0.244321564389513,4.400787168596921
'1001',1,0.2508666666666666,0.004190730511763098,0.244321564389513,4.30654239797602
'1100',1,0.2497666666666667,0.005193799722318476,0.2243020374330089,4.3151630355720165
