states,flag,Avg0,SD0,frust0,time
'0110',1,0.2502233333333333,0.0006777085574853589,0.17353313593466954,4.105420768031858
'0011',1,0.24896333333333334,0.0010355138284392376,0.12497140474988803,4.090842120814668
'1001',1,0.25062333333333336,0.0009674824144253155,0.17353313593466954,4.094323284098309
'1100',1,0.25018999999999997,0.0008854753902094996,0.12497140474988803,4.1006138734278315
