states,flag,Avg0,SD0,frust0,time
'1010',1,0.5001133333333333,0.0006504528337157835,0.08064591738578658,7.065771233973237
'0101',1,0.49988666666666665,0.000650452833715788,0.08064591738578658,7.066278443206094
