states,flag,Avg0,SD0,frust0,time
'1001',1,0.14004,0.0013535385722862293,0.12106684480060825,2.4735863637225335
'1110',1,0.36006333333333335,0.0008965985104208448,0.08590749215282552,5.396388912648708
'0001',1,0.36032666666666663,0.0017156987562571176,0.08590749215282552,5.3875520855532315
'0110',1,0.13957,0.00025961509971495075,0.12106684480060825,2.4786712589676996
