states,flag,Avg0,SD0,frust0,time
'0110',1,0.2515,0.0006377042156569745,0.2251138486609039,4.34432467484357
'0011',1,0.2514,0.0029743346594938943,0.17318941595710866,4.310142270778236
'1001',1,0.25056666666666666,0.002120272519171909,0.2251138486609039,4.260124345512653
'1100',1,0.24653333333333335,0.00388615777114392,0.17318941595710866,4.311303225037554
