states,flag,Avg0,SD0,frust0,time
'0101',1,0.5044000000000001,0.004368828981164955,0.09253258991702844,7.06772821344552
'1010',1,0.49560000000000004,0.004368828981164933,0.09253258991702844,7.0974637171936985
