states,flag,Avg0,SD0,frust0,time
'0011',1,0.28919999999999996,0.0019335459653186506,0.11009231051889345,4.589466039735959
'1100',1,0.2891333333333333,0.001279435639473732,0.11009231051889345,4.603619507497297
'0110',1,0.2110466666666667,0.0009291334074764942,0.15695014982268224,4.183687267652085
'1001',1,0.21062000000000003,0.00014352700094407558,0.15695014982268224,4.172730960682887
