states,flag,Avg0,SD0,frust0,time
'1001',1,0.2514,0.001614125150042591,0.2430193502385709,4.315232273322042
'0110',1,0.24922666666666668,0.00034759491109943673,0.2430193502385709,4.295910951189625
'1100',1,0.25043666666666664,0.001108281953696296,0.17514394663271848,4.306809550533109
'0011',1,0.24893666666666667,0.0010478655554135813,0.17514394663271848,4.287343698299196
