states,flag,Avg0,SD0,frust0,time
'0101',1,0.49956666666666666,0.0035705586242056136,0.1561685608625026,9.929878712412256
'1010',1,0.5004333333333334,0.0035705586242055845,0.1561685608625026,10.086763230899559
