states,flag,Avg0,SD0,frust0,time
'0011',1,0.5020699999999999,0.0019951106903293827,0.1265970536816595,10.097786922282346
'1100',1,0.49793,0.0019951106903294213,0.1265970536816595,10.048110949491354
