states,flag,Avg0,SD0,frust0,time
'0011',1,0.2516,0.002379075450674079,0.12999726508094275,3.626681141651541
'1001',1,0.25133333333333335,0.002658738213681227,0.14821224266390495,3.657378913907858
'1100',1,0.24816666666666665,0.0042523196284172,0.12999726508094275,3.641024681488544
'0110',1,0.2489,0.0016970562748477233,0.14821224266390495,3.6724037561536425
