states,flag,Avg0,SD0,frust0,time
'0101',1,0.1641,0.0011045361017187182,0.13831646074915738,2.5200001879761227
'1010',1,0.16623333333333334,0.0030291179500896884,0.13831646074915738,2.53094737455315
'0011',1,0.16633333333333333,0.0015456030825826187,0.14176286512487052,2.5430601532008112
'1001',1,0.16623333333333332,0.003566822426505453,0.2065063719772546,2.525859595079906
'1100',1,0.17046666666666668,0.004179579989531109,0.14176286512487052,2.5411577366909506
'0110',1,0.16663333333333333,0.0022125902367034736,0.2065063719772546,2.527135838833505
