states,flag,Avg0,SD0,frust0,time
'1001',1,0.4956666666666667,0.0023753362335093035,0.11105256527932139,10.039232158609193
'0110',1,0.5043333333333333,0.002375336233509329,0.11105256527932139,10.016990051195018
