states,flag,Avg0,SD0,frust0,time
'1001',1,0.49861666666666665,0.0004073764297987213,0.1056961112896367,7.082737326346642
'0110',1,0.5013833333333334,0.0004073764297987382,0.1056961112896367,7.069285207923321
