states,flag,Avg0,SD0,frust0,time
'1010',1,0.4987266666666667,0.00011323525167641415,0.04267279827298482,7.423814799462128
'0101',1,0.5012733333333333,0.00011323525167642014,0.04267279827298482,7.431933797204619
