states,flag,Avg0,SD0,frust0,time
'0101',1,0.2509,0.0017082349565170022,0.1482258556429351,3.6483516593364875
'1010',1,0.24867666666666666,0.0007164883499091645,0.1482258556429351,3.635455846585374
'0110',1,0.2504766666666667,0.0014994739818423807,0.1719138235172176,3.633815598220625
'1001',1,0.24994666666666668,0.0012437666805134957,0.1719138235172176,3.6441262623813877
