states,flag,Avg0,SD0,frust0,time
'1010',1,0.24975666666666665,0.0008899937577808594,0.15039791541219852,4.311849224269966
'0101',1,0.24969666666666668,0.0011518776941247875,0.15039791541219852,4.299585811507687
'1100',1,0.25155666666666665,0.0012139284254939619,0.11439638487856073,4.318489941806321
'0011',1,0.24899000000000002,0.0005374011537017782,0.11439638487856073,4.2856990862332
