states,flag,Avg0,SD0,frust0,time
'1010',1,0.24639999999999998,0.0022861904265976305,0.12782497169213514,4.279061858972746
'0110',1,0.25303333333333333,0.002800396797281105,0.1114534709211789,4.342577272794993
'0101',1,0.2528666666666667,0.002569478978746907,0.12782497169213514,4.267984683705389
'1001',1,0.24769999999999995,0.00224499443206436,0.1114534709211789,4.401683421158768
