states,flag,Avg0,SD0,frust0,time
'1100',1,0.5043666666666666,0.007701659272881134,0.08495102344336607,7.111531915973664
'0011',1,0.4956333333333333,0.007701659272881109,0.08495102344336607,7.1283873537529
