states,flag,Avg0,SD0,frust0,time
'1001',1,0.5036333333333333,0.0021638443156156524,0.15274270174463636,7.091650937150836
'0110',1,0.4963666666666667,0.0021638443156156524,0.15274270174463636,7.077619283633408
