states,flag,Avg0,SD0,frust0,time
'0110',1,0.24723333333333333,0.001713346303452844,0.14245736151886657,4.2666589501976695
'1001',1,0.24863333333333335,0.004502838610871545,0.14245736151886657,4.2919291043039225
'1010',1,0.2536,0.003922584182228175,0.23608584698509552,4.261503434000586
'0101',1,0.25053333333333333,0.004858211833815224,0.23608584698509552,4.294263533689417
