states,flag,Avg0,SD0,frust0,time
'1010',1,0.24643333333333337,0.008155706931686268,0.14297962101650832,3.670673100208902
'0110',1,0.24906666666666666,0.007590051968787086,0.15052318643346663,3.6598132596871866
'1001',1,0.25493333333333335,0.0008956685895029814,0.15052318643346663,3.636612308792485
'0101',1,0.24956666666666663,0.00510968579160098,0.14297962101650832,3.620686534865025
