states,flag,Avg0,SD0,frust0,time
'1100',1,0.4910333333333334,0.0008576453553512367,0.08367283090163398,7.057951892840642
'0011',1,0.5089666666666667,0.0008576453553512367,0.08367283090163398,7.187389946803068
