states,flag,Avg0,SD0,frust0,time
'1010',1,0.2502866666666667,0.0011639396700669467,0.16257523444668123,3.648404308899927
'1100',1,0.24959333333333333,0.0006053832578531474,0.11259345086787846,3.647631932049821
'0101',1,0.2504566666666667,0.0011289031057722433,0.16257523444668123,3.6427585240054117
'0011',1,0.24966333333333335,0.0011249987654314147,0.11259345086787846,3.634165953361137
