states,flag,Avg0,SD0,frust0,time
'1010',1,0.24920333333333333,0.0007589612784735611,0.14838218688745172,4.328245944086098
'1001',1,0.25075333333333333,0.0011074394891921733,0.16377935028068077,4.290430635829336
'0101',1,0.24998666666666666,0.001614193985313474,0.14838218688745172,4.305322004291142
'0110',1,0.25005666666666665,0.0002993697082575646,0.16377935028068077,4.292818482316592
