states,flag,Avg0,SD0,frust0,time
'0011',1,0.25366666666666665,0.005186092513208348,0.12447132627543449,4.207499905757771
'1100',1,0.252,0.002195449840010008,0.12447132627543449,4.329581053169085
'1001',1,0.2477666666666667,0.005292972279877872,0.17000794042735992,4.310242980585599
'0110',1,0.24656666666666668,0.0020981473309141536,0.17000794042735992,4.245529952636061
