states,flag,Avg0,SD0,frust0,time
'1100',1,0.35918999999999995,0.0009525054680507973,0.12084049734762008,6.252715315081036
'0110',1,0.13989333333333334,0.0007523001764957681,0.20703765981943315,2.4725353366204135
'1001',1,0.1415,0.0007990410919762939,0.20703765981943315,2.4710301504390277
'0011',1,0.3594166666666667,0.0007885147782733986,0.12084049734762008,6.27383290251466
