states,flag,Avg0,SD0,frust0,time
'0101',1,0.2449333333333333,0.004737322262863513,0.15733837965509753,3.6427858039086876
'0110',1,0.25,0.003225936556516063,0.15899035224930122,3.647487459875793
'1001',1,0.25276666666666664,0.002266176417571149,0.15899035224930122,3.6601110988001504
'1010',1,0.2523,0.002135415650406264,0.15733837965509753,3.7016975833870127
