states,flag,Avg0,SD0,frust0,time
'1100',1,0.24613333333333334,0.004087650778734518,0.11357488635124995,3.45827854646229
'1010',1,0.2530333333333334,0.0025223445883190126,0.12600218620058853,3.441442074788816
'0011',1,0.2511333333333334,0.00402850951207625,0.11357488635124995,3.4453031241488876
'0101',1,0.24970000000000003,0.0009626352718795745,0.12600218620058853,3.4437772962395816
