states,flag,Avg0,SD0,frust0,time
'0101',1,0.5007699999999999,0.002307249444685152,0.16284003328858618,10.028911616639524
'1010',1,0.49923,0.002307249444685177,0.16284003328858618,10.108281498536515
