states,flag,Avg0,SD0,frust0,time
'0101',1,0.49946666666666667,0.0044100894422776735,0.1888329710775063,7.455225707820941
'1010',1,0.5005333333333333,0.004410089442277674,0.1888329710775063,7.416963901831
