states,flag,Avg0,SD0,frust0,time
'1100',1,0.2516,0.0074569877743407,0.17266236431167972,4.313591584596895
'0011',1,0.25123333333333336,0.0023697163449568183,0.17266236431167972,4.2820692523064645
'0110',1,0.24676666666666666,0.001543444920372036,0.18984809366491326,4.370261474267585
'1001',1,0.2504,0.004737791327893891,0.18984809366491326,4.329695003948949
