states,flag,Avg0,SD0,frust0,time
'1100',1,0.16406666666666667,0.0008259674462242654,0.17322578784446752,2.5318200127127817
'1001',1,0.16783333333333336,0.0032097074979228596,0.20624232325586242,2.5379659802289805
'0110',1,0.1684,0.005024606120549812,0.20624232325586242,2.5218292379467324
'0011',1,0.16803333333333334,0.0010208928554075697,0.17322578784446752,2.5801029774774924
'1010',1,0.16736666666666666,0.0032314427462392476,0.17635657636515215,2.5169236445323877
'0101',1,0.1643,0.0008041558721209811,0.17635657636515215,2.5371712927550494
