states,flag,Avg0,SD0,frust0,time
'0011',1,0.49962666666666666,0.001547348987426207,0.09751259444112381,10.066320338586806
'1100',1,0.5003733333333332,0.0015473489874261845,0.09751259444112381,10.068052234469194
