states,flag,Avg0,SD0,frust0,time
'0110',1,0.49991666666666673,0.0007797577971538576,0.14473127445632328,7.38414820143749
'1001',1,0.5000833333333333,0.0007797577971538579,0.14473127445632328,7.417361384911135
