states,flag,Avg0,SD0,frust0,time
'1100',1,0.25033333333333335,0.002817011813172887,0.19098016034055906,4.343780169884336
'0101',1,0.253,0.0009273618495495879,0.20430721560533674,4.283688823362502
'1010',1,0.24916666666666668,0.0024087802353519685,0.20430721560533674,4.32420790088486
'0011',1,0.24749999999999997,0.00032659863237109976,0.19098016034055906,4.341292221838499
