states,flag,Avg0,SD0,frust0,time
'1011',1,0.4999666666666666,0.0032704060230429283,0.11567167469278973,5.62990053768853
'0100',1,0.5000333333333333,0.003270406023042973,0.11567167469278973,5.690511164136453
