states,flag,Avg0,SD0,frust0,time
'0011',1,0.24850000000000003,0.0014966629547095748,0.17683475151985337,4.331273224238029
'0101',1,0.24936666666666665,0.002269116323349004,0.22908565691231172,4.3127810951830945
'1100',1,0.25,0.0028994252303976824,0.17683475151985337,4.297576496310465
'1010',1,0.2521333333333333,0.0016357125528513737,0.22908565691231172,4.295645174318003
