states,flag,Avg0,SD0,frust0,time
'0011',1,0.49923333333333336,0.0029936970825756785,0.10850481735095907,6.968907475030839
'1100',1,0.5007666666666667,0.0029936970825757045,0.10850481735095907,6.992765072489438
