states,flag,Avg0,SD0,frust0,time
'1010',1,0.24940666666666667,0.0011667999923818334,0.12274842367207354,3.5529344925702575
'0110',1,0.2508266666666667,0.00047674824476748876,0.10425915799179919,3.536448557320007
'1001',1,0.24953333333333336,0.0009767064838299988,0.10425915799179919,3.5415352305176158
'0101',1,0.25023333333333336,0.0003267346867957958,0.12274842367207354,3.541834226140251
