states,flag,Avg0,SD0,frust0,time
'0110',1,0.502,0.005452216674589021,0.09668666733708814,7.004696170703691
'1001',1,0.498,0.005452216674588996,0.09668666733708814,7.0754025566277505
