states,flag,Avg0,SD0,frust0,time
'000110',1,0.022463333333333335,0.00037007506746004285,0.18427146418736964,2.1874810358777936
'110001',1,0.058120000000000005,0.00033025242870668724,0.15637521181278463,3.96424436426272
'001101',1,0.08635666666666665,0.0006509650954971065,0.1870464064624907,7.424038607932299
'001110',1,0.05805,0.00035355339059327414,0.15637521181278463,3.9762249361491726
'111001',1,0.022896666666666666,0.0004464925033587407,0.18427146418736964,2.19562315515606
'010110',1,0.06444333333333334,0.0005933146064460413,0.1678063937461691,5.075802807071653
'101100',1,0.03273666666666667,0.0005983495819520745,0.19611006733498182,3.239654440881305
'110010',1,0.08762999999999999,0.0012313407326974958,0.1870464064624907,7.391082043529664
'011010',1,0.03641333333333333,0.00024239545283597313,0.19028166650844822,2.9674797094521455
'011100',1,0.08116,0.0008001666493091743,0.16806104122153956,5.96692645343636
'000111',1,0.03445666666666666,0.000782744459506989,0.18033818242316227,3.377248623471568
'110100',1,0.035293333333333336,0.00014659088951530673,0.1919573759844135,3.387631834089832
'100011',1,0.08128333333333333,0.0015816095880111767,0.16806104122153956,6.038443502382556
'101001',1,0.06525333333333333,0.0010524996700976025,0.1678063937461691,5.074667065052037
'100110',1,0.04702,0.0008872804892854718,0.17783052753002604,3.7730463201587443
'011001',1,0.04686333333333333,0.00039381326652220455,0.17783052753002604,3.8112349824189216
'010011',1,0.03289333333333333,6.599663291074478e-5,0.19611006733498182,3.223335957833895
'111000',1,0.03430333333333333,0.0003652700675147393,0.18033818242316227,3.3714731596645593
'001011',1,0.035013333333333334,0.00044649250335874183,0.1919573759844135,3.3928704552620683
'100101',1,0.037349999999999994,0.0003441898700814253,0.19028166650844822,2.970156091366331
