states,flag,Avg0,SD0,frust0,time
'111000',1,0.07645,0.0001336662510384229,0.19878907280269867,6.827522712658921
'010011',1,0.17627666666666664,0.0007717656523985852,0.16955263423178962,13.748515767243708
'101010',1,0.06652999999999999,0.00024179881444429225,0.18188391890314037,7.831463083075822
'001111',1,0.052613333333333324,0.000698776708891251,0.22028885858449862,5.667577039576027
'101100',1,0.17659666666666665,0.0007193206671730039,0.16955263423178962,13.765707786858217
'110100',1,0.033576666666666664,0.0005695807424959348,0.21765091028219016,3.2465956176521473
'010101',1,0.06496,0.0014203051315357085,0.18188391890314037,7.840040716901375
'001101',1,0.03877333333333333,0.00010842303978193777,0.1878730267609149,3.0800893369510667
'100101',1,0.03279000000000001,0.00019304576314093804,0.20729804396812546,3.2097033879119015
'000111',1,0.07653333333333333,0.0003184685576665702,0.19878907280269867,6.860727355189913
'110000',1,0.05348,0.0004850429534244024,0.22028885858449862,5.672461268785153
'110010',1,0.03874666666666666,0.0002027039439401444,0.1878730267609149,3.108257017334149
'101110',1,0.023929999999999996,0.00030539591789456946,0.2172842712483161,2.266928894600898
'011010',1,0.032683333333333335,0.0005916267592175152,0.20729804396812546,3.24991831166219
'010001',1,0.023123333333333333,0.000653520381387519,0.2172842712483161,2.2724341080646058
'001011',1,0.03293666666666667,0.0003579882058889041,0.21765091028219016,3.1846671499290125
