states,flag,Avg0,SD0,frust0,time
'100100',1,0.026346666666666668,0.00042468288823021265,0.15203963057726322,2.508445716825694
'011011',1,0.025976666666666665,0.00016519348924485137,0.15203963057726322,2.5136486789742394
'101100',1,0.20672000000000001,0.0017695385462505881,0.10263044333982647,9.97720673102971
'101010',1,0.08901999999999999,0.0009080748867797184,0.1285517530567688,6.220043711286929
'010011',1,0.20609666666666668,0.00042240054713769346,0.10263044333982647,10.040023136851348
'011000',1,0.06324333333333333,0.0008128277116885768,0.15092841919971223,6.055877035579411
'110100',1,0.037649999999999996,0.0003187475490101858,0.1595459710683997,3.9550333135162514
'011001',1,0.04571666666666666,0.00011025223605694122,0.1632388055061915,5.519999468810781
'010101',1,0.08758666666666666,0.0006340522235764319,0.1285517530567688,6.179945806919394
'100111',1,0.06258333333333332,0.0002572072229848051,0.15092841919971223,6.111098680508565
'100110',1,0.045720000000000004,0.0007457881736793646,0.1632388055061915,5.515401529959758
'100101',1,0.032676666666666666,0.0002623398982660133,0.13273009590736662,3.2322599171091624
'001011',1,0.03749666666666667,0.0005285409686633166,0.1595459710683997,3.98093761092902
'011010',1,0.033166666666666664,0.0003403266404826704,0.13273009590736662,3.2190853760441343
