states,flag,Avg0,SD0,frust0,time
'110100',1,0.045823333333333334,0.00029578520735305136,0.2333800357213734,6.20635296018819
'110001',1,0.07550333333333333,0.0006239836180185757,0.15463747434991032,5.7657699412608565
'101001',1,0.13167333333333334,0.00044679102746387664,0.18765419255997984,9.062447792529355
'001110',1,0.07591333333333333,0.0009336071027055301,0.15463747434991032,5.7651426329420765
'011100',1,0.03276333333333334,0.0005301781671182704,0.19775529692233862,3.2432669927563516
'010110',1,0.13201666666666667,0.0004956028876249792,0.18765419255997984,9.07033247856096
'010011',1,0.09638666666666668,0.00017172329163187927,0.18717349795872032,8.792066134004925
'001101',1,0.04643333333333333,0.0006000740695021664,0.20714186315482214,3.73328341492171
'100011',1,0.0332,0.00016872067646458375,0.19775529692233862,3.229202680427065
'001011',1,0.04632666666666666,0.0005468292441175974,0.2333800357213734,6.175735851649325
'110010',1,0.04648,0.0011809318354587604,0.20714186315482214,3.798430608991788
'101010',1,0.04674999999999999,0.000883176086632784,0.19580614379401926,3.7723160079648923
'101100',1,0.09573,0.001543178537953402,0.18717349795872032,8.821057906568548
'001100',1,0.023723333333333336,0.00031982634176829286,0.2045995321180721,2.2758910047190253
'010101',1,0.04727,0.00010801234497346422,0.19580614379401926,3.7765408435444736
'110011',1,0.024006666666666666,0.000572499393497981,0.2045995321180721,2.271211794892525
