states,flag,Avg0,SD0,frust0,time
'101010',1,0.06680666666666667,0.00036371539545211086,0.1591313517192417,5.877693070379614
'001011',1,0.06394666666666667,0.0006236095644623241,0.14918524171920244,3.923182345177761
'001001',1,0.11510666666666668,0.0009522021260682458,0.12591344511235647,10.316106965862826
'100110',1,0.07489333333333333,0.0003013672547278836,0.13073148128260115,6.877013423587335
'010011',1,0.05038666666666667,0.0005370495528554352,0.15525352118258884,3.5838428768225987
'110001',1,0.07333,0.0006248733204951767,0.1442269354792762,5.3309426392032355
'110110',1,0.11535,0.0012078355296424549,0.12591344511235647,10.293839163397928
'101001',1,0.055973333333333326,0.0003796782263385084,0.15201558663063355,5.217833488819121
'010101',1,0.06702999999999999,0.0005894064811316535,0.1591313517192417,5.858162369356787
'001110',1,0.07339333333333332,0.00026233989826601436,0.1442269354792762,5.318869858141526
'011001',1,0.07507,0.0007590783885739326,0.13073148128260115,6.882850565436992
'010110',1,0.05584,0.000370944739819828,0.15201558663063355,5.196305752758032
'110100',1,0.06283333333333334,0.0002478350706058769,0.14918524171920244,3.921843772299337
'101100',1,0.05004,0.00011430952132988022,0.15525352118258884,3.628829430834363
