states,flag,Avg0,SD0,frust0,time
'100110',1,0.13359333333333334,0.0006316292864929165,0.13669891481485427,8.529815796222548
'000111',1,0.09430999999999999,0.0005189091121445736,0.13759914287015937,6.82736828446635
'101010',1,0.04248333333333334,0.00047674824476749684,0.16572235116251235,3.43191343024205
'011001',1,0.13149,0.0006922908829868143,0.13669891481485427,8.464746129108509
'100011',1,0.03661333333333334,0.00020072092289766038,0.19686314178706155,2.961670070174502
'010110',1,0.02885333333333333,0.0006744050876307364,0.17535157358936326,2.7364925515010454
'111000',1,0.09369666666666666,0.0003318969050105077,0.13759914287015937,6.824646586758749
'001101',1,0.04240333333333333,0.0006205553068735193,0.154373984242321,3.469396388355055
'011100',1,0.03677333333333333,0.0008244728955857529,0.19686314178706155,2.979774676175708
'100101',1,0.04424666666666666,0.0005087457343528513,0.1989850833557514,5.256682727437472
'101001',1,0.028616666666666665,0.00011115554667022022,0.17535157358936326,2.7522445504171347
'110010',1,0.04275,0.0005295910371849851,0.154373984242321,3.4141976916316117
'001011',1,0.05550666666666667,0.00034373762603991386,0.17361102267621673,6.749023854606814
'001001',1,0.022896666666666666,0.00023795424396766431,0.16178351934800428,2.1859966874428385
'011010',1,0.04413,0.0002483277404291896,0.1989850833557514,5.251061197759019
'110100',1,0.055736666666666664,0.0006673995971097255,0.17361102267621673,6.774410454860235
'010101',1,0.04268666666666667,0.0003703451843288305,0.16572235116251235,3.440008753618354
'110110',1,0.023213333333333332,0.00039634440691006155,0.16178351934800428,2.2012091233950137
