states,flag,Avg0,SD0,frust0,time
'101001',1,0.1315833333333333,0.0010814907407011019,0.13200288810440963,10.374381531726128
'000111',1,0.035976666666666664,0.00043492017147466936,0.14281286300783053,3.434936660010173
'100101',1,0.11886666666666668,0.0013564741878201076,0.13540534629153142,9.611188442234978
'011010',1,0.11896333333333335,0.0010202722948093575,0.13540534629153142,9.595184341226483
'010101',1,0.03521666666666667,0.00018732028424302646,0.16705572718992545,5.349928510147575
'110010',1,0.047926666666666666,0.0005154501808020711,0.11266340037351164,5.333485918716175
'010110',1,0.13035,0.001418614347406182,0.13200288810440963,10.40799032190819
'110110',1,0.024679999999999997,0.00020607442021431668,0.1232595544399811,2.3639590890010442
'001011',1,0.07522333333333332,0.0005657639869140594,0.12314893581154084,7.296655855574701
'011001',1,0.031459999999999995,0.0001061445555206042,0.13197851238819328,2.9766672032636965
'001101',1,0.047556666666666664,0.0005558377061297258,0.11266340037351164,5.364958123189133
'100110',1,0.03117,0.00010614455552060496,0.13197851238819328,2.982524150464792
'101010',1,0.03578666666666667,0.0004099051380773626,0.16705572718992545,5.261649571271803
'110100',1,0.07436999999999999,0.0003149603149604725,0.12314893581154084,7.263292576366808
'111000',1,0.036283333333333334,0.0003201388587611471,0.14281286300783053,3.4779803058033476
'001001',1,0.024586666666666663,0.0003933050837313061,0.1232595544399811,2.3592490932188532
