states,flag,Avg0,SD0,frust0,time
'011100',1,0.11989333333333334,0.0006392356546863004,0.13049277976914042,10.81882579911895
'101100',1,0.08938666666666667,0.000377211994624891,0.14037507857553144,6.999276374828422
'001011',1,0.09389333333333333,0.0005336873824836241,0.17009862073167709,12.962852618712754
'110100',1,0.09266,0.00046482971792546614,0.17009862073167709,12.9289461544501
'001100',1,0.1033,0.0005374011537017756,0.15706943433313814,10.800559503998118
'000111',1,0.037206666666666666,0.00027764885897278404,0.16519984537240473,2.9795635657565587
'110010',1,0.05743666666666667,0.00021669230617526506,0.15618788556723556,5.124922502093664
'100011',1,0.12011666666666666,0.0008348386404303259,0.13049277976914042,10.981475533577871
'111000',1,0.03647,4.9665548085836705e-5,0.16519984537240473,2.970808447776514
'001101',1,0.05799666666666666,0.00023299976156401683,0.15618788556723556,5.127316684585573
'010011',1,0.08944,0.0009273977931107355,0.14037507857553144,7.000240819717658
'110011',1,0.1022,0.00046783187863447544,0.15706943433313814,10.812454250409703
