states,flag,Avg0,SD0,frust0,time
'011010',1,0.20886666666666667,0.002252899366495432,0.15471233867053524,12.397301022444763
'100011',1,0.06493333333333333,0.0011085526098877283,0.1652693140276654,4.546003599401934
'011001',1,0.22383333333333333,0.0046685710400030875,0.13536551193992105,10.84276538644574
'100110',1,0.22893333333333332,0.001774510887227486,0.13536551193992105,10.96155824408757
'100101',1,0.20809999999999998,0.002566450207322688,0.15471233867053524,12.161789677580119
'011100',1,0.06533333333333334,0.0015084944665312988,0.1652693140276654,4.589255757206039
