states,flag,Avg0,SD0,frust0,time
'100101',1,0.03537666666666667,0.0003966806720216606,0.22050245603182572,2.9366499924555645
'001110',1,0.1317033333333333,0.0005713337222869108,0.1911944893901832,11.577422041762942
'110001',1,0.13177666666666668,0.0006847546194724683,0.1911944893901832,11.464745137472045
'011010',1,0.035783333333333334,0.00032221455929585516,0.22050245603182572,2.9063829526945626
'001101',1,0.09469666666666665,0.0007421290693373774,0.21003137786735165,8.814383569026669
'101100',1,0.05314,0.0005020624131187945,0.20117174628231224,3.7665498025571207
'100110',1,0.05888333333333334,0.00039969432764996225,0.19733775954847377,3.6843789323351115
'011100',1,0.03948000000000001,0.0007518421820213779,0.23006393216578827,3.3000818391535405
'010011',1,0.05481,0.0006555913361233501,0.20117174628231224,3.776365000935909
'001011',1,0.08581666666666665,0.00027182510717166803,0.2198279743864481,9.24328043806799
'110100',1,0.08650333333333333,0.0004457453184149967,0.2198279743864481,9.22519717959289
'100011',1,0.03941,0.00043366653856006246,0.23006393216578827,3.3381889377325322
'110010',1,0.09390333333333334,0.00038964371189873577,0.21003137786735165,8.854698571683995
'011001',1,0.05871666666666667,0.0008322793334505471,0.19733775954847377,3.7192826075605567
