states,flag,Avg0,SD0,frust0,time
'110001',1,0.07956666666666666,0.0003477866523539335,0.13508009946659832,6.959841503179995
'100001',1,0.19149666666666665,0.001121140292539508,0.17337439977003066,15.763479681175662
'010101',1,0.07154666666666666,0.0008167142843260569,0.16659239248357746,7.151740958566613
'001110',1,0.07811666666666667,0.0004133064507386994,0.13508009946659832,6.966369432320886
'100110',1,0.04791666666666666,0.000234141457717813,0.1806879845830555,3.833128538148875
'111010',1,0.06477000000000001,0.000708001883236669,0.1695348866483496,6.6827239685686495
'011110',1,0.18980666666666668,0.0012411106137470349,0.17337439977003066,15.793611721742238
'101010',1,0.07061333333333332,0.0005758664968742548,0.16659239248357746,7.276833785321454
'011001',1,0.04831666666666667,0.00025927248643506834,0.1806879845830555,3.8889229545381245
'000101',1,0.06543,0.0005664509393289638,0.1695348866483496,6.654481448044202
'111000',1,0.046066666666666665,0.00048609555530665735,0.16597317781026172,4.7138262777897095
'000111',1,0.04635333333333334,0.0004892397730720148,0.16597317781026172,4.566844767826847
