states,flag,Avg0,SD0,frust0,time
'101010',1,0.04595333333333334,0.0006856789012034382,0.14747653218653617,3.730195571731233
'100011',1,0.12611999999999998,0.0001675310916417183,0.12226175434212005,10.135597574676353
'111010',1,0.18882333333333334,0.000623983618018582,0.1306573506794889,14.220339351983851
'000101',1,0.18890666666666667,0.000961815413106326,0.1306573506794889,14.238499650066984
'011100',1,0.12788333333333332,0.0005807083796728126,0.12226175434212005,10.147078857646141
'100110',1,0.03259333333333333,0.00016213848676020561,0.18767793259342946,2.7003807553307
'010101',1,0.04608,0.00017378147196982644,0.14747653218653617,3.737181810818798
'011001',1,0.03280333333333333,0.0002485066509282107,0.18767793259342946,2.716488235624927
'001101',1,0.07737333333333334,0.0009289898934984281,0.1331809963465329,6.290654888589974
'111000',1,0.02791,5.887840577551815e-5,0.18304069106602702,2.636814679154635
'110010',1,0.07778999999999998,0.0005640921910468206,0.1331809963465329,6.407135441510392
'000111',1,0.027763333333333334,0.0002449943310001741,0.18304069106602702,2.6351692907085558
