states,flag,Avg0,SD0,frust0,time
'110010',1,0.16024333333333332,0.0005114901975817557,0.1556365104817141,10.471844061458107
'011100',1,0.08342,0.0010545457157784377,0.12102348951289359,5.190062450862427
'101011',1,0.15471666666666664,0.0006064285246882444,0.13572068861425582,10.241568758208123
'001101',1,0.16042666666666666,0.0013145679476120242,0.1556365104817141,10.373715682789985
'001011',1,0.10029333333333333,0.0005050632523643892,0.16041499702657078,7.014041145914735
'110100',1,0.10086666666666667,0.0013568181733583753,0.16041499702657078,6.943691345154993
'010100',1,0.15564999999999998,0.0011110655546216265,0.13572068861425582,10.196088139254917
'100011',1,0.08438333333333332,0.00020757863302587164,0.12102348951289359,5.147177489640989
