states,flag,Avg0,SD0,frust0,time
'110010',1,0.21242000000000003,0.0011066164647247948,0.09792322421389395,10.200991316570517
'110100',1,0.032606666666666666,0.00022171052197754446,0.20458461696691388,3.258118579942106
'101010',1,0.07320333333333333,0.0012922933963393265,0.1408896116771562,5.769783016844297
'001101',1,0.21177666666666664,0.0008792547349254834,0.09792322421389395,10.2066941524171
'000111',1,0.043833333333333335,9.463379711052037e-5,0.17620444569266208,3.6766161708169673
'010011',1,0.03235,0.00014514360704718208,0.17897560569780255,3.27453340449028
'001110',1,0.06469333333333332,0.0008920886851777802,0.1669007665743253,6.055172043446979
'111000',1,0.04448666666666667,0.000993657665172245,0.17620444569266208,3.680811440184021
'001011',1,0.03262666666666667,0.0004692073694599811,0.20458461696691388,3.2218907176981317
'010101',1,0.07314,0.000652124732445157,0.1408896116771562,5.710239653453428
'101001',1,0.04123,0.0008445511628472649,0.18380848434637004,3.437224365128936
'110001',1,0.06323333333333332,0.0005186092513208322,0.1669007665743253,6.061000669473608
'101100',1,0.03311,0.0013507281986642134,0.17897560569780255,3.265331160237347
'010110',1,0.04129,0.00023366642891095902,0.18380848434637004,3.427889328993879
