states,flag,Avg0,SD0,frust0,time
'110010',1,0.09940666666666666,0.001069870189425904,0.15713311927341525,8.655336001705257
'001110',1,0.05895333333333334,0.0006513746148637423,0.1732800089184797,5.264238033932725
'010001',1,0.21499000000000001,0.00030474032661705357,0.15941401205654077,15.66872673735237
'001101',1,0.09853333333333332,0.0006630401362076206,0.15713311927341525,8.686625685713082
'111000',1,0.08298,0.0007608328769622604,0.15212207195131472,7.2457944894715824
'101110',1,0.21589666666666665,0.0011595784674709318,0.15941401205654077,15.677339413103605
'101100',1,0.04409333333333334,0.0005186092513208338,0.1695985007309341,3.5292103255492173
'110001',1,0.057686666666666664,0.00022895899681432615,0.1732800089184797,5.241328231469384
'010011',1,0.043256666666666665,0.0005786382481501053,0.1695985007309341,3.55318715838675
'000111',1,0.08420333333333334,0.0005067763039273068,0.15212207195131472,7.162157337174871
