states,flag,Avg0,SD0,frust0,time
'001011',1,0.17482666666666669,0.0004573352769637994,0.11883899551326665,9.426557323817212
'110100',1,0.17403,0.001000932898183818,0.11883899551326665,9.432647126631265
'011001',1,0.10412333333333335,0.0009402245594655682,0.1449977620287258,7.5631006571375465
'101010',1,0.043179999999999996,0.00029473151624260716,0.17912267993201003,3.4970564443738357
'010011',1,0.04114333333333334,0.0007249980842886571,0.1696796121805741,3.3428534923072033
'111000',1,0.08464333333333333,0.00017556258776351582,0.15021520302650013,6.4671200870888805
'010101',1,0.043199999999999995,4.3204937989386116e-5,0.17912267993201003,3.472214563366889
'010110',1,0.05281,0.0002687005768508886,0.18511280687958317,3.8406269871945624
'100110',1,0.10295,0.0006928684338795249,0.1449977620287258,7.516567011923847
'000111',1,0.08445000000000001,0.00015121728296285384,0.15021520302650013,6.454979324465587
'101100',1,0.04087333333333334,0.00032714251057027626,0.1696796121805741,3.338314962456424
'101001',1,0.053770000000000005,0.0008355038400071359,0.18511280687958317,3.83464649997471
