states,flag,Avg0,SD0,frust0,time
'000111',1,0.047130000000000005,0.0008026622369755957,0.17378469211390365,5.60024513670032
'010110',1,0.04905333333333333,0.0008304349596580225,0.17718866770231737,3.9607643633192855
'001110',1,0.13907666666666665,0.0005627511784873298,0.10098563100890777,8.37633081525208
'101001',1,0.04863666666666667,0.0002548637980482039,0.17718866770231737,3.9635570247163767
'111000',1,0.04795,0.0005485131417447221,0.17378469211390365,5.560795200719273
'110001',1,0.13977,0.0005787918451395076,0.10098563100890777,8.41466523981147
'011001',1,0.04200333333333334,0.00026081070189357917,0.17071470264477226,5.01240397818525
'110010',1,0.07429666666666666,0.0006698424358674896,0.15019868490350155,9.248349633829372
'100110',1,0.04162666666666667,0.0007335908638713791,0.17071470264477226,5.0280248800009835
'101010',1,0.060320000000000006,0.0003024345659256991,0.1791232785017771,5.257806309091057
'011100',1,0.015553333333333334,0.0005205979468094573,0.201555252070141,2.0
'010101',1,0.06017999999999999,0.0007067295569499448,0.1791232785017771,5.248448133777321
'010011',1,0.04722666666666666,0.000304010233745876,0.16005294434913597,3.8616848118441425
'001101',1,0.07371666666666667,0.0010508515065835381,0.15019868490350155,9.23995926623639
'100011',1,0.015580000000000002,0.00022992752481307434,0.201555252070141,2.0
'000110',1,0.025796666666666666,0.00021013223349966107,0.15536021045358306,2.4742997277027965
'101100',1,0.04624,0.0005169784005803976,0.16005294434913597,3.8631304733012164
'111001',1,0.025843333333333333,0.0005511402322055198,0.15536021045358306,2.436258606199602
