states,flag,Avg0,SD0,frust0,time
'011001',1,0.031593333333333334,0.0006295677529508293,0.17073959771041505,2.91354046783535
'011101',1,0.025220000000000003,0.0002619160170741754,0.15949558321273868,2.4524697995961753
'000111',1,0.03834,0.001104264461078051,0.16729140785152727,3.113240300798077
'110010',1,0.0461,0.00019595917942265476,0.16384213173282666,5.264251202621896
'011010',1,0.027113333333333333,0.00028940552094864215,0.18643461431209718,3.229878567128401
'101010',1,0.059186666666666665,5.24933858267465e-5,0.13506876786307312,5.319460594154538
'010010',1,0.019046666666666667,0.0006940861297818561,0.19815315864709418,2.105357129759108
'010101',1,0.05909333333333334,0.0006058786090372309,0.13506876786307312,5.277257691928185
'001101',1,0.04627333333333333,0.0005354333654983487,0.16384213173282666,5.23128830264496
'001110',1,0.06885000000000001,0.0007622772898799141,0.157405833659784,5.222446522177786
'011100',1,0.06586333333333334,0.0004888308046303543,0.13572011597721775,5.120302912558803
'110001',1,0.0694,0.0006691786009728626,0.157405833659784,5.232410632964227
'100110',1,0.030886666666666663,0.0005263923336152318,0.17073959771041505,2.887367126011928
'010001',1,0.042363333333333336,0.000600684794399043,0.17052245015772083,3.891491620719222
'111100',1,0.03847333333333333,0.00021746008573733547,0.16488573203932855,3.9976754538205834
'100011',1,0.06435333333333333,0.0008806184695365488,0.13572011597721775,5.078669143504951
'000011',1,0.03858,0.00032341923257592594,0.16488573203932855,4.040620813450383
'101110',1,0.042170000000000006,0.0004898979485566355,0.17052245015772083,3.8616738048070673
'111000',1,0.038283333333333336,0.0002969100125552433,0.16729140785152727,3.0951926425199567
'100010',1,0.024963333333333334,0.0002332857094256355,0.15949558321273868,2.4456244998026637
'110100',1,0.038259999999999995,0.00024711670657134036,0.17522192590347227,3.118267836960436
'100101',1,0.02713666666666667,0.00031180478223116206,0.18643461431209718,3.224590379931154
'001011',1,0.03903,0.0002860069929215029,0.17522192590347227,3.130875809037668
'101101',1,0.01942,0.00013952299690970894,0.19815315864709418,2.1005969413062027
