states,flag,Avg0,SD0,frust0,time
'010101',1,0.03833333333333334,0.0007903726266065196,0.19801293344272353,3.0869169354161943
'110010',1,0.10275,0.00039191835884530953,0.1714230189486196,5.992426856778599
'001011',1,0.054696666666666664,0.0002994810326028823,0.17943754690576053,4.741236992703642
'000111',1,0.03950333333333333,0.0009115676363032818,0.20608217095850243,5.6363065604019456
'001101',1,0.10185666666666666,0.001104606516165624,0.1714230189486196,5.918288836426004
'011100',1,0.04445333333333334,0.00042050234508528403,0.1958333897376543,3.6275206545505303
'110001',1,0.03474666666666667,0.0002113974666094406,0.1897454739311656,3.3673895593364107
'101110',1,0.05886333333333333,0.0010867177902084614,0.17940932822422168,6.336831888992364
'101010',1,0.038663333333333334,0.0004014418457953244,0.19801293344272353,3.0820530175902214
'111000',1,0.03967333333333334,0.0006250511090214051,0.20608217095850243,5.590948774735984
'100011',1,0.04385666666666666,0.0003278549814916469,0.1958333897376543,3.6494630896827136
'010001',1,0.059326666666666666,0.0005873291713813963,0.17940932822422168,6.39149976960915
'011010',1,0.07002666666666667,0.00033509534298298955,0.16680382746609082,4.831427118239216
'110100',1,0.055240000000000004,0.00012083045973594501,0.17943754690576053,4.682086183842976
'001110',1,0.03441333333333333,0.0003103045099396556,0.1897454739311656,3.393817832365136
'100101',1,0.06884000000000001,0.0003470830832332028,0.16680382746609082,4.808850736356525
'010011',1,0.05707,0.00045985504962614614,0.1621948571062287,5.126957387911131
'101100',1,0.057686666666666664,0.000339542175419917,0.1621948571062287,5.149982142795189
