states,flag,Avg0,SD0,frust0,time
'101100',1,0.19083666666666665,0.00074593714361347,0.13311042550927227,11.991786609766018
'100011',1,0.21118333333333336,0.002549644855443376,0.11967225511466435,10.87780201380383
'100101',1,0.09672666666666667,0.0006931249686905133,0.11267119014232613,6.116406771046734
'011100',1,0.21244333333333332,0.001780717707991797,0.11967225511466435,10.828822299263619
'010011',1,0.19219333333333333,0.00255887127894746,0.13311042550927227,12.03465762422132
'011010',1,0.09661666666666667,0.0007572464738922301,0.11267119014232613,6.206304151441302
