states,flag,Avg0,SD0,frust0,time
'110011',1,0.08835666666666665,0.0005563172556095064,0.17603295426988308,9.69392877992194
'011010',1,0.17261,0.0010585209807399555,0.15314867680771838,11.04410949764774
'001100',1,0.08792,0.0001471960144387938,0.17603295426988308,9.66472226232226
'110001',1,0.07954333333333334,0.0010994645161269251,0.14796877877331363,6.963554909047731
'001110',1,0.07911333333333333,0.00045146674542232345,0.14796877877331363,6.938034105126125
'100101',1,0.17386,0.0002515286597321808,0.15314867680771838,11.02983337738087
'001101',1,0.08741333333333334,0.00038404282168644373,0.146827109619469,7.491160735812001
'110010',1,0.08753333333333334,0.000943374557403133,0.146827109619469,7.4964961091210585
'111001',1,0.07144333333333334,0.0009890174697929025,0.1948576290510945,7.886506816201231
'000110',1,0.07220666666666667,0.0010219697755913472,0.1948576290510945,7.959803543845658
