states,flag,Avg0,SD0,frust0,time
'100101',1,0.07263666666666667,0.0010832153781938096,0.17193066553339684,5.806594623388122
'010101',1,0.07759999999999999,0.00031272991542223767,0.16567868130645713,6.743256806954515
'001011',1,0.10451999999999999,0.0006066849814085294,0.20674465748835805,9.642766465132834
'110100',1,0.10483666666666668,0.0003971845358967982,0.20674465748835805,9.665323472422546
'011100',1,0.09127999999999999,0.0006718630812896375,0.17096186669591426,8.8866227026359
'001110',1,0.07369666666666667,0.0010706488167876896,0.1757102249394121,6.050001168624743
'011001',1,0.08110666666666666,0.0010930487434490544,0.16500441803583732,6.013105722575637
'011010',1,0.07282999999999999,0.0004858669227953939,0.17193066553339684,5.737199547681147
'100110',1,0.08046666666666667,9.877021593352947e-5,0.16500441803583732,6.096124698263828
'101010',1,0.07695666666666666,0.00013912424503139187,0.16567868130645713,6.863965276377496
'100011',1,0.09031666666666666,0.00030652170486860015,0.17096186669591426,8.988338944069403
'110001',1,0.07375333333333334,0.0007602777270328406,0.1757102249394121,6.044306632353531
