states,flag,Avg0,SD0,frust0,time
'100110',1,0.21706,0.000882836338173728,0.15228100897409128,14.84215499113276
'010110',1,0.12863,0.0013834979821693491,0.14599811402702115,11.24863848465784
'001101',1,0.05886666666666667,0.00038663792996664287,0.16985183200329584,6.015179065592107
'001001',1,0.03658666666666666,4.189935029992284e-5,0.15831947858617215,3.249466838428976
'011001',1,0.21773333333333333,0.00030912061651652833,0.15228100897409128,14.806320607813943
'110010',1,0.05896333333333334,0.0003936439451529217,0.16985183200329584,6.000922182249375
'101010',1,0.059609999999999996,0.0005278257288158637,0.17221123096738752,5.295463497911133
'110110',1,0.03610666666666667,0.0002120272519171888,0.15831947858617215,3.3096238246103034
'101001',1,0.12718333333333334,0.0003802922852520425,0.14599811402702115,11.251245339224454
'010101',1,0.05926,0.0005597023018236275,0.17221123096738752,5.266898711092455
