states,flag,Avg0,SD0,frust0,time
'100101',1,0.047053333333333336,0.0003765043898224223,0.14921945392396802,5.404149774756946
'100011',1,0.03919,0.0006283841712413409,0.15592465949157203,3.7526096033746437
'111000',1,0.061233333333333334,0.00029936970825757115,0.13470786898185727,5.5602729821927
'011110',1,0.02299,0.00011430952132988184,0.15681272099922455,2.1899729813059143
'001101',1,0.050940000000000006,0.0005678614854580893,0.16299563599140088,5.447260640843818
'001110',1,0.06687666666666667,0.00018624953392932305,0.13868731419859498,5.840441124694123
'010110',1,0.04631,0.0004752543178832419,0.13195840964489258,3.758580143486163
'000101',1,0.018876666666666667,0.0001681930108205718,0.17559845253084086,2.1028262846294346
'000111',1,0.06134333333333333,0.0005567963920700481,0.13470786898185727,5.600158975251692
'101100',1,0.023396666666666666,0.0005193799722318489,0.1504984663818313,2.615061251756788
'000110',1,0.02477666666666667,0.00024567367696917697,0.13033718100092445,2.3633068754280964
'011010',1,0.04726666666666667,0.0003064129385141696,0.14921945392396802,5.32813880590032
'011001',1,0.05056333333333333,2.0548046676563917e-5,0.1414775569369735,5.450840689127948
'011100',1,0.03894,0.00036887215490826494,0.15592465949157203,3.7553087539475563
'110010',1,0.050916666666666666,0.0004860955553066576,0.16299563599140088,5.440955753738224
'110001',1,0.06659,0.0006669832581607019,0.13868731419859498,5.858276967397223
'100001',1,0.022813333333333335,0.00027620443314488845,0.15681272099922455,2.1971184242034223
'010011',1,0.023216666666666663,5.557777333510955e-5,0.1504984663818313,2.5837573278086694
'101001',1,0.046136666666666666,0.00044604434258889084,0.13195840964489258,3.7544949931305305
'111001',1,0.025043333333333334,0.0008170815272800029,0.13033718100092445,2.365472666797835
'101010',1,0.023533333333333333,0.00046341725858620706,0.1753174424575129,2.644136245099563
'011011',1,0.023923333333333335,0.00027194770739161434,0.18381221131246492,2.2680191826782603
'100110',1,0.04993333333333333,0.000578638248150105,0.1414775569369735,5.376831329139708
'111010',1,0.01937,0.00019798989873223387,0.17559845253084086,2.111078296752582
'010101',1,0.02427,0.00048689492364027264,0.1753174424575129,2.6267316115908494
'100100',1,0.024496666666666667,0.000796255123827924,0.18381221131246492,2.2749518838391545
