states,flag,Avg0,SD0,frust0,time
'010101',1,0.12573,0.000834425950379459,0.15983513679842254,11.145805107718601
'001101',1,0.04693666666666666,0.00010780641085863992,0.17515455785727277,5.293823294670385
'110010',1,0.04745,0.00019304576314093622,0.17515455785727277,5.308155594186625
'100110',1,0.04603666666666667,0.0008293102890689095,0.173206610876103,5.249463125881037
'100101',1,0.03328,0.0003840138886377251,0.17355336422682272,3.297087669037655
'110001',1,0.12510666666666667,0.00048705463987342145,0.16610753104396858,9.863359689582904
'101010',1,0.12738,0.00039064049969248237,0.15983513679842254,11.190971631343382
'001110',1,0.12326,0.0013396268137059692,0.16610753104396858,9.933936934176376
'110110',1,0.04695666666666667,0.0010624604567804972,0.1930038066029002,4.874887344323533
'011010',1,0.03344666666666667,0.0002283759084394766,0.17355336422682272,3.3042895525930565
'010001',1,0.07684666666666667,0.0003116978594016247,0.16942486972962867,9.449451369618194
'101110',1,0.07558333333333334,0.0003167894498804479,0.16942486972962867,9.539663934583428
'001001',1,0.046250000000000006,0.0007051713739699494,0.1930038066029002,4.982962718547029
'011001',1,0.04573666666666667,0.0007053289224814809,0.173206610876103,5.154744529037113
