states,flag,Avg0,SD0,frust0,time
'110000',1,0.23716666666666664,0.005979037455049843,0.12642925796256327,11.690762879567922
'010011',1,0.06296666666666667,0.0011841546445554407,0.15657534187968,5.6176645513867145
'001111',1,0.23440000000000003,0.005020624131187941,0.12642925796256327,11.625987968120668
'101100',1,0.060200000000000004,0.0021740898478827125,0.15657534187968,5.707592167949269
'100011',1,0.12446666666666667,0.004094169295745142,0.11947134396434682,7.46592363784356
'001101',1,0.07556666666666667,0.002654974366898652,0.13349761662175288,5.731844412530322
'011100',1,0.1279,0.003179098404684365,0.11947134396434682,7.31803821410314
'110010',1,0.07733333333333334,0.0006649979114420022,0.13349761662175288,5.5985150228676295
