states,flag,Avg0,SD0,frust0,time
0_0_1_0_1,1,0.2622,0.0008841191473249706,0.14027114667959553,13.107610648115022
1_1_0_1_0,1,0.2631233333333333,0.0018359435963255762,0.14027114667959553,13.075593768009083
0_1_0_0_1,1,0.23778666666666667,0.0019151385212447497,0.17680032200321588,13.708172889152925
1_0_1_1_0,1,0.23688999999999996,0.0015008664164408512,0.17680032200321588,13.68655345123532
