states,flag,Avg0,SD0,frust0,time
0_0_1_0_1,1,0.16566,0.0012260777571861683,0.11228354277151906,12.104126951272184
1_1_1_0_0,1,0.33392,0.0019697207923967236,0.11181565272694664,13.306025981055718
0_0_0_1_1,1,0.33498333333333336,0.0007133177568392908,0.11181565272694664,13.244624622215861
1_1_0_1_0,1,0.16543666666666668,0.0005821988969034105,0.11228354277151906,12.092732890912378
