states,flag,Avg0,SD0,frust0,time
1_1_0_1_0,1,0.18515666666666666,0.0014311145617625653,0.10109253721042924,11.625637599972308
1_1_0_0_0,1,0.17079999999999998,0.0011316359838746727,0.1671269537456063,13.37908587498842
0_0_1_0_1,1,0.18394999999999997,0.0012622466742545553,0.10109253721042924,11.609710073744282
0_1_0_0_1,1,0.14456,0.0005310994884827765,0.1430676313022475,11.146835056210387
0_0_1_1_1,1,0.16999333333333333,0.00020677416559027026,0.1671269537456063,13.461009205096488
1_0_1_1_0,1,0.14554,0.0009021086409075077,0.1430676313022475,11.133906725778482
