states,flag,Avg0,SD0,frust0,time
1_1_0_1_0,1,0.2640833333333333,0.0016339998640010841,0.10711702346205496,14.305448255003848
1_0_0_1_0,1,0.14343666666666668,0.0010702128552561648,0.16493590478565462,11.731695914484794
0_1_1_0_1,1,0.14464333333333332,0.0003633486235314778,0.16493590478565462,11.74387681918378
0_0_0_1_1,1,0.09224333333333334,0.0002876726534718821,0.17374759595555822,11.23537076662808
0_0_1_0_1,1,0.26409666666666665,0.0005715670467135858,0.10711702346205496,14.310303515012071
1_1_1_0_0,1,0.09149666666666667,0.0008764068055925219,0.17374759595555822,11.215993966051919
