states,flag,Avg0,SD0,frust0,time
1_0_0_1_0,1,0.22536,0.0007689386624865864,0.10208713814762105,14.412819041624717
0_1_1_0_1,1,0.22648666666666664,0.0005088767587103507,0.10208713814762105,14.366506725655896
0_1_0_1_1,1,0.07837999999999999,0.0007074366873909402,0.15843168818646164,11.247751949067117
1_1_0_1_0,1,0.07161333333333332,0.0008953335815338418,0.10216178746300271,9.986200253522101
0_0_0_1_1,1,0.12398333333333333,0.0007047142841054242,0.11421911256914416,11.493064119609
1_1_1_0_0,1,0.12473000000000001,0.0005729456053297433,0.11421911256914416,11.478524420638344
1_0_1_0_0,1,0.07775,0.0002619160170741782,0.15843168818646164,11.263893857407103
0_0_1_0_1,1,0.07169666666666667,0.0013395853421446858,0.10216178746300271,10.005198753724002
