states,flag,Avg0,SD0,frust0,time
0_0_0_1_1,1,0.20697333333333334,0.0014998962927112258,0.1319382776352803,12.277488987637488
1_0_1_1_0,1,0.05732333333333334,0.00033359989341858284,0.1690285599165537,10.199406207052299
1_1_0_0_0,1,0.23564333333333332,0.0005468292441175941,0.11921250666606409,13.847220682093015
0_1_0_0_1,1,0.05780333333333334,0.00021699974398346498,0.1690285599165537,10.18734879814303
1_1_1_0_0,1,0.20667333333333335,0.0006976786907707312,0.1319382776352803,12.255675066618883
0_0_1_1_1,1,0.23558333333333334,0.0009226893060806354,0.11921250666606409,13.86762098254155
