states,flag,Avg0,SD0,frust0,time
1_1_1_0_0,1,0.08101000000000001,0.0008769644614616225,0.11985101751214651,10.298878322374
1_0_1_1_0,1,0.14373333333333335,0.0007813805446487444,0.12578095861982266,13.502212372522242
0_0_0_0_1,1,0.12454333333333334,0.0006111373731730735,0.11711351182447496,12.781952320520878
1_1_0_1_0,1,0.15179,0.0005948669318987776,0.06646535084503258,11.568650037136775
0_1_0_0_1,1,0.14331666666666668,0.0017879659454872764,0.12578095861982266,13.563289277439987
1_1_1_1_0,1,0.12545333333333333,0.0005028143019268843,0.11711351182447496,12.757104211714463
0_0_1_0_1,1,0.15030666666666667,0.0007470088501632435,0.06646535084503258,11.569605464487237
0_0_0_1_1,1,0.07984666666666666,0.0004974825513411411,0.11985101751214651,10.314696223619999
