states,flag,Avg0,SD0,frust0,time
0_0_1_1_1,1,0.2570966666666667,0.0023036251624100716,0.15862754350593292,14.360709119255155
1_0_1_1_0,1,0.12344999999999999,0.00030474032661704706,0.1500192214005613,11.436156121371994
1_1_0_1_0,1,0.12007333333333335,0.0009471477650762266,0.13925986339590726,11.919785429996978
0_0_1_0_1,1,0.11832666666666665,0.0006921624728984483,0.13925986339590726,11.886765377506562
1_1_0_0_0,1,0.2576233333333333,0.001081490740701104,0.15862754350593292,14.339016416129619
0_1_0_0_1,1,0.12343,0.0007838367176906191,0.1500192214005613,11.420008490511096
