states,flag,Avg0,SD0,frust0,time
1_1_0_1_0,1,0.11035,0.0005389495956642554,0.13266637654913546,11.24560386234144
1_0_1_1_0,1,0.24095,0.0006591408549518532,0.12511154021742693,12.205213449623004
0_1_0_0_1,1,0.23930666666666667,0.0004606034688922284,0.12511154021742693,12.211148592522614
0_0_1_0_1,1,0.11171666666666667,0.0001359738536958066,0.13266637654913546,11.252594792042302
0_0_0_1_1,1,0.14820000000000003,0.0008718944890294926,0.13950883024532518,11.634695570054541
1_1_1_0_0,1,0.14947666666666667,0.0008211509537770174,0.13950883024532518,11.631308131664897
