states,flag,Avg0,SD0,frust0,time
1_0_0_1_0,1,0.05651333333333333,0.0004845157949495084,0.23818442151895694,9.785283154532477
0_0_0_1_1,1,0.23521999999999998,0.0011718646110650541,0.1206616979662467,12.887661045290466
0_1_0_0_1,1,0.0934,0.00013952299690970596,0.1752454969406691,11.556360049685038
1_1_1_0_0,1,0.23645333333333332,0.0008165918333061,0.1206616979662467,12.909768514396893
1_0_1_1_0,1,0.09369333333333334,0.0006577402391690979,0.1752454969406691,11.574290664821307
0_0_1_1_1,1,0.11458,0.0013056798995159586,0.178720369369258,11.475175842487118
0_1_1_0_1,1,0.05556333333333333,0.0003873270223237997,0.23818442151895694,9.78099073334328
1_1_0_0_0,1,0.11457666666666666,0.000532812245438192,0.178720369369258,11.474432034501943
