states,flag,Avg0,SD0,frust0,time
0_1_0_0_1,1,0.09566666666666668,0.0007962551238279192,0.14727779294458382,10.102584470168168
0_0_1_0_1,1,0.23418666666666665,0.0004439469437769407,0.0730473960766506,11.856966966125553
0_0_0_1_1,1,0.10705666666666665,0.0009718138825012826,0.1219405204053228,11.273976632064972
1_1_0_1_0,1,0.23373333333333335,0.0018127756495373596,0.0730473960766506,11.871229198063183
1_1_1_0_0,1,0.10721333333333333,0.0009877359071240744,0.1219405204053228,11.261031473208547
1_0_1_1_0,1,0.09686666666666667,0.0006126626768096384,0.14727779294458382,10.095795951365028
0_1_0_1_1,1,0.06251,0.0008839683252243818,0.12125204433259809,10.010613314428605
1_0_1_0_0,1,0.06276666666666667,0.00034393151773120514,0.12125204433259809,9.993112865967078
