states,flag,Avg0,SD0,frust0,time
1_1_1_0_0,1,0.12269000000000001,0.0006454455825241982,0.13987502827857867,12.166842452846867
1_0_1_1_0,1,0.16330999999999998,0.0010264501936285148,0.1226592551979531,12.075546523235053
1_0_0_1_0,1,0.05863000000000001,0.0008084553172563105,0.16004679358676424,9.966516721968148
0_1_0_0_1,1,0.16255666666666668,0.0003760614606978839,0.1226592551979531,12.04742223977585
1_1_0_0_0,1,0.1546833333333333,0.0009600462951800326,0.12180252679204376,12.176638250153223
0_0_1_1_1,1,0.15530999999999998,0.0009622196561423268,0.12180252679204376,12.174686956585683
0_0_0_1_1,1,0.12306666666666666,0.0009372418163004799,0.13987502827857867,12.251995880772364
0_1_1_0_1,1,0.05975333333333333,0.0011334117619921811,0.16004679358676424,9.962627844622011
