states,flag,Avg0,SD0,frust0,time
1_1_0_1_0,1,0.4169,0.0023117670009468218,0.14102030941566082,17.72403656879817
0_0_1_0_1,1,0.41522,0.0018490177572610279,0.14102030941566082,17.70014074183748
1_1_1_0_0,1,0.08426,0.00036037018004639104,0.16608109294591675,9.788110362601337
0_0_0_1_1,1,0.08362000000000001,0.0009372655262339847,0.16608109294591675,9.791027155597106
