states,flag,Avg0,SD0,frust0,time
1_1_0_1_0,1,0.17237666666666665,0.00043827946437049314,0.11843730162528703,11.063008297980568
0_0_1_0_1,1,0.17224666666666666,0.0013859373081861269,0.11843730162528703,11.058506151766403
0_1_0_0_1,1,0.3285766666666667,0.001152976823511898,0.1247101142090166,14.58464533980302
1_0_1_1_0,1,0.32680000000000003,0.0006727555276621788,0.1247101142090166,14.576397128174833
