states,flag,Avg0,SD0,frust0,time
1_1_0_1_0,1,0.23743999999999998,0.0010172839655999053,0.12115020397625469,13.914540705839395
0_0_1_0_1,1,0.23714666666666664,0.0010307710167097625,0.12115020397625469,13.945592651689259
0_1_0_1_1,1,0.2622933333333333,0.0005038738819276938,0.14977495707417948,12.687714228409478
1_0_1_0_0,1,0.26312,0.0006382789358893118,0.14977495707417948,12.689746743762777
