states,flag,Avg0,SD0,frust0,time
1_1_0_0_0,1,0.16440333333333332,0.000663844024518481,0.14040885114131002,12.667614340413563
0_0_1_1_1,1,0.16388333333333335,0.0008947749561885399,0.14040885114131002,12.665832496724585
0_0_0_1_1,1,0.15737666666666666,0.001335672947327387,0.12182161748233264,11.206955537464601
1_1_1_0_0,1,0.15729333333333334,0.00044969125210773047,0.12182161748233264,11.203456908319874
1_0_1_1_0,1,0.17887333333333333,0.0001866071333637217,0.1339345409869041,11.699567032228131
0_1_0_0_1,1,0.17817000000000002,0.0005662155066756727,0.1339345409869041,11.70662491899168
