states,flag,Avg0,SD0,frust0,time
1_1_0_0_0,1,0.19411,0.000996928616635442,0.13606789696269556,12.940970508585503
1_0_1_1_0,1,0.16192333333333334,0.0011342055467251947,0.15643406161782128,11.484317632755223
0_0_1_1_1,1,0.1947333333333333,0.0006760834925428077,0.13606789696269556,12.953181230411822
0_1_0_0_1,1,0.16253333333333334,0.0010957290824935876,0.15643406161782128,11.502928627302282
0_0_1_0_1,1,0.14252666666666666,0.00034422215049135385,0.1344931886846764,10.986625482284184
1_1_0_1_0,1,0.14417333333333335,0.0007258252008729229,0.1344931886846764,11.00053581565957
