states,flag,Avg0,SD0,frust0,time
1_1_1_0_0,1,0.17055333333333333,0.000545119762580256,0.12463713548262204,11.966081754586517
1_1_0_1_0,1,0.3276733333333333,0.0008167142843260569,0.12339922197838094,14.172959682649255
0_0_1_0_1,1,0.33016,0.001351320341986564,0.12339922197838094,14.14369563411203
0_0_0_1_1,1,0.1716133333333333,6.128258770283854e-5,0.12463713548262204,11.947849381830414
