states,flag,Avg0,SD0,frust0,time
0_0_1_0_1,1,0.35797666666666667,0.001335623033976621,0.12430079243536744,15.722825645306408
0_0_0_1_1,1,0.1403,0.0013609065605935825,0.13941918273107917,11.53205313780956
1_1_1_0_0,1,0.14117666666666664,0.0003983577398380618,0.13941918273107917,11.511164978978337
1_1_0_1_0,1,0.3605466666666666,0.001899654939426852,0.12430079243536744,15.68535484984337
