states,flag,Avg0,SD0,frust0,time
1_1_0_1_0,1,0.5015999999999999,0.000339509450040299,0.0694349252021574,16.760742593109942
0_0_1_0_1,1,0.4984,0.000339509450040299,0.0694349252021574,16.770966275100765
