states,flag,Avg0,SD0,frust0,time
1_1_0_0_0,1,0.059013333333333334,0.0008240280469876142,0.16535600975157755,9.961832227724818
0_0_1_1_1,1,0.0588,0.00023252240035460578,0.16535600975157755,9.970949065227309
0_0_1_0_1,1,0.2624866666666667,0.0007808257737094102,0.09833387132390219,13.88966179932387
1_1_1_0_0,1,0.17961333333333332,0.001154479199562393,0.11989145541358459,12.630001010327286
0_0_0_1_1,1,0.17931666666666668,0.0008624899355290373,0.11989145541358459,12.638379011904808
1_1_0_1_0,1,0.26077,0.0009888714105821311,0.09833387132390219,13.888122695367686
