states,flag,Avg0,SD0,frust0,time
0_1_0_0_1,1,0.18370666666666668,0.0007993886552999235,0.12116511429394514,12.071284541203973
1_1_0_1_0,1,0.14328,0.0013587003594121411,0.16687575905687813,11.433939721904984
0_0_0_1_1,1,0.11864666666666668,0.0015935773871666482,0.15229603770559175,11.503042386191927
0_0_1_1_1,1,0.05542,0.00044654227123532095,0.15837783929410193,9.780203589184824
1_0_1_1_0,1,0.18179,0.0004042276586281624,0.12116511429394514,12.116465796344926
0_0_1_0_1,1,0.14195666666666668,0.00046016905106226793,0.16687575905687813,11.472429688463679
1_1_1_0_0,1,0.11897999999999999,0.0003758545818087943,0.15229603770559175,11.486353195782462
1_1_0_0_0,1,0.05622,0.0007689386624865887,0.15837783929410193,9.784891330064823
