states,flag,Avg0,SD0,frust0,time
1_1_0_1_0,1,0.17166666666666666,0.0010059931521746168,0.08773905372742692,11.937475058867749
0_0_1_0_1,1,0.17176333333333335,0.0005492014404771913,0.08773905372742692,11.975244212079692
1_1_1_0_0,1,0.1335,0.0010859404526338805,0.11431445320583848,11.22350402260644
0_1_1_0_1,1,0.19526333333333334,0.0014180111267389855,0.10051394065750652,12.284765349932563
0_0_0_1_1,1,0.13255666666666666,0.0006811917661145233,0.11431445320583848,11.257740501912332
1_0_0_1_0,1,0.19525,0.00036037018004639646,0.10051394065750652,12.287924533964107
