states,flag,Avg0,SD0,frust0,time
0_0_1_0_1,1,0.29960666666666663,0.001144998786995972,0.05802457878933798,12.824636376025852
1_1_0_1_0,1,0.30141666666666667,0.0005118159391378428,0.05802457878933798,12.838137265704162
1_1_0_0_0,1,0.19958,0.00042669270753864757,0.09689313524858943,13.165094481632755
0_0_1_1_1,1,0.19939666666666667,0.00049358101890391,0.09689313524858943,13.155028824054455
