states,flag,Avg0,SD0,frust0,time
0_0_1_0_1,1,0.18048333333333333,0.0015586603934860867,0.11659005460710863,11.511444845235667
1_0_1_1_0,1,0.21943000000000001,0.0013246131510746798,0.1749809322835711,13.39425267360586
0_1_0_0_1,1,0.22123333333333337,0.0010237295649839497,0.1749809322835711,13.406972088374298
0_0_0_1_1,1,0.09952666666666667,0.00047253453724451633,0.16877319344849467,10.171656756800457
1_1_0_1_0,1,0.18054,0.0011900420160649767,0.11659005460710863,11.4885624478678
1_1_1_0_0,1,0.09878666666666668,0.0008234210479591955,0.16877319344849467,10.164341256474474
