states,flag,Avg0,SD0,frust0,time
1_1_1_0_0,1,0.24414666666666665,0.0004320750963534974,0.09383371032732937,12.799988150508874
0_0_1_0_1,1,0.17329000000000003,0.0013102925881903922,0.1281224906932828,11.798094344773242
0_0_0_1_1,1,0.24248333333333336,0.00039465878370505933,0.09383371032732937,12.766372992399276
1_1_0_1_0,1,0.17382,0.00043289721643826614,0.1281224906932828,11.79903079190342
1_0_0_1_0,1,0.08349000000000001,0.0007348469228349575,0.15653954946186807,9.989332059337862
0_1_1_0_1,1,0.08277,0.000190962474498698,0.15653954946186807,9.99038438251734
