states,flag,Avg0,SD0,frust0,time
0_0_1_0_1,1,0.3685833333333333,0.0011296410442653377,0.030415836317851323,14.172217365295545
1_1_0_1_0,1,0.3683133333333333,0.0022513008585161344,0.030415836317851323,14.170762776218941
0_1_0_0_1,1,0.13147333333333333,0.0007858894465649804,0.12192132971175129,12.370878071620032
1_0_1_1_0,1,0.13163,0.0005001999600159912,0.12192132971175129,12.321375782939683
