states,flag,Avg0,SD0,frust0,time
0_1_0_0_1,1,0.12884666666666666,0.0012037810801341256,0.15976447223786694,10.280089381699833
1_0_1_1_0,1,0.13015,0.0007510437182126438,0.15976447223786694,10.288836355341497
0_0_1_1_1,1,0.25434,0.001569861989687852,0.1047653798517163,13.284490710548019
1_1_1_0_0,1,0.11639,0.0010545457157784424,0.09064339518440559,10.172101758314001
1_1_0_0_0,1,0.25366333333333335,0.0002613214283002513,0.1047653798517163,13.279725916711692
0_0_0_1_1,1,0.11660999999999999,0.0004384062043356596,0.09064339518440559,10.196273602671852
