states,flag,Avg0,SD0,frust0,time
1_1_0_1_0,1,0.37646666666666667,0.0015128853962618023,0.11031317963702691,15.014170454553948
0_1_1_0_1,1,0.12313999999999999,0.0005479051012721043,0.15114572997465175,11.528042680271144
0_0_1_0_1,1,0.37655,0.0020782845490131354,0.11031317963702691,15.008447945466983
1_0_0_1_0,1,0.12384333333333335,0.00027644569488820004,0.15114572997465175,11.53430141451591
