states,flag,Avg0,SD0,frust0,time
0_0_1_0_1,1,0.18757333333333334,0.000754379804136403,0.14167885365816796,12.008687678930501
0_0_0_1_1,1,0.22453333333333333,0.0015552134544456944,0.17603579106256712,12.756149623491433
1_1_0_1_0,1,0.18790666666666667,0.00028940552094864404,0.14167885365816796,11.990611605000998
1_1_1_0_0,1,0.22468333333333335,0.0005986837414046054,0.17603579106256712,12.721388022453525
0_1_0_0_1,1,0.08841666666666666,0.0005034105900974096,0.19884142631996077,10.038930800175606
1_0_1_1_0,1,0.08688666666666667,8.730533902472606e-5,0.19884142631996077,10.041583714839184
