states,flag,Avg0,SD0,frust0,time
1_1_1_0_0,1,0.21234666666666666,0.0006852898818910208,0.12004099765380209,11.762158413976318
0_0_0_1_1,1,0.21451,0.0012021924416110179,0.12004099765380209,11.72787292046228
1_1_0_1_0,1,0.12095333333333332,0.0006829511126151172,0.15848692779532894,10.801014694026449
0_0_1_0_1,1,0.12170333333333333,0.0009095908726210675,0.15848692779532894,10.835353627292035
0_1_0_0_1,1,0.16574333333333333,0.0005456698228375424,0.15277202699813533,11.708645042303909
1_0_1_1_0,1,0.16474333333333332,0.0005559576322786622,0.15277202699813533,11.65553671881388
