states,flag,Avg0,SD0,frust0,time
0_1_0_0_1,1,0.22676333333333332,0.0011332058751857713,0.10481058782205865,12.59256671805746
0_0_1_0_1,1,0.07364,0.0005704384278780662,0.15296050834084274,10.31730488259549
0_0_1_1_1,1,0.14421666666666666,0.000162138486760212,0.10706920538104528,12.642219498143596
1_0_1_1_0,1,0.22582666666666665,0.001108281953696303,0.10481058782205865,12.623772739736799
1_1_0_0_0,1,0.14460333333333333,0.0003953338954464769,0.10706920538104528,12.646630772567233
0_1_1_0_1,1,0.05557666666666666,0.0005958933536203341,0.1481528750484989,9.782606966349814
1_1_0_1_0,1,0.07246333333333334,0.00029936970825756453,0.15296050834084274,10.341661448861334
1_0_0_1_0,1,0.056909999999999995,0.0003552463933666333,0.1481528750484989,9.778211202233704
