states,flag,Avg0,SD0,frust0,time
'10',1,0.25037666666666664,0.00044304501903179685,0.0,2.0
'11',1,0.24911666666666665,0.0023806208340589564,0.3718663592277459,2.0
'01',1,0.25072333333333335,0.00138362647496434,0.0,2.0
'00',1,0.24978333333333333,0.0006867475680497351,0.3718663592277459,2.0
