states,flag,Avg0,SD0,frust0,time
'10',1,0.4981333333333333,0.008523040667638643,0.0,2.6619813254504407
'01',1,0.5018666666666667,0.008523040667638654,0.0,2.6452148150545383
