states,flag,Avg0,SD0,frust0,time
'00',1,0.25253333333333333,0.0026662499674428328,0.21095606629602837,2.0
'11',1,0.24949999999999997,0.005248491846870565,0.21095606629602837,2.0
'10',1,0.24943333333333337,0.0034451253807211376,0.0,2.0
'01',1,0.24853333333333336,0.0025772509040103727,0.0,2.0
