states,flag,Avg0,SD0,frust0,time
'01',1,0.5011766666666667,0.0010664999869771507,0.0,2.6639162106032024
'10',1,0.49882333333333334,0.0010664999869771507,0.0,2.665534344619496
