states,flag,Avg0,SD0,frust0,time
'10',1,0.5000333333333334,0.0016996731711976217,0.0,2.0
'01',1,0.49996666666666667,0.001699673171197571,0.0,2.0
