states,flag,Avg0,SD0,frust0,time
'10',1,0.5031,0.0041142030414974195,0.0,2.6683932074732155
'01',1,0.49689999999999995,0.00411420304149743,0.0,2.6637454311172752
