states,flag,Avg0,SD0,frust0,time
'10',1,0.49940000000000007,0.00497259154432241,0.0,2.0
'01',1,0.5005999999999999,0.00497259154432239,0.0,2.0
