states,flag,Avg0,SD0,frust0,time
'10',1,0.49886,0.0011458912106594834,0.0,2.6640760897930487
'01',1,0.50114,0.001145891210659515,0.0,2.6656572961728
