states,flag,Avg0,SD0,frust0,time
'01',1,0.25035666666666667,0.0014271260942498695,0.0,2.0
'00',1,0.25070333333333333,0.0008944396135135347,0.26616219586244294,2.0
'10',1,0.2505733333333333,0.0009796030942285882,0.0,2.0
'11',1,0.24836666666666665,0.0009016404802112418,0.26616219586244294,2.0
