states,flag,Avg0,SD0,frust0,time
'10',1,0.24877666666666665,0.001877752794048118,0.0,2.0
'00',1,0.25154,0.00010230672835480707,0.27724439050189226,2.0
'01',1,0.25050666666666666,0.0011785395859094236,0.0,2.0
'11',1,0.24917666666666669,0.0025034953343054047,0.27724439050189226,2.0
