states,flag,Avg0,SD0,frust0,time
'01',1,0.5035666666666666,0.0020821996915655195,0.0,2.6716044231803244
'10',1,0.49643333333333334,0.0020821996915655195,0.0,2.664285014640647
