states,flag,Avg0,SD0,frust0,time
'01',1,0.5001133333333333,0.0013052798763313472,0.0,2.6644125592350636
'10',1,0.49988666666666665,0.0013052798763313472,0.0,2.66256535119191
