states,flag,Avg0,SD0,frust0,time
'00',1,0.24616666666666667,0.00020548046676563243,0.015019807971860838,2.0
'11',1,0.2502333333333333,0.0009104333522498426,0.015019807971860838,2.0
'10',1,0.2495333333333333,0.004568247901426646,0.0,2.0
'01',1,0.25406666666666666,0.004077853465843146,0.0,2.0
