states,flag,Avg0,SD0,frust0,time
'00',1,0.25276666666666664,0.0030684777260973385,0.31014962313489863,2.0
'10',1,0.24763333333333334,0.001211977264179861,0.0,2.0
'01',1,0.24893333333333334,0.0034451253807211346,0.0,2.0
'11',1,0.25066666666666665,0.004937835783237665,0.31014962313489863,2.0
