states,flag,Avg0,SD0,frust0,time
'01',1,0.5003166666666666,6.944222218667458e-5,0.0,2.671880657445128
'10',1,0.4996833333333333,6.944222218666658e-5,0.0,2.671065185788567
