states,flag,Avg0,SD0,frust0,time
'10',1,0.49953333333333333,0.0018354533197248327,0.0,2.0
'01',1,0.5004666666666667,0.0018354533197248134,0.0,2.0
