states,flag,Avg0,SD0,frust0,time
'10',1,0.5002800000000001,0.00027580186124584086,0.0,2.6694257341010683
'01',1,0.49972,0.0002758018612458133,0.0,2.66526758582917
