states,flag,Avg0,SD0,frust0,time
'10',1,0.24994666666666668,0.0005275309364282867,0.0,2.0
'01',1,0.24953666666666666,0.0007062734755193823,0.0,2.0
'11',1,0.25011,0.0010955668243729623,0.06862084307992566,2.0
'00',1,0.25040666666666667,0.001026136226607146,0.06862084307992566,2.0
