states,flag,Avg0,SD0,frust0,time
'10',1,0.25146666666666667,0.0017441967269268225,0.0,2.0
'00',1,0.24963333333333335,0.0017016332024133705,0.07132514727745193,2.0
'11',1,0.24956666666666663,0.0011897712198383052,0.07132514727745193,2.0
'01',1,0.24933333333333332,0.004018568014714802,0.0,2.0
