states,flag,Avg0,SD0,frust0,time
'10',1,0.49834333333333336,0.0012644981437533365,0.0,2.6731181735835468
'01',1,0.5016566666666666,0.0012644981437533011,0.0,2.66419227303704
