states,flag,Avg0,SD0,frust0,time
'01',1,0.24973333333333333,0.0005914013489632571,0.0,2.0
'00',1,0.24946666666666664,0.0012318369300448112,0.18234966771217406,2.0
'11',1,0.2504,0.0006359769387852658,0.18234966771217406,2.0
'10',1,0.2504,0.0011350183552113582,0.0,2.0
