states,flag,Avg0,SD0,frust0,time
'01',1,0.24763333333333334,0.003704351795148825,0.0,2.0
'11',1,0.25426666666666664,0.00240878023535194,0.09564812864188085,2.0
'00',1,0.24793333333333334,0.004714752261666446,0.09564812864188085,2.0
'10',1,0.25016666666666665,0.0018979521127315772,0.0,2.0
