states,flag,Avg0,SD0,frust0,time
'11',1,0.2504166666666667,0.0007332272650564879,0.15023038389041996,2.0
'00',1,0.24915333333333334,0.0016690183408885144,0.15023038389041996,2.0
'10',1,0.25018,0.0007219879962067731,0.0,2.0
'01',1,0.25025000000000003,0.0013891724155049902,0.0,2.0
