states,flag,Avg0,SD0,frust0,time
'01',1,0.24556666666666668,0.00393643945152921,0.0,2.0
'11',1,0.2511333333333334,0.0003858612300930162,0.21294638524835383,2.0
'00',1,0.2555,0.0012961481396815493,0.21294638524835383,2.0
'10',1,0.24780000000000002,0.0043734044709661515,0.0,2.0
