states,flag,Avg0,SD0,frust0,time
'10',1,0.5034000000000001,0.0011518101695447442,0.0,2.674089216182034
'01',1,0.4966,0.0011518101695447442,0.0,2.659299086303264
