states,flag,Avg0,SD0,frust0,time
'00',1,0.247,0.00177200451466693,0.17495652477587906,2.0
'10',1,0.2536333333333333,0.0036463071120732007,0.0,2.0
'01',1,0.24896666666666667,0.003143600200760627,0.0,2.0
'11',1,0.2504,0.0011860297916438183,0.17495652477587906,2.0
