states,flag,Avg0,SD0,frust0,time
'01',1,0.5037333333333334,0.0014429907214608883,0.0,2.6518964679613335
'10',1,0.49626666666666663,0.0014429907214609033,0.0,2.6493959561766123
