states,flag,Avg0,SD0,frust0,time
'01',1,0.4995966666666667,0.0010003443851438613,0.0,2.6676209074298036
'10',1,0.5004033333333333,0.001000344385143861,0.0,2.6675531898261315
