states,flag,Avg0,SD0,frust0,time
'01',1,0.49927000000000005,0.0006307667292008008,0.0,2.6620897856483006
'10',1,0.50073,0.000630766729200781,0.0,2.6658479230453835
