states,flag,Avg0,SD0,frust0,time
'00',1,0.24911666666666665,0.0005631064631922524,0.2744625032028729,2.0
'01',1,0.25029666666666667,0.0003175251521095991,0.0,2.0
'10',1,0.25064333333333333,0.0007048561713017778,0.0,2.0
'11',1,0.24994333333333332,0.0006401215162416874,0.2744625032028729,2.0
