states,flag,Avg0,SD0,frust0,time
'10',1,0.5005466666666667,0.0009576475807356499,0.0,2.665218295059495
'01',1,0.4994533333333333,0.000957647580735674,0.0,2.668181014957679
