states,flag,Avg0,SD0,frust0,time
'00',1,0.24884666666666666,0.000432845879679543,0.1961402016385825,2.0
'01',1,0.24992666666666663,0.0006375125271100432,0.0,2.0
'11',1,0.2510266666666667,0.0006403297761483551,0.1961402016385825,2.0
'10',1,0.2502,0.000553353413290284,0.0,2.0
