states,flag,Avg0,SD0,frust0,time
'11',1,0.24899666666666667,0.00048801183956493656,0.26448999274381724,2.0
'01',1,0.24919,0.0015611747713394084,0.0,2.0
'00',1,0.24957666666666667,0.0005859654900721973,0.26448999274381724,2.0
'10',1,0.25223666666666666,0.001467431618698326,0.0,2.0
