states,flag,Avg0,SD0,frust0,time
'10',1,0.49920000000000003,0.0023551362310207324,0.0,2.653734730916773
'01',1,0.5008,0.0023551362310207636,0.0,2.679377525596653
