states,flag,Avg0,SD0,frust0,time
'01',1,0.4996666666666667,0.0037544048204150443,0.0,2.673885661017446
'10',1,0.5003333333333333,0.0037544048204149996,0.0,2.686297686204311
