states,flag,Avg0,SD0,frust0,time
'10',1,0.4996,0.003930224760324358,0.0,2.669531387849863
'01',1,0.5004000000000001,0.003930224760324386,0.0,2.6665246659687636
