states,flag,Avg0,SD0,frust0,time
'01',1,0.5016666666666666,0.0035798820588890373,0.0,2.666169773386352
'10',1,0.4983333333333333,0.0035798820588890208,0.0,2.6742459687052382
