states,flag,Avg0,SD0,frust0,time
'10',1,0.49912666666666666,0.0009687219529990203,0.0,2.673364835854788
'01',1,0.5008733333333334,0.0009687219529989945,0.0,2.6626742152870495
