states,flag,Avg0,SD0,frust0,time
'10',1,0.5005866666666666,0.0014167647024902093,0.0,2.6620399027220665
'01',1,0.4994133333333333,0.0014167647024902093,0.0,2.6598106349455626
