states,flag,Avg0,SD0,frust0,time
'01',1,0.4995,0.003325657829663199,0.0,2.6733635653681875
'10',1,0.5005000000000001,0.003325657829663178,0.0,2.659772567221664
