states,flag,Avg0,SD0,frust0,time
'00',1,0.24952666666666667,0.0005921899094791187,0.11663315019815312,2.0
'10',1,0.24894666666666665,0.0005901600536201069,0.0,2.0
'01',1,0.25123,0.0004287190222045188,0.0,2.0
'11',1,0.25029666666666667,0.0007120081148101785,0.11663315019815312,2.0
