states,flag,Avg0,SD0,frust0,time
'10',1,0.5042666666666668,0.005416230751690293,0.0,2.666118622275194
'01',1,0.49573333333333336,0.005416230751690293,0.0,2.6540682203749175
