states,flag,Avg0,SD0,frust0,time
'10',1,0.49922666666666665,0.0018976183903924167,0.0,2.6622755613856373
'01',1,0.5007733333333334,0.0018976183903924302,0.0,2.663546689972724
