states,flag,Avg0,SD0,frust0,time
'01',1,0.5005999999999999,0.002758018612458331,0.0,2.6848741355158023
'10',1,0.4993999999999999,0.002758018612458331,0.0,2.6759598555447486
