states,flag,Avg0,SD0,frust0,time
'01',1,0.4999733333333333,0.001998905255939439,0.0,2.667671908247885
'10',1,0.5000266666666667,0.001998905255939426,0.0,2.673191562540142
