states,flag,Avg0,SD0,frust0,time
'10',1,0.5007033333333334,0.0007237095795659494,0.0,2.0
'01',1,0.49929666666666667,0.0007237095795659628,0.0,2.0
