states,flag,Avg0,SD0,frust0,time
'10',1,0.5041666666666667,0.0037106453466868475,0.0,2.649381522252647
'01',1,0.49583333333333335,0.0037106453466868717,0.0,2.666728664910216
