states,flag,Avg0,SD0,frust0,time
'10',1,0.503,0.003906404996924913,0.0,2.0
'01',1,0.49699999999999994,0.003906404996924897,0.0,2.0
