states,flag,Avg0,SD0,frust0,time
'11',1,0.24988,0.0012788536533421971,0.22370364718120475,2.0
'01',1,0.25071666666666664,0.0020801976401828353,0.0,2.0
'00',1,0.25039333333333336,0.0007717656523985851,0.22370364718120475,2.0
'10',1,0.24900999999999998,0.00029028721409435777,0.0,2.0
