states,flag,Avg0,SD0,frust0,time
'01',1,0.49899000000000004,0.0017138455784191024,0.0,2.6612742436399
'10',1,0.50101,0.0017138455784190805,0.0,2.6645183091266436
