states,flag,Avg0,SD0,frust0,time
'10',1,0.5010966666666667,0.0008857890393441498,0.0,2.662732713306333
'01',1,0.4989033333333333,0.0008857890393441498,0.0,2.6686005572093836
