states,flag,Avg0,SD0,frust0,time
'01',1,0.5007166666666666,0.0006246243315430486,0.0,2.668091233718787
'10',1,0.49928333333333336,0.0006246243315430095,0.0,2.6655118196807623
