states,flag,Avg0,SD0,frust0,time
'11',1,0.25140999999999997,0.0011317538012600963,0.04857965979567666,2.0
'01',1,0.24952666666666667,0.0010304152345319575,0.0,2.0
'10',1,0.24978666666666668,0.0012869688764258894,0.0,2.0
'00',1,0.24927666666666667,0.0010224263081296152,0.04857965979567666,2.0
