states,flag,Avg0,SD0,frust0,time
'10',1,0.4982333333333333,0.001239175353029409,0.0,2.666240096647843
'01',1,0.5017666666666667,0.001239175353029409,0.0,2.683363335217617
