states,flag,Avg0,SD0,frust0,time
'01',1,0.2519,0.001267543556122099,0.0,2.0
'11',1,0.2524333333333333,0.005619213072624629,0.17957698589909618,2.0
'10',1,0.24656666666666668,0.001897952112731573,0.0,2.0
'00',1,0.24910000000000002,0.004880573736764977,0.17957698589909618,2.0
