states,flag,Avg0,SD0,frust0,time
'10',1,0.5007333333333334,0.0005416846150872379,0.0,2.6615680198644447
'01',1,0.4992666666666667,0.0005416846150872575,0.0,2.65860855122506
