states,flag,Avg0,SD0,frust0,time
'10',1,0.5024333333333334,0.0013199326582148817,0.0,2.674441044408571
'01',1,0.4975666666666667,0.0013199326582149023,0.0,2.668458132122488
