states,flag,Avg0,SD0,frust0,time
'10',1,0.5010233333333334,0.00134660890965252,0.0,2.6680358709229117
'01',1,0.4989766666666667,0.0013466089096525076,0.0,2.664570520821554
