states,flag,Avg0,SD0,frust0,time
'01',1,0.5011666666666666,0.000956846672960468,0.0,2.0
'10',1,0.4988333333333333,0.000956846672960486,0.0,2.0
