states,flag,Avg0,SD0,frust0,time
'11',1,0.24941000000000002,0.0004883304891839806,0.2682420541917947,2.0
'10',1,0.24999666666666664,0.0004722522866246623,0.0,2.0
'00',1,0.2505733333333333,0.0005917394321452431,0.2682420541917947,2.0
'01',1,0.25001999999999996,0.0004598550496261536,0.0,2.0
