states,flag,Avg0,SD0,frust0,time
'00',1,0.2505,0.00244948974278318,0.23309933437217475,2.0
'11',1,0.2483333333333333,0.004691363222869117,0.23309933437217475,2.0
'01',1,0.24806666666666666,0.0020677416559027753,0.0,2.0
'10',1,0.2531,0.0012328828005937946,0.0,2.0
