states,flag,Avg0,SD0,frust0,time
'01',1,0.49867333333333336,0.0019166869564143376,0.0,2.6691088706643566
'10',1,0.5013266666666666,0.0019166869564143337,0.0,2.668538083824277
