states,flag,Avg0,SD0,frust0,time
'01',1,0.5004933333333333,0.0021822669151340917,0.0,2.6651669267484075
'10',1,0.4995066666666667,0.0021822669151340796,0.0,2.662336363989931
