states,flag,Avg0,SD0,frust0,time
'10',1,0.24973333333333336,0.0018596833661196721,0.0,2.0
'00',1,0.24998333333333334,0.00069581287395072,0.321043726206114,2.0
'11',1,0.25077666666666665,0.0010596959731713248,0.321043726206114,2.0
'01',1,0.24950666666666665,0.0009016404802112291,0.0,2.0
