states,flag,Avg0,SD0,frust0,time
'10',1,0.4989966666666667,0.0013866346150142,0.0,2.6677841644446283
'01',1,0.5010033333333334,0.001386634615014185,0.0,2.6692541803912344
