states,flag,Avg0,SD0,frust0,time
'10',1,0.50043,0.00040108187027922294,0.0,2.0
'01',1,0.49957,0.0004010818702792211,0.0,2.0
