states,flag,Avg0,SD0,frust0,time
'01',1,0.24932666666666667,0.0012543612805815628,0.0,2.0
'00',1,0.25078,0.0013181805642627183,0.13942138807309384,2.0
'11',1,0.25059000000000003,0.001858081447802184,0.13942138807309384,2.0
'10',1,0.24930333333333335,0.0005177086267604789,0.0,2.0
