states,flag,Avg0,SD0,frust0,time
'10',1,0.24839999999999998,0.003313608305156177,0.0,2.0
'00',1,0.24996666666666667,0.005492014404771907,0.2414568145754005,2.0
'01',1,0.25423333333333337,0.0010530379332620845,0.0,2.0
'11',1,0.24739999999999998,0.0013490737563232064,0.2414568145754005,2.0
