states,flag,Avg0,SD0,frust0,time
'01',1,0.5009666666666667,0.004349201714746685,0.0,2.0
'10',1,0.4990333333333334,0.004349201714746682,0.0,2.0
