states,flag,Avg0,SD0,frust0,time
'10',1,0.5025,0.001687206764645838,0.0,2.664092101779079
'01',1,0.49750000000000005,0.001687206764645838,0.0,2.661788852326286
