states,flag,Avg0,SD0,frust0,time
'10',1,0.49420000000000003,0.003476588366008659,0.0,2.0
'01',1,0.5057999999999999,0.00347658836600864,0.0,2.0
