states,flag,Avg0,SD0,frust0,time
'01101',0,0.16685666666666665,0.0002963481436119099,0.19717317436094284,1000.0
'01010',0,0.04563999999999999,0.0009594790253048813,0.20640104815517935,1000.0
'11001',0,0.006770000000000001,0.00010801234497346435,0.24108665900967544,1000.0
'01001',0,0.13205333333333333,0.0013909309432494756,0.20670764491813173,1000.0
'10010',0,0.16748333333333332,0.0002423954528359686,0.19717317436094284,1000.0
'11000',0,0.020633333333333333,0.0001065624490876385,0.25979270923850417,1000.0
'10110',0,0.13086666666666666,0.000618402961039335,0.20670764491813173,1000.0
'00101',0,0.03349666666666667,0.00020531818125912513,0.20852512128271827,1000.0
'01011',0,0.09000333333333334,0.0002839405258539615,0.22092540139632433,1000.0
'10100',0,0.08886000000000001,0.0007104927867332666,0.22092540139632433,1000.0
'10101',0,0.046029999999999995,0.0005485131417447221,0.20640104815517935,1000.0
'00111',0,0.02057,0.0001925270543759146,0.25979270923850417,1000.0
'11010',0,0.03377666666666667,0.0004464925033587396,0.20852512128271827,1000.0
'00110',0,0.007126666666666667,0.00016739839372652951,0.24108665900967544,1000.0
'11100',0,0.0003366666666666667,4.7140452079103295e-6,0.2733435146401614,1000.0
'10011',0,0.00096,8.164965809277282e-6,0.28795844688084704,1000.0
'01110',0,0.0028366666666666666,4.189935029992189e-5,0.2587642438702452,1000.0
'10001',0,0.00289,0.000170489491367259,0.2587642438702452,1000.0
'10000',0,0.0007433333333333334,3.299831645537221e-5,0.3065601841085593,1000.0
'00011',0,0.0003233333333333333,2.494438257849294e-5,0.2733435146401614,1000.0
'01111',0,0.0006966666666666666,8.498365855987973e-5,0.3065601841085593,1000.0
'01100',0,0.0009066666666666667,0.0001228368384845885,0.28795844688084704,1000.0
'00010',0,7.000000000000001e-5,1.4142135623730953e-5,0.28790905140850176,1000.0
'11101',0,7.000000000000001e-5,8.164965809277262e-6,0.28790905140850176,1000.0
