states,flag,Avg0,SD0,frust0,time
'01100',0,0.03147333333333333,0.00020821996915655226,0.20449580649631713,1000.0
'11010',0,0.09352333333333333,0.001141266353174788,0.21236587939968846,1000.0
'01101',0,0.031290000000000005,0.0005616641938620161,0.21967866231300698,1000.0
'01011',0,0.09318333333333333,0.00039347455092066645,0.22096513198899956,1000.0
'00011',0,0.06271333333333333,0.0009798412569844636,0.2446261223603097,1000.0
'10001',0,0.09460666666666666,0.0006695935749061238,0.19369633181474488,1000.0
'10100',0,0.09351,0.00022464787260659364,0.22096513198899956,1000.0
'00101',0,0.09348666666666666,0.0017256174418322154,0.21236587939968846,1000.0
'00110',0,0.03153333333333334,0.0005095313751107216,0.22549885333567826,1000.0
'01010',0,0.031566666666666666,0.0010689662711652254,0.19934221728992976,1000.0
'11100',0,0.06236,0.0001444529912001343,0.2446261223603097,1000.0
'10010',0,0.030469999999999997,0.00044773504069557364,0.21967866231300698,1000.0
'00111',0,0.03111,0.0004864154602806118,0.25027131713565326,1000.0
'11000',0,0.031209999999999998,0.0004245782220824183,0.25027131713565326,1000.0
'11001',0,0.03111,0.0006435837163881625,0.22549885333567826,1000.0
'01110',0,0.09426333333333332,0.0005508982563857773,0.19369633181474488,1000.0
'10011',0,0.03166333333333333,0.0005972343668015823,0.20449580649631713,1000.0
'10101',0,0.03092666666666667,0.0001635712552851363,0.19934221728992976,1000.0
