states,flag,Avg0,SD0,frust0,time
'01101',0,0.1363,0.0005666274496233506,0.25209052081619454,1000.0
'00111',0,0.06336333333333334,0.0009900953938327811,0.28428842988694597,1000.0
'01010',0,0.049383333333333335,0.0007776174437915383,0.25781661233346453,1000.0
'10010',0,0.13650666666666667,0.0005851685417230062,0.25209052081619454,1000.0
'01001',0,0.0419,0.0004576024475459022,0.23926749223569668,1000.0
'00101',0,0.08475333333333335,0.0007398348163986038,0.25066326931365096,1000.0
'11010',0,0.08458666666666666,0.0014364152912333145,0.25066326931365096,1000.0
'11000',0,0.06348666666666666,0.0008900312104390191,0.28428842988694597,1000.0
'01011',0,0.05421666666666666,0.0004969462300446134,0.2661356419606689,1000.0
'10011',0,0.010193333333333334,0.00023471022323045269,0.29649222676187187,1000.0
'10110',0,0.041806666666666666,0.0002583709650010159,0.23926749223569668,1000.0
'10100',0,0.05368333333333333,6.944222218666536e-5,0.2661356419606689,1000.0
'01100',0,0.009933333333333334,0.00016739839372652976,0.29649222676187187,1000.0
'10001',0,0.013233333333333333,0.0001276279314605115,0.28148328507547754,1000.0
'11100',0,0.016903333333333333,0.00033369979855486277,0.2833725016069016,1000.0
'10101',0,0.04905,0.0003490940656422944,0.25781661233346453,1000.0
'11001',0,0.02563333333333333,0.0005990177144477636,0.3129586761170812,1000.0
'00110',0,0.02569,0.0006981881312845891,0.3129586761170812,1000.0
'00011',0,0.017506666666666667,0.00045762672804614685,0.2833725016069016,1000.0
'11110',0,0.004243333333333334,4.9888765156985624e-5,0.3360848666948747,1000.0
'01110',0,0.013243333333333334,0.0004262497963505545,0.28148328507547754,1000.0
'00001',0,0.004383333333333334,0.0002656229575084873,0.3360848666948747,1000.0
