states,flag,Avg0,SD0,frust0,time
'10011',1,0.50131,0.001790884325317134,0.21701143166561834,27.977709868309205
'01100',1,0.49869,0.0017908843253171675,0.21701143166561834,28.102628011177682
