states,flag,Avg0,SD0,frust0,time
'10011',0,0.01476666666666667,0.0005216214037871614,0.26431999265524936,1000.0
'00101',0,0.16737666666666665,0.001610845188782028,0.21244678258903754,1000.0
'10101',0,0.13419,0.0010334731088260936,0.22799648679539863,1000.0
'01010',0,0.13449,0.0004055449009255019,0.22799648679539863,1000.0
'10110',0,0.033203333333333335,0.000442894519672073,0.2767883180585506,1000.0
'01011',0,0.08782333333333332,0.0004375944342526413,0.28313181319072556,1000.0
'11010',0,0.16874666666666668,0.0011113455308268889,0.21244678258903754,1000.0
'01101',0,0.02426333333333333,0.0004741542177627683,0.2229471923161297,1000.0
'10100',0,0.08781,0.0008346256645946161,0.28313181319072556,1000.0
'01100',0,0.015080000000000001,4.546060565661983e-5,0.26431999265524936,1000.0
'01001',0,0.03327666666666667,0.0003987759047663502,0.2767883180585506,1000.0
'10010',0,0.023743333333333335,0.0001635712552851363,0.2229471923161297,1000.0
'00110',0,0.01024,0.0001779513042005216,0.2964523886356413,1000.0
'00011',0,0.0039833333333333335,0.00014055445761538695,0.2981918010496978,1000.0
'10001',0,0.013293333333333332,0.00018354533197248248,0.25810136009205986,1000.0
'11000',0,0.005146666666666667,9.741092797468322e-5,0.2787608609637706,1000.0
'11100',0,0.004073333333333334,0.00010208928554075677,0.2981918010496978,1000.0
'11001',0,0.010033333333333333,0.00016438437341250573,0.2964523886356413,1000.0
'00111',0,0.005166666666666667,0.0001181336343111289,0.2787608609637706,1000.0
'00100',0,0.0026999999999999997,0.00024589970855343977,0.3622240568207096,1000.0
'01110',0,0.013373333333333334,0.0005478036955779768,0.25810136009205986,1000.0
'11110',0,0.0010366666666666666,9.533566430716727e-5,0.3514013415394015,1000.0
'01000',0,0.0012833333333333334,9.392668535736912e-5,0.3537387382230249,1000.0
'11011',0,0.0026666666666666666,0.00023697163449568298,0.3622240568207096,1000.0
'10111',0,0.0012799999999999999,6.164414002968984e-5,0.3537387382230249,1000.0
'00001',0,0.0009533333333333334,9.104333522498442e-5,0.3514013415394015,1000.0
