states,flag,Avg0,SD0,frust0,time
'01001',0,0.039786666666666665,0.0005368012253670401,0.2645589526495703,1000.0
'10011',0,0.007946666666666666,0.00038386919068291434,0.29788793318063117,1000.0
'10010',0,0.031286666666666664,0.00033089105289942295,0.274049037915978,1000.0
'11010',0,0.059230000000000005,0.0005889538748209972,0.25935293728319003,1000.0
'00111',0,0.14384666666666665,0.0015067477854268977,0.1830152310805649,1000.0
'01010',0,0.07177,0.00046050696701208034,0.2565980996061616,1000.0
'00101',0,0.060103333333333335,5.7927157323273796e-5,0.25935293728319003,1000.0
'10101',0,0.07133,0.0005187163643713811,0.2565980996061616,1000.0
'11000',0,0.14491,0.0013810382567715713,0.1830152310805649,1000.0
'10100',0,0.01996,0.0004526219909225212,0.28199864598966967,1000.0
'11001',0,0.03869999999999999,0.0008980348916755222,0.2596913756042458,1000.0
'01110',0,0.019026666666666667,0.0005179661078573474,0.2810869918794198,1000.0
'11101',0,0.0179,0.000287170100579199,0.34044499902084163,1000.0
'10110',0,0.040220000000000006,0.00039420806688854093,0.2645589526495703,1000.0
'10111',0,0.026723333333333335,0.0004481319250201022,0.2993408893764426,1000.0
'10001',0,0.019436666666666668,0.00039969432764996345,0.2810869918794198,1000.0
'00010',0,0.01782,0.00019612920911140817,0.34044499902084163,1000.0
'01111',0,0.007893333333333334,0.00020499322482029085,0.3174305797251471,1000.0
'11110',0,0.0030399999999999997,2.828427124746177e-5,0.3551053677066364,1000.0
'00110',0,0.03891666666666667,0.000514867836331703,0.2596913756042458,1000.0
'01101',0,0.03124,0.0002906314963431631,0.274049037915978,1000.0
'10000',0,0.007506666666666666,0.00025249862485874117,0.3174305797251471,1000.0
'11100',0,0.012233333333333334,0.00011264496832477197,0.25282581303494167,1000.0
'01100',0,0.007796666666666667,0.0001936204764194345,0.29788793318063117,1000.0
'01011',0,0.020273333333333334,0.0004406308608751268,0.28199864598966967,1000.0
'00011',0,0.01176,0.0001870828693386973,0.25282581303494167,1000.0
'01000',0,0.026413333333333334,0.0003068477726097342,0.2993408893764426,1000.0
'00001',0,0.00293,0.00011045361017187254,0.3551053677066364,1000.0
