states,flag,Avg0,SD0,frust0,time
'11001',0,0.028383333333333333,0.0007908785550821881,0.306818507151792,1000.0
'10001',0,0.028509999999999997,0.0001606237840420907,0.2780951019983765,1000.0
'01001',0,0.04454333333333333,0.00019703355608175751,0.25955305644071064,1000.0
'01010',0,0.04327,0.0001979898987322318,0.2578945671190296,1000.0
'01000',0,0.04286333333333333,0.0005144144459696131,0.30690376890048454,1000.0
'00111',0,0.05325,0.00035440090293338566,0.259612863187438,1000.0
'11101',0,0.018616666666666667,0.000407376429798725,0.35536115401354307,1000.0
'11000',0,0.05273333333333333,0.0004579179936286483,0.259612863187438,1000.0
'10011',0,0.03147333333333333,9.463379711052364e-5,0.28386872669311836,1000.0
'10111',0,0.043309999999999994,0.0006382789358893182,0.30690376890048454,1000.0
'11010',0,0.027323333333333335,0.0003866379299666406,0.26140482350467376,1000.0
'10101',0,0.04327333333333333,0.00011841546445554348,0.2578945671190296,1000.0
'01110',0,0.02870666666666667,0.0006542850211405495,0.2780951019983765,1000.0
'10110',0,0.044603333333333335,0.0009292410284145274,0.25955305644071064,1000.0
'11100',0,0.045843333333333326,0.0004407821331325595,0.24747867735734252,1000.0
'10100',0,0.05337,0.00032690467519854653,0.24443735171606432,1000.0
'01101',0,0.027753333333333335,0.0006432383349549035,0.2971948469251911,1000.0
'00011',0,0.04657666666666666,0.00016357125528513602,0.24747867735734252,1000.0
'11110',0,0.024796666666666665,2.8674417556808933e-5,0.2925062147612913,1000.0
'01011',0,0.05461666666666667,0.00023612614331233172,0.24443735171606432,1000.0
'01111',0,0.013920000000000002,0.00033674916480965535,0.3253147192872578,1000.0
'11011',0,0.015066666666666666,0.00020997354330698167,0.3425039645258363,1000.0
'00001',0,0.02531,0.00019815818596935857,0.2925062147612913,1000.0
'00100',0,0.014613333333333332,0.0003442221504913487,0.3425039645258363,1000.0
'01100',0,0.03190333333333333,0.00017745108872274857,0.28386872669311836,1000.0
'00101',0,0.027046666666666663,0.0005820843772360013,0.26140482350467376,1000.0
'10010',0,0.02703,0.0001745470328211472,0.2971948469251911,1000.0
'00010',0,0.019036666666666667,0.0007626416079799367,0.35536115401354307,1000.0
'00110',0,0.02867,0.00010677078252031201,0.306818507151792,1000.0
'10000',0,0.013586666666666665,0.00016779617264870914,0.3253147192872578,1000.0
