states,flag,Avg0,SD0,frust0,time
'10011',0,0.09769666666666667,0.0008852996981562545,0.24669984013198187,1000.0
'01110',0,0.09315666666666667,0.0005715670467135839,0.20991317644167665,1000.0
'11100',0,0.009486666666666666,0.0001108552609887724,0.29112049299186216,1000.0
'10001',0,0.09304,9.8994949366118e-5,0.20991317644167665,1000.0
'01100',0,0.09821666666666667,0.0005478645412467892,0.24669984013198187,1000.0
'01101',0,0.08954333333333332,0.0007355874447602301,0.2214164910224439,1000.0
'11000',0,0.011090000000000001,0.00014899664425751304,0.3039631145150383,1000.0
'00101',0,0.055156666666666666,0.0001699673171197612,0.20992125076188986,1000.0
'11010',0,0.05511333333333334,0.00045697070171097645,0.20992125076188986,1000.0
'01001',0,0.024246666666666666,0.0002124983660067895,0.23357535907931723,1000.0
'10101',0,0.04286,0.0003982461550347983,0.24781295735668465,1000.0
'00110',0,0.03570333333333333,9.39266853573695e-5,0.2674047224571513,1000.0
'10010',0,0.08958666666666666,0.00047225228662466345,0.2214164910224439,1000.0
'01011',0,0.02552,0.0005967132197854061,0.2822229238050173,1000.0
'00001',0,0.008463333333333331,3.0912061651651894e-5,0.25982327371867586,1000.0
'11001',0,0.03556,0.0001430617582258342,0.2674047224571513,1000.0
'11110',0,0.008533333333333334,0.0003963444069100623,0.25982327371867586,1000.0
'10100',0,0.025639999999999996,0.0005238320341483526,0.2822229238050173,1000.0
'01010',0,0.043583333333333335,0.0006153770298677792,0.24781295735668465,1000.0
'10110',0,0.024603333333333335,0.00047005909793934955,0.23357535907931723,1000.0
'00111',0,0.01127,0.00011045361017187308,0.3039631145150383,1000.0
'00011',0,0.009376666666666667,0.00018696404883173588,0.29112049299186216,1000.0
'10111',0,0.00354,0.00016391054470858997,0.34734426552695197,1000.0
'01000',0,0.003986666666666666,0.0001851725921644153,0.34734426552695197,1000.0
'11101',0,0.0025033333333333335,0.00022095751225568734,0.343047658272072,1000.0
'00010',0,0.002523333333333333,0.00020417857108151406,0.343047658272072,1000.0
