states,flag,Avg0,SD0,frust0,time
'00111',1,0.5017666666666667,0.007835957007425592,0.2059314606547743,12.785347403253171
'11000',1,0.4982333333333333,0.007835957007425566,0.2059314606547743,12.910669118505668
