states,flag,Avg0,SD0,frust0,time
'00010',0,0.005483333333333333,9.030811456096033e-5,0.36486851547098154,1000.0
'01001',0,0.012043333333333335,0.00033806639716021616,0.32919395265848295,1000.0
'10010',0,0.10154,0.00035185224171518,0.2456354202736823,1000.0
'00101',0,0.09563333333333333,0.0007092875925101829,0.2799628555412402,1000.0
'11100',0,0.04036,0.0002268626603623146,0.297563515406289,1000.0
'10101',0,0.07365666666666666,0.00020038851153585704,0.2840487303755982,1000.0
'11010',0,0.09525666666666666,0.0010464649487149028,0.2799628555412402,1000.0
'00011',0,0.04021,0.00016872067646458253,0.297563515406289,1000.0
'01101',0,0.10086333333333335,0.0006053832578531492,0.2456354202736823,1000.0
'01100',0,0.08761000000000001,0.0006758698099486334,0.24170511440551923,1000.0
'01010',0,0.07201666666666666,0.0006661998365522316,0.2840487303755982,1000.0
'00110',0,0.021883333333333334,0.00011145502331533692,0.3059986090247869,1000.0
'10100',0,0.010843333333333335,2.624669291337325e-5,0.32529621597594527,1000.0
'01011',0,0.010710000000000003,6.377042156569694e-5,0.32529621597594527,1000.0
'01110',0,0.03344666666666667,0.0007027722880769336,0.2721058031901828,1000.0
'11001',0,0.02162333333333333,0.00026386023236217734,0.3059986090247869,1000.0
'10011',0,0.08650000000000001,0.000908074886779721,0.24170511440551923,1000.0
'10001',0,0.032953333333333334,0.0006208238254305505,0.2721058031901828,1000.0
'11000',0,0.01486,0.0005559376463837169,0.29638823734575587,1000.0
'10110',0,0.011813333333333334,0.00037791827452800166,0.32919395265848295,1000.0
'00001',0,0.003013333333333333,6.944222218666551e-5,0.41044836718682,1000.0
'00111',0,0.01414,0.0003317629675938332,0.29638823734575587,1000.0
'11110',0,0.002826666666666667,2.054804667656331e-5,0.41044836718682,1000.0
'10000',0,0.0026566666666666666,4.714045207910329e-5,0.37104791717619134,1000.0
'11101',0,0.005399999999999999,0.00013366625103842285,0.36486851547098154,1000.0
'01111',0,0.002656666666666667,0.00023471022323045252,0.37104791717619134,1000.0
