states,flag,Avg0,SD0,frust0,time
'01001',1,0.5028666666666667,0.00418754767800385,0.2751687926386339,16.629312966902916
'10110',1,0.49713333333333337,0.004187547678003866,0.2751687926386339,16.745281973322502
