states,flag,Avg0,SD0,frust0,time
'01010',0,0.12402999999999999,0.0004084931659975072,0.17704775703995485,1000.0
'11100',0,0.04821333333333333,0.0005461583002105598,0.1701882750415752,1000.0
'01110',0,0.15836999999999998,0.0006837153403768808,0.17616958631305762,1000.0
'00110',0,0.020776666666666666,6.599663291074455e-5,0.20295312297128085,1000.0
'10001',0,0.15860666666666667,0.0010639653294267767,0.17616958631305762,1000.0
'00111',0,0.04035333333333333,0.0006940381033407957,0.1589482330756796,1000.0
'10101',0,0.12484,0.0009635697518429414,0.17704775703995485,1000.0
'11000',0,0.039703333333333334,0.0005308065142361697,0.1589482330756796,1000.0
'11010',0,0.04424,0.0007257180352359085,0.1812568175531739,1000.0
'01011',0,0.04575333333333333,0.000459879211194515,0.2320245175700547,1000.0
'00011',0,0.047610000000000006,0.00046676189504571593,0.1701882750415752,1000.0
'10100',0,0.04583333333333334,0.0004970133018564226,0.2320245175700547,1000.0
'01111',0,0.011223333333333333,0.0004892397730720139,0.2680046718301672,1000.0
'11001',0,0.02017333333333333,7.930251502246832e-5,0.20295312297128085,1000.0
'00101',0,0.04399666666666666,0.00014079141387961903,0.1812568175531739,1000.0
'10000',0,0.011236666666666666,0.00031414787742222426,0.2680046718301672,1000.0
'10010',0,0.00405,8.831760866327821e-5,0.22445707627356928,1000.0
'01101',0,0.004163333333333334,0.00022661764175711382,0.22445707627356928,1000.0
'11110',0,0.0002666666666666667,5.249338582674542e-5,0.2671780305015671,1000.0
'00001',0,0.00028000000000000003,6.377042156569662e-5,0.2671780305015671,1000.0
'10110',0,0.0008233333333333334,6.649979114420003e-5,0.26315809299595433,1000.0
'01100',0,0.0021,0.00024097026095903752,0.2002961699129867,1000.0
'10011',0,0.0021166666666666664,9.03081145609605e-5,0.2002961699129867,1000.0
'01001',0,0.00077,5.3541261347363375e-5,0.26315809299595433,1000.0
'10111',0,0.00021,8.16496580927726e-6,0.2758555116223815,1000.0
'01000',0,0.00026,7.118052168020875e-5,0.2758555116223815,1000.0
