states,flag,Avg0,SD0,frust0,time
'01011',0,0.013823333333333333,0.0001291854825005072,0.2843503872617815,1000.0
'10011',0,0.13255,0.0006570134448142294,0.2558246795944416,1000.0
'10010',0,0.09657333333333334,0.0006612278141625781,0.21890365948050963,1000.0
'00011',0,0.16118333333333332,0.0004087650778734468,0.24540214529797036,1000.0
'01100',0,0.13095666666666667,0.0013486866039060204,0.2558246795944416,1000.0
'11001',0,0.01582333333333333,0.0004475364665464582,0.2803421898859702,1000.0
'11100',0,0.15988333333333332,0.0005095313751107183,0.24540214529797036,1000.0
'01001',0,0.042,0.00037585458180880004,0.2663702025969565,1000.0
'11010',0,0.010983333333333333,0.00043560940710176945,0.2615002088889943,1000.0
'10110',0,0.04233,0.0003302524287066905,0.2663702025969565,1000.0
'01101',0,0.09499333333333333,0.0005756349151637282,0.21890365948050963,1000.0
'10101',0,0.0066166666666666665,0.0001519502842672196,0.30663719920552734,1000.0
'11000',0,0.009223333333333333,3.299831645537163e-5,0.28426141237858304,1000.0
'10100',0,0.013803333333333334,9.030811456096033e-5,0.2843503872617815,1000.0
'00100',0,0.00747,0.00021400934559032698,0.3487494758573807,1000.0
'01010',0,0.006663333333333334,0.00017745108872274914,0.30663719920552734,1000.0
'00111',0,0.00906,0.0005553977553669682,0.28426141237858304,1000.0
'00110',0,0.0161,0.00033950945004030075,0.2803421898859702,1000.0
'00101',0,0.011533333333333333,0.0003026916289265731,0.2615002088889943,1000.0
'11011',0,0.007216666666666667,0.00016858891488535718,0.3487494758573807,1000.0
'00010',0,0.00551,7.118052168020893e-5,0.3180172040961706,1000.0
'11101',0,0.005703333333333334,0.0003434465832637667,0.3180172040961706,1000.0
