states,flag,Avg0,SD0,frust0,time
'00101',0,0.06996666666666666,0.0005687608362826078,0.2134550323257643,1000.0
'01101',0,0.1324,0.0004495182606598628,0.21022210272454472,1000.0
'10010',0,0.13214,0.0007589905576926891,0.21022210272454472,1000.0
'11001',0,0.022303333333333338,0.00036012343562852,0.2660674130231706,1000.0
'01011',0,0.11390666666666667,0.0008975646061550226,0.19751924789316466,1000.0
'00110',0,0.02165333333333333,0.00034759491109943207,0.2660674130231706,1000.0
'10100',0,0.11470333333333334,0.0006409541498595849,0.19751924789316466,1000.0
'10101',0,0.0436,0.0006043729532885036,0.2345143321783325,1000.0
'10110',0,0.04425333333333333,0.0004916186417223103,0.23778630780573853,1000.0
'01001',0,0.044066666666666664,0.0009936576651722426,0.23778630780573853,1000.0
'00100',0,0.005626666666666666,0.00010498677165349109,0.2934554105446674,1000.0
'11010',0,0.07021333333333334,0.0014071800011212347,0.2134550323257643,1000.0
'00011',0,0.017873333333333335,0.00042990955121074243,0.23710951480388498,1000.0
'11100',0,0.018226666666666665,0.0007701226453551987,0.23710951480388498,1000.0
'00111',0,0.021236666666666668,0.0004845845872726673,0.24197514850472238,1000.0
'01110',0,0.011806666666666667,0.00023669013968102308,0.2923785227674688,1000.0
'01010',0,0.04385666666666666,0.0002805153986662575,0.2345143321783325,1000.0
'01100',0,0.008453333333333334,9.104333522498445e-5,0.24728247972210687,1000.0
'11000',0,0.02076,0.00022992752481307353,0.24197514850472238,1000.0
'10011',0,0.008313333333333334,3.091206165165271e-5,0.24728247972210687,1000.0
'11011',0,0.0057933333333333335,9.741092797468312e-5,0.2934554105446674,1000.0
'10000',0,0.0029266666666666664,0.00010873004286866715,0.31122625947036153,1000.0
'00010',0,0.0056433333333333335,0.00014884742374510736,0.3170446003103937,1000.0
'11101',0,0.005586666666666666,0.00010873004286866756,0.3170446003103937,1000.0
'10001',0,0.011776666666666666,0.00018571184369578874,0.2923785227674688,1000.0
'01111',0,0.0029133333333333333,0.000171529071070248,0.31122625947036153,1000.0
