states,flag,Avg0,SD0,frust0,time
'00011',0,0.044366666666666665,0.0001977091016844949,0.17825396070697674,1000.0
'01110',0,0.04643,0.00031822423959633505,0.17526584161393113,1000.0
'10011',0,0.05773333333333334,0.0007358592860655421,0.212161772215699,1000.0
'11000',0,0.036866666666666666,0.0006280304309682956,0.21466579464790503,1000.0
'10100',0,0.03503333333333333,0.0005594243072619868,0.20794114657515195,1000.0
'11110',0,0.013720000000000001,0.00017454703282114743,0.2385348918881201,1000.0
'10001',0,0.04600666666666667,0.000578638248150105,0.17526584161393113,1000.0
'11100',0,0.04455666666666667,0.000771592869041409,0.17825396070697674,1000.0
'00101',0,0.08306333333333334,0.0005499292883837172,0.19921834769196198,1000.0
'10010',0,0.06265666666666667,4.496912521077284e-5,0.2115866302249383,1000.0
'01011',0,0.035399999999999994,0.000617467947886095,0.20794114657515195,1000.0
'00111',0,0.036910000000000005,0.0004928150430604421,0.21466579464790503,1000.0
'11010',0,0.08373666666666668,0.0005013537229896223,0.19921834769196198,1000.0
'01010',0,0.04921,0.0009571137166850504,0.18814099102539011,1000.0
'10101',0,0.04838666666666667,0.0005444467120134176,0.18814099102539011,1000.0
'00110',0,0.01816,0.0002174089847882708,0.23135487179622571,1000.0
'11101',0,0.02668,0.0004600724580614088,0.2536568003517585,1000.0
'01100',0,0.05784,0.0002127596452964388,0.212161772215699,1000.0
'00001',0,0.013263333333333334,0.0003564952859280033,0.2385348918881201,1000.0
'00010',0,0.02702,0.0004574567374808976,0.2536568003517585,1000.0
'01101',0,0.06344666666666667,0.0003802922852520425,0.2115866302249383,1000.0
'10110',0,0.007846666666666667,0.00010402991022884808,0.2414763952770226,1000.0
'10000',0,0.011756666666666667,0.0003492213560989013,0.253779759660154,1000.0
'11001',0,0.017856666666666667,0.0005470730197047644,0.23135487179622571,1000.0
'01001',0,0.007799999999999999,5.7154760664940977e-5,0.2414763952770226,1000.0
'01111',0,0.01213,0.00011860297916438145,0.253779759660154,1000.0
'11011',0,0.006006666666666666,0.00018571184369578836,0.2949964848772664,1000.0
'00100',0,0.006116666666666666,0.00010624918300339513,0.2949964848772664,1000.0
