states,flag,Avg0,SD0,frust0,time
'01110',0,0.16879999999999998,0.0026919633479426603,0.1973972826332009,1000.0
'10011',0,0.16916666666666666,0.0020237478982214003,0.1625098113884453,1000.0
'01010',0,0.16556666666666667,0.005541560149352237,0.173357725458922,1000.0
'10101',0,0.16486666666666666,0.0009392668535736897,0.173357725458922,1000.0
'01100',0,0.16536666666666666,0.0011897712198383102,0.1625098113884453,1000.0
'10001',0,0.16623333333333334,0.004767482447674965,0.1973972826332009,1000.0
