states,flag,Avg0,SD0,frust0,time
'10011',0,0.08422333333333333,0.0006392356546863004,0.2546287701648954,1000.0
'01101',0,0.13850333333333334,0.0005049972497174856,0.2359564511729386,1000.0
'10100',0,0.04437,9.273618495495749e-5,0.2844816453025976,1000.0
'10001',0,0.06855666666666667,0.000206774165590281,0.30919747668481584,1000.0
'11100',0,0.04172,0.00032954514106568045,0.30379664001093754,1000.0
'00110',0,0.016643333333333333,0.00039347455092066965,0.29829211714652293,1000.0
'11001',0,0.016763333333333335,0.00037464056848605676,0.29829211714652293,1000.0
'01110',0,0.06760333333333333,0.00035122009560324924,0.30919747668481584,1000.0
'10010',0,0.13783333333333334,0.00048623268321064964,0.2359564511729386,1000.0
'00011',0,0.04136,0.0003802630668366311,0.30379664001093754,1000.0
'01011',0,0.04351,0.0005048432099837201,0.2844816453025976,1000.0
'01100',0,0.08413,0.0009195651146058154,0.2546287701648954,1000.0
'01001',0,0.027646666666666667,0.0001222929088522936,0.2683684296573826,1000.0
'11000',0,0.012603333333333333,0.0003674537007872178,0.29565804799171364,1000.0
'10101',0,0.018923333333333334,0.00021761331658599252,0.3027189040513584,1000.0
'00001',0,0.01722,0.0002041241452319317,0.40725313326297546,1000.0
'00101',0,0.015963333333333333,0.00042287376629701455,0.28538550302835236,1000.0
'01010',0,0.018740000000000003,0.00012355835328567067,0.3027189040513584,1000.0
'11110',0,0.017266666666666666,1.2472191289245964e-5,0.40725313326297546,1000.0
'10110',0,0.027303333333333332,0.0003838691906829142,0.2683684296573826,1000.0
'00111',0,0.012863333333333333,0.00037061510432732713,0.29565804799171364,1000.0
'11010',0,0.016333333333333335,0.00029227080289043954,0.28538550302835236,1000.0
'11101',0,0.010190000000000001,0.00012832251036613452,0.38126919626324457,1000.0
'00010',0,0.010436666666666665,0.00012657891697365068,0.38126919626324457,1000.0
'01000',0,0.004693333333333333,0.0001096458946893236,0.3618792357468373,1000.0
'10111',0,0.0046,0.00011430952132988155,0.3618792357468373,1000.0
