states,flag,Avg0,SD0,frust0,time
'00010',0,0.013453333333333333,0.00027620443314488796,0.2866426777826103,1000.0
'10100',0,0.07899666666666666,0.0007553512795749792,0.18452978220330668,1000.0
'10010',0,0.04319,0.00020314198646923366,0.23761954622417203,1000.0
'10011',0,0.027246666666666666,0.0004664999702274611,0.24127873797263763,1000.0
'00110',0,0.05536,0.00014236104336041818,0.20871482718957013,1000.0
'01101',0,0.04272,0.00022905603390145887,0.23761954622417203,1000.0
'00101',0,0.06338333333333333,0.0007372169890126551,0.2144645675504714,1000.0
'11001',0,0.054246666666666665,0.0002795631512834901,0.20871482718957013,1000.0
'11000',0,0.04050666666666666,0.0009415353890793969,0.2146891524212651,1000.0
'01001',0,0.07262666666666666,0.00034120700787384416,0.21318345938906347,1000.0
'11010',0,0.06343333333333334,0.0003241741644377114,0.2144645675504714,1000.0
'01010',0,0.009993333333333333,0.0004882849805413044,0.22716822832419184,1000.0
'10001',0,0.015866666666666664,0.00023683092891108842,0.236443612021627,1000.0
'00011',0,0.045610000000000005,0.0006780855403265868,0.19786627225633854,1000.0
'00111',0,0.038689999999999995,0.0005798850460795362,0.2146891524212651,1000.0
'10110',0,0.07274333333333334,0.0006141841924229433,0.21318345938906347,1000.0
'01011',0,0.07923333333333334,0.0008964497878979202,0.18452978220330668,1000.0
'11110',0,0.01118,0.00027067816067549103,0.27723171500583815,1000.0
'01100',0,0.02778333333333333,0.00034701905167039784,0.24127873797263763,1000.0
'00001',0,0.011656666666666668,0.00022365648262955023,0.27723171500583815,1000.0
'11100',0,0.04598333333333333,0.0004533088228668059,0.19786627225633854,1000.0
'00100',0,0.02297,0.0005885575587824852,0.26426171870432363,1000.0
'10101',0,0.009996666666666668,0.00021853044537445014,0.22716822832419184,1000.0
'11101',0,0.013803333333333334,0.00024143091949642363,0.2866426777826103,1000.0
'01110',0,0.016586666666666666,0.00042897811391983797,0.236443612021627,1000.0
'11011',0,0.02274,0.00022375581929117878,0.26426171870432363,1000.0
