states,flag,Avg0,SD0,frust0,time
'11100',1,0.49926999999999994,0.000959062041788737,0.20408530773328223,14.511631241740725
'00011',1,0.50073,0.000959062041788737,0.20408530773328223,14.54952989777766
