states,flag,Avg0,SD0,frust0,time
'11000',1,0.4997366666666667,0.000763951714588183,0.18950291105846284,25.930719432855
'00111',1,0.5002633333333333,0.000763951714588183,0.18950291105846284,25.918098844625494
