states,flag,Avg0,SD0,frust0,time
'10110',0,0.08989333333333334,0.000415879255981295,0.2554910638220995,1000.0
'01100',0,0.05865,0.0004988653793025391,0.28274937298795794,1000.0
'01101',0,0.06969666666666667,0.0004000277768133409,0.27005474880045227,1000.0
'01011',0,0.021093333333333335,0.0002982541794435678,0.3072991644494573,1000.0
'00101',0,0.03610666666666667,0.000640537968342933,0.28858545015594406,1000.0
'11100',0,0.024906666666666664,0.0002168460795638739,0.32214713846701826,1000.0
'01010',0,0.03242,0.0003238312317653546,0.25790344820594485,1000.0
'10111',0,0.010156666666666668,0.0002577250904010358,0.3559554977827943,1000.0
'11000',0,0.04060333333333333,0.00013912424503139637,0.3227982045728931,1000.0
'11001',0,0.08088000000000001,0.0005511805511808251,0.258786189657599,1000.0
'10010',0,0.06942,0.0005909878735360536,0.27005474880045227,1000.0
'10011',0,0.05903333333333333,0.000706745278646336,0.28274937298795794,1000.0
'01001',0,0.08998333333333335,0.0006405379683429305,0.2554910638220995,1000.0
'00110',0,0.08056666666666666,0.0009320348109855649,0.258786189657599,1000.0
'00010',0,0.017513333333333332,2.054804667656373e-5,0.3459049333249132,1000.0
'11010',0,0.03636,0.0002426245384677028,0.28858545015594406,1000.0
'10101',0,0.03277333333333334,0.0001600694293805735,0.25790344820594485,1000.0
'00111',0,0.039810000000000005,0.00046953878079096793,0.3227982045728931,1000.0
'01000',0,0.010256666666666666,0.0005161610429141491,0.3559554977827943,1000.0
'01110',0,0.012603333333333333,0.0004657848812011353,0.28844829295730495,1000.0
'11101',0,0.01719,0.00023423634787681175,0.3459049333249132,1000.0
'10100',0,0.021246666666666667,0.0002608107018935808,0.3072991644494573,1000.0
'00011',0,0.025480000000000003,0.0006606562394064458,0.32214713846701826,1000.0
'01111',0,0.005146666666666667,0.00017461067804945066,0.4256138189740065,1000.0
'10001',0,0.012836666666666665,0.00023170862929310353,0.28844829295730495,1000.0
'10000',0,0.005373333333333334,0.00013888444437333116,0.4256138189740065,1000.0
