states,flag,Avg0,SD0,frust0,time
'11000',1,0.49888666666666664,0.002578065596958732,0.22149914577131719,12.296861500433245
'00111',1,0.5011133333333334,0.002578065596958747,0.22149914577131719,12.29741837463675
