states,flag,Avg0,SD0,frust0,time
'10110',0,0.04752666666666666,0.0007299467256055189,0.2729551460094363,1000.0
'10111',0,0.014223333333333333,0.00023228335186912456,0.3395770224087658,1000.0
'10011',0,0.06677,0.0009841070402485002,0.24091797852826796,1000.0
'01000',0,0.014249999999999999,0.0002578113005022603,0.3395770224087658,1000.0
'01100',0,0.06657333333333333,0.00048582118338151895,0.24091797852826796,1000.0
'00110',0,0.025983333333333334,0.00038818666758260606,0.25873330925987725,1000.0
'01011',0,0.036346666666666666,0.00011145502331533612,0.29026543719511133,1000.0
'01010',0,0.05696333333333333,0.00048746509846574757,0.256821310799746,1000.0
'01001',0,0.047479999999999994,0.00019595917942265476,0.2729551460094363,1000.0
'01110',0,0.08491666666666668,0.0017209751757522671,0.19188598424145756,1000.0
'00011',0,0.04968,0.0002046134567096377,0.2830674413468899,1000.0
'00010',0,0.01876,0.00030232432915661893,0.3354627752331213,1000.0
'10101',0,0.05726666666666667,0.0007209407434425931,0.256821310799746,1000.0
'11100',0,0.04915666666666666,0.00030136725472788617,0.2830674413468899,1000.0
'10010',0,0.05147666666666667,2.4944382578491928e-5,0.26976408604894897,1000.0
'10001',0,0.08459333333333334,0.0004870546398734175,0.19188598424145756,1000.0
'10100',0,0.036629999999999996,0.000729246186140182,0.29026543719511133,1000.0
'11101',0,0.019463333333333332,0.0001369509238944952,0.3354627752331213,1000.0
'01101',0,0.05127333333333334,0.0007488806461794969,0.26976408604894897,1000.0
'11001',0,0.026316666666666665,0.00031329787033357776,0.25873330925987725,1000.0
'11110',0,0.016220000000000002,0.0003244482495971682,0.3276900626071199,1000.0
'00001',0,0.01593666666666667,3.7712361663282636e-5,0.3276900626071199,1000.0
'00111',0,0.01155,9.933109617167563e-5,0.30180595929365633,1000.0
'11010',0,0.016743333333333336,0.00037464056848605676,0.31270486323167695,1000.0
'00101',0,0.016816666666666664,0.0005310576449145824,0.31270486323167695,1000.0
'11000',0,0.011363333333333335,0.00015542057635833028,0.30180595929365633,1000.0
'01111',0,0.0028633333333333336,4.988876515698582e-5,0.32079809455683345,1000.0
'10000',0,0.0028566666666666666,7.760297817881881e-5,0.32079809455683345,1000.0
