states,flag,Avg0,SD0,frust0,time
'01011',0,0.051219999999999995,0.0005909878735360553,0.2655246228558786,1000.0
'10010',0,0.016193333333333334,0.00018909139471577087,0.2577471905848152,1000.0
'00101',0,0.02058666666666667,0.0003553714801287361,0.24278869700616973,1000.0
'10011',0,0.14708333333333334,0.0015367787377787605,0.20611537536182886,1000.0
'11110',0,0.005243333333333333,0.0001225651754056682,0.3026803717327083,1000.0
'01010',0,0.02844333333333333,0.0003561210780369822,0.30806474254309635,1000.0
'00111',0,0.047580000000000004,0.0006246599074696581,0.24508462259683006,1000.0
'10110',0,0.015176666666666666,0.00014337208778404366,0.25622731012563965,1000.0
'01100',0,0.14661333333333335,0.0005753453069437713,0.20611537536182886,1000.0
'10001',0,0.03541333333333333,0.0005148678363317014,0.24677040709004472,1000.0
'01111',0,0.011796666666666665,8.993825042154684e-5,0.343806578550558,1000.0
'00011',0,0.08295333333333334,0.0006557099629832938,0.22821422208786488,1000.0
'00110',0,0.025109999999999997,0.0004223742416388576,0.2510787770304706,1000.0
'11000',0,0.04724999999999999,0.0008075064499226415,0.24508462259683006,1000.0
'11010',0,0.021416666666666667,0.000520405824546788,0.24278869700616973,1000.0
'11100',0,0.08333666666666667,0.0005517447074709695,0.22821422208786488,1000.0
'10000',0,0.011793333333333331,0.00021202725191719,0.343806578550558,1000.0
'01101',0,0.016013333333333334,0.00014522013940527942,0.2577471905848152,1000.0
'10101',0,0.029063333333333333,0.0005200213670823737,0.30806474254309635,1000.0
'01110',0,0.03528333333333333,0.0006936537721050442,0.24677040709004472,1000.0
'00001',0,0.005313333333333334,0.00034740306401770393,0.3026803717327083,1000.0
'10100',0,0.05139666666666667,0.0006265957406671543,0.2655246228558786,1000.0
'00100',0,0.012553333333333333,0.0002490426112580377,0.294187207677337,1000.0
'11001',0,0.02459,0.0008509210695867549,0.2510787770304706,1000.0
'11011',0,0.012763333333333335,7.039570693980951e-5,0.294187207677337,1000.0
'01001',0,0.015813333333333335,0.0002559079695689235,0.25622731012563965,1000.0
