states,flag,Avg0,SD0,frust0,time
'00110',0,0.03131333333333333,0.0008097050217345965,0.27820837626358375,1000.0
'00011',0,0.032010000000000004,0.00061013659672787,0.2794266662127172,1000.0
'11100',0,0.03274333333333334,0.000473943268991367,0.2794266662127172,1000.0
'11010',0,0.07018999999999999,0.0008286535263104038,0.29684765959714804,1000.0
'10101',0,0.05526333333333333,1.699673171197798e-5,0.29715270870439686,1000.0
'10010',0,0.04410333333333333,0.0008508949536941798,0.27525451181365634,1000.0
'00101',0,0.07110666666666667,0.00017016332024133953,0.29684765959714804,1000.0
'01110',0,0.08567000000000001,0.0003699549522126543,0.23723704846514834,1000.0
'01100',0,0.058546666666666664,0.000880959073333655,0.23503076239575107,1000.0
'10110',0,0.02308666666666666,0.0005926962872238098,0.2840259864477086,1000.0
'10011',0,0.059199999999999996,0.0006612614208213476,0.23503076239575107,1000.0
'01111',0,0.01154,0.0002572936066053723,0.3250798871984299,1000.0
'10100',0,0.034826666666666665,0.00027133415233291595,0.2679873771747452,1000.0
'00010',0,0.010903333333333334,0.00012657891697365068,0.385155902861309,1000.0
'01001',0,0.023059999999999997,0.000359258495608199,0.2840259864477086,1000.0
'10001',0,0.08628999999999999,0.0005151698748956495,0.23723704846514834,1000.0
'01011',0,0.03489333333333333,0.00027716822007983093,0.2679873771747452,1000.0
'01101',0,0.04382,0.0005276994093863165,0.27525451181365634,1000.0
'11001',0,0.03138333333333334,0.00032998316455372297,0.27820837626358375,1000.0
'00001',0,0.01377,0.00014854853303438096,0.3526510005896772,1000.0
'11000',0,0.011033333333333334,0.00027523727137790665,0.2894873098779252,1000.0
'11101',0,0.01094,0.0,0.385155902861309,1000.0
'00100',0,0.01611,0.000347275107083706,0.3331878152981828,1000.0
'10000',0,0.011426666666666667,0.0003412070078738454,0.3250798871984299,1000.0
'01010',0,0.055900000000000005,0.0002709243436828814,0.29715270870439686,1000.0
'11110',0,0.01403,0.00014854853303438096,0.3526510005896772,1000.0
'11011',0,0.016089999999999997,0.00029698484809835085,0.3331878152981828,1000.0
'00111',0,0.010750000000000001,0.00010198039027185586,0.2894873098779252,1000.0
