states,flag,Avg0,SD0,frust0,time
'10110',0,0.15194666666666667,0.0005263923336152267,0.23504793638386834,1000.0
'00101',0,0.032900000000000006,6.164414002969138e-5,0.2616450673565025,1000.0
'01001',0,0.15273333333333336,0.0009576475807356725,0.23504793638386834,1000.0
'01100',0,0.032703333333333334,3.299831645537111e-5,0.26864976111429595,1000.0
'00111',0,0.022283333333333336,3.681787005729072e-5,0.2964642951789167,1000.0
'01011',0,0.11027333333333333,0.0007344083030273801,0.22979733826319987,1000.0
'00110',0,0.0231,0.00012083045973594568,0.28213478969591305,1000.0
'11010',0,0.03355333333333333,0.0004927699485786671,0.2616450673565025,1000.0
'01010',0,0.049173333333333326,0.0005646434469842201,0.2548306235244353,1000.0
'10011',0,0.03356,0.0003295451410656804,0.26864976111429595,1000.0
'10100',0,0.11000333333333334,0.001547672087003218,0.22979733826319987,1000.0
'10101',0,0.049690000000000005,0.0004010818702792062,0.2548306235244353,1000.0
'11001',0,0.02338333333333333,0.0003417926596962294,0.28213478969591305,1000.0
'10000',0,0.010079999999999999,0.00016872067646458392,0.31178556959484366,1000.0
'10001',0,0.03834333333333333,0.0002185304453744503,0.25735144234705193,1000.0
'01111',0,0.010363333333333334,0.00020005554784164844,0.31178556959484366,1000.0
'01110',0,0.038226666666666666,0.00031084115271666203,0.25735144234705193,1000.0
'01101',0,0.01915333333333333,0.00015084944665313054,0.24095230936632514,1000.0
'11000',0,0.02288,0.00020016659728003272,0.2964642951789167,1000.0
'00100',0,0.008643333333333334,8.576453553512411e-5,0.3294471408692614,1000.0
'10010',0,0.01901,0.0005217917847826539,0.24095230936632514,1000.0
'11011',0,0.007996666666666666,0.00026144895401503435,0.3294471408692614,1000.0
