states,flag,Avg0,SD0,frust0,time
'00111010',1,0.04114333333333333,0.0004364503280888793,0.19028448195838138,17.159978335968457
'10011001',1,0.036610000000000004,0.00038944404818493035,0.17876842371016244,15.252529912705038
'10111000',1,0.06059333333333333,0.0001713346303452874,0.18720067413551325,19.11077625546608
'10001101',1,0.16725333333333334,0.000797760755002546,0.17316524848106005,24.89998627024973
'10101100',1,0.13561333333333334,0.0007040044191780505,0.1757912289969214,26.386008270078538
'01110010',1,0.16879,0.00045920220673105504,0.17316524848106005,25.004482624506924
'11000101',1,0.04096333333333333,0.000880201997018615,0.19028448195838138,17.20558624533564
'00110011',1,0.04726333333333333,0.00033905096306537,0.19846137227580532,17.023668076249503
'00010111',1,0.011046666666666665,0.00046963342678684567,0.2200988197352084,3.498387988308958
'01000111',1,0.05995999999999999,0.00020832666655999798,0.18720067413551325,19.012826202687563
'01010011',1,0.1349733333333333,0.0008777369892070227,0.1757912289969214,26.53396443552252
'11001100',1,0.047580000000000004,0.000909212113132388,0.19846137227580532,17.13742021417106
'01100110',1,0.03649333333333333,0.0002053181812591263,0.17876842371016244,14.940229428334561
'11101000',1,0.011716666666666667,0.0003296799795087483,0.2200988197352084,3.576205043606425
