states,flag,Avg0,SD0,frust0,time
'10110100',1,0.21114999999999998,0.0012439721325924796,0.14554989548478312,29.55710249655668
'01001011',1,0.2110633333333333,0.0017734398464252668,0.14554989548478312,29.58607188990884
'01010011',1,0.03093333333333333,0.0003214895885647862,0.16371859383203655,13.072187274333643
'10100110',1,0.09844333333333333,0.0010451262549993163,0.15211056693422548,22.048912113337675
'10101100',1,0.03092,0.0007427426651719056,0.16371859383203655,12.833482669540054
'10101001',1,0.020783333333333334,0.00034567164895155653,0.18286022344991798,11.83079861104425
'00110110',1,0.05284333333333333,0.00010842303978193777,0.1477856838042564,11.46854745075244
'01011001',1,0.09837333333333333,0.0008053708600528214,0.15211056693422548,22.045160190771128
'00010111',1,0.021333333333333333,0.0004403281604540971,0.1767334030075954,6.239498847477993
'10111000',1,0.010890000000000002,3.741657386773928e-5,0.18699370604212076,4.406032132624641
'11101000',1,0.021349999999999997,0.0002760434748368454,0.1767334030075954,6.033443555202839
'11001001',1,0.053880000000000004,0.0008741090702347556,0.1477856838042564,11.383800308238337
'01010110',1,0.021006666666666663,0.00017249798710580928,0.18286022344991798,12.117658070931101
'00011011',1,0.04741,0.00013589211407093201,0.1669651677823822,14.517129669865787
'11100100',1,0.04702666666666666,8.993825042154843e-5,0.1669651677823822,14.621043063581398
'01010111',1,0.005893333333333334,0.00023683092891108807,0.1813307282389369,2.4584236426181465
'10101000',1,0.005906666666666667,0.00028546258754675506,0.1813307282389369,2.4506118966330805
'01000111',1,0.010793333333333335,0.0001851725921644158,0.18699370604212076,4.404823380895166
