states,flag,Avg0,SD0,frust0,time
'11001100',1,0.07349666666666667,0.0005201495511442426,0.13031025583642208,14.345132746010895
'10000110',1,0.027006666666666665,0.0001604853748961422,0.1559273754104842,11.390312300676483
'00111010',1,0.1295333333333333,0.0009197584223890194,0.12318193150388203,20.217995909587305
'01001100',1,0.038356666666666664,0.0005593051244376572,0.14822658814369055,12.756882722042207
'00110011',1,0.07238333333333333,0.00029601051032391456,0.13031025583642208,14.445549384754003
'10101100',1,0.039479999999999994,0.0006842514157822425,0.16328617755808128,12.635951296035364
'11000110',1,0.03229666666666667,0.0006421491692399487,0.1434059813612881,10.039371993203554
'01101001',1,0.01755,0.00014719601443879734,0.15903265495274194,5.8944631189539125
'01101100',1,0.05847333333333334,0.00018979521127315816,0.14326050997285028,12.593384598545454
'11000101',1,0.12978666666666666,0.0005961170653114624,0.12318193150388203,20.228548109373524
'01010011',1,0.03924,0.0003476588366008644,0.16328617755808128,12.737062397882895
'10000111',1,0.03337333333333334,0.0003070649587447051,0.1345865783801353,9.248469309921276
'01100101',1,0.009996666666666666,0.00025315783394730043,0.17104189781418366,3.6544407706285376
'01111001',1,0.026850000000000002,0.0002901723625709378,0.1559273754104842,11.406471435407035
'10100101',1,0.022930000000000002,0.0007446251853561415,0.16425609569821298,8.531747919056949
'00111001',1,0.031196666666666668,0.0007622044053635198,0.1434059813612881,9.994838900382396
'01111000',1,0.03359666666666667,0.0003689022755268532,0.1345865783801353,9.239078326659884
'10010011',1,0.05833666666666667,0.0008719454621069414,0.14326050997285028,12.661060409354869
'10010110',1,0.016816666666666664,0.0002963481436119046,0.15903265495274194,5.870444776755233
'10110100',1,0.018636666666666666,0.0001228368384845884,0.16578721371784155,8.947568524685595
'10110011',1,0.03927,0.000571022474747417,0.14822658814369055,12.855435441255649
'01011010',1,0.022376666666666666,0.00034451253807211204,0.16425609569821298,8.647935858463944
'01001011',1,0.01898,0.000553353413290277,0.16578721371784155,9.09879015669322
'10011010',1,0.010036666666666666,0.00034003267816817563,0.17104189781418366,3.576545245770854
