states,flag,Avg0,SD0,frust0,time
'10001110',1,0.028696666666666665,0.0003419876540981485,0.1566521170447274,6.8091846065838695
'01001101',1,0.06575333333333333,0.0001078064108586405,0.12484259033377508,13.288259602435765
'10110100',1,0.035243333333333335,0.0003320977098519192,0.16003664531491932,12.1103608171434
'10010110',1,0.04732666666666666,0.00039533389544648014,0.13782760085904608,11.075384424785094
'10110001',1,0.14756999999999998,0.0008062671186813118,0.14514788912420945,24.87379938928822
'01101101',1,0.05726666666666667,0.0004161196409153923,0.13622592767765593,14.004875290395006
'11001010',1,0.014583333333333332,0.0001579732748143039,0.16042725204990785,4.878777073858227
'01101001',1,0.04629,8.286535263103977e-5,0.13782760085904608,11.062554362853023
'01001110',1,0.14796333333333334,0.0005354333654983512,0.14514788912420945,25.032829608714437
'00011110',1,0.007656666666666667,0.00028288199345702863,0.1963915961277058,3.2993054419787433
'00110011',1,0.03763333333333333,0.0001405544576153858,0.1489203458397345,10.914373912703661
'01001011',1,0.03545333333333334,1.6996731711974802e-5,0.16003664531491932,12.015842155427576
'00110101',1,0.01455,0.0006636766280852949,0.16042725204990785,4.8889828283130505
'00010111',1,0.013980000000000001,8.164965809277636e-6,0.17011903503538525,4.515020945366281
'01110001',1,0.02834666666666667,0.0002604269997949944,0.1566521170447274,6.756036545690111
'10010010',1,0.05783333333333333,0.0007840634894927563,0.13622592767765593,14.143189619780003
'11001100',1,0.03744,0.0005151698748956491,0.1489203458397345,11.02659868442362
'10110010',1,0.06531666666666668,0.0005377318621353537,0.12484259033377508,13.350515547151835
'11000110',1,0.028316666666666667,0.0005044028372464046,0.14409771208408315,8.184820317265073
'00111001',1,0.02884,0.0007668550493194046,0.14409771208408315,8.315174951424474
'11101000',1,0.014366666666666666,0.00046521201857026664,0.17011903503538525,4.636067152921223
'11100001',1,0.00767,3.559026084010438e-5,0.1963915961277058,3.2082442939696967
'10010101',1,0.015813333333333335,0.00026449112566503144,0.1690053480995293,7.75432050275683
'01101010',1,0.01609,0.0003636848452529571,0.1690053480995293,7.576646543327811
