states,flag,Avg0,SD0,frust0,time
'10110010',1,0.10854000000000001,0.001200083330440013,0.1435005880467014,17.320207329236514
'10001110',1,0.031166666666666662,0.0004643513995049677,0.18691735027984796,10.74971077155152
'10100110',1,0.09062666666666667,0.0004946603773185091,0.16000973933744933,18.394301591952367
'01011001',1,0.0907,0.0008208938217983284,0.16000973933744933,18.175253975359478
'00001111',1,0.0183,0.0001699019324983284,0.20036310309541905,6.700482770206167
'10111000',1,0.08034000000000001,0.0007797862955109367,0.1647704678821961,18.485947544956147
'00011101',1,0.02236,9.899494936611694e-5,0.18465613842114606,8.226209572735309
'01110001',1,0.030770000000000002,0.0002760434748368446,0.18691735027984796,10.715978762181651
'01000111',1,0.08024666666666667,0.0007237095795659716,0.1647704678821961,18.43397944557861
'01001101',1,0.10901333333333334,0.0008791789098673571,0.1435005880467014,17.152692361233267
'11110000',1,0.017673333333333333,0.0002548637980482032,0.20036310309541905,6.841885587710283
'01010011',1,0.025396666666666665,0.0004650686926561371,0.17886494825062163,7.163617842337341
'11000110',1,0.061713333333333335,0.000628454895402648,0.1686783102471134,13.824398797435864
'10010011',1,0.026416666666666668,0.00040474957964428183,0.16986282023804966,8.450389090471068
'00111001',1,0.06091666666666667,0.0005210459565996903,0.1686783102471134,13.732559370138318
'10101100',1,0.02537666666666667,0.00047842333648024445,0.17886494825062163,7.320055846954589
'00101101',1,0.008693333333333332,0.00034740306401770393,0.2043465616935878,3.34510577043217
'01101100',1,0.026793333333333336,0.0005382275437850519,0.16986282023804966,8.492815638248915
'11010010',1,0.00908,0.00019131126469709028,0.2043465616935878,3.2741512882003048
'11100010',1,0.02287,0.00029393876913398213,0.18465613842114606,8.337930858847152
'11000011',1,0.026526666666666667,0.0004014418457953225,0.172706827890377,7.753278224143918
'00111100',1,0.02648,0.00032782108941717934,0.172706827890377,7.718811868963104
