states,flag,Avg0,SD0,frust0,time
'00011011',1,0.18412666666666666,0.00048127146416780474,0.13166574482038826,20.086250277023183
'01110100',1,0.020063333333333332,6.649979114419893e-5,0.19196553439507455,7.545343096491963
'01000111',1,0.03646,0.0003278210894171778,0.1753923585044127,10.323905663783494
'11100100',1,0.18372666666666668,0.0008797853273510678,0.13166574482038826,20.074373213842268
'01100010',1,0.03335,0.00035364765892999456,0.1625485518438261,11.028156708961026
'10010101',1,0.01414,0.000344770455037358,0.1764006190055579,4.63956538746299
'10100011',1,0.04216333333333333,0.00024087802353519645,0.1794378258152288,14.24032241753446
'11101000',1,0.02093333333333333,0.0001918911728616574,0.1706870401557548,7.724314098658433
'11100010',1,0.04987666666666666,0.0007269265590293311,0.1418627000314415,10.590260720228194
'10111000',1,0.036346666666666666,0.0008364342306614557,0.1753923585044127,10.447984994990831
'01100101',1,0.02649333333333333,0.0005295490744229687,0.17005663495147608,7.022066918053958
'01100011',1,0.02234333333333333,0.000158605030044937,0.1635195332082323,5.303728521040597
'10011101',1,0.03331,0.0005142632270215973,0.1625485518438261,10.95661589040804
'10001011',1,0.02034,0.00016673332000533136,0.19196553439507455,7.500975198381446
'00010111',1,0.020456666666666668,0.00041282226468811325,0.1706870401557548,7.538655375552282
'01011100',1,0.043346666666666665,0.0007536724900261539,0.1794378258152288,14.25268257323959
'01001101',1,0.019496666666666666,0.000658297467377444,0.18590444819408486,6.02928867391342
'11010100',1,0.021246666666666664,0.0004859583887078765,0.17242939660174578,5.69146986806616
'00011101',1,0.04999666666666667,0.0004563867755411949,0.1418627000314415,10.476304356270967
'01010101',1,0.00856,0.00015641824275533403,0.18356189384424024,3.731476892929534
'10011100',1,0.02240666666666667,0.00028311756490114636,0.1635195332082323,5.351137391535853
'01101010',1,0.014429999999999998,0.000387384391356527,0.1764006190055579,4.587770653240427
'10011010',1,0.027010000000000003,0.00041044691089916384,0.17005663495147608,6.943533375562435
'00101011',1,0.021089999999999998,0.00013490737563232058,0.17242939660174578,5.596589161732857
'10110010',1,0.019666666666666666,0.0001746106780494509,0.18590444819408486,6.138010659882675
'10101010',1,0.008620000000000001,0.00014445299120013618,0.18356189384424024,3.7369226420895387
