states,flag,Avg0,SD0,frust0,time
'10100110',1,0.022996666666666665,0.0003653613127971936,0.19215617398040324,7.8508948799808005
'01001011',1,0.052636666666666665,0.0007926888138201231,0.18631151543184077,15.513965210444729
'01010110',1,0.18805000000000002,4.320493798938183e-5,0.18572201761156648,73.62026593664807
'11010001',1,0.10056333333333334,0.0004525728916121896,0.16383495212027757,15.786752049825566
'10110100',1,0.052616666666666666,0.000585168541722998,0.18631151543184077,15.299622340876121
'01000111',1,0.03943666666666667,0.0001569146972791968,0.18349594891067544,16.838238376679968
'10111000',1,0.03968,0.00011313708498984627,0.18349594891067544,17.31958281402314
'10101001',1,0.18985333333333332,0.0011133832324147104,0.18572201761156648,73.47514731832437
'10011001',1,0.02819333333333333,0.0006731187776974363,0.179302676474293,18.11905734070613
'00101110',1,0.09980666666666665,0.0004166799997866726,0.16383495212027757,15.751985222251848
'11011000',1,0.024179999999999997,0.00021275964529643911,0.19148320549497483,8.874194637340786
'01011001',1,0.02273,0.0002922327839240496,0.19215617398040324,7.674130511908115
'01100110',1,0.028703333333333334,0.0007641262257565104,0.179302676474293,18.263945689127777
'11001010',1,0.017580000000000002,0.0002970970660687619,0.20505697413747603,5.969225656003933
'00100111',1,0.02333,0.00015121728296284956,0.19148320549497483,8.816794749921149
'10001001',1,0.025913333333333333,0.0004045024378445963,0.18941912072252506,12.206670974221652
'01110110',1,0.026113333333333336,0.00018909139471577207,0.18941912072252506,12.155864108906293
'00110101',1,0.017616666666666666,0.00041096093353126546,0.20505697413747603,6.030598339565562
