states,flag,Avg0,SD0,frust0,time
'10001101',1,0.12461,0.0007361159328982566,0.1400398404680376,22.08971926960196
'01110001',1,0.10685333333333331,0.00044078213313255904,0.12791077761818367,17.20144026718018
'01011001',1,0.023833333333333335,0.0003890444133457707,0.16721489878218385,7.95903223371279
'01001110',1,0.038046666666666666,0.00017249798710580695,0.1582797759836526,10.329766000201525
'10110001',1,0.03771333333333333,0.0004152375491477402,0.1582797759836526,10.436443271229983
'01010100',1,0.011399999999999999,0.0005123150072627843,0.17170002996358602,4.446031150193311
'01001101',1,0.029553333333333334,0.00021139746660943793,0.16511004429780415,12.735957402591978
'01110010',1,0.12289666666666667,0.0003779182745279997,0.1400398404680376,22.04541366262961
'01011010',1,0.05088,0.00030539591789456946,0.15441094095168653,14.055235833758212
'00101110',1,0.012126666666666668,0.00023809428571238106,0.18495346636067433,5.779839122478124
'10100101',1,0.051936666666666666,0.001212554695215391,0.15441094095168653,13.84696349753998
'10001110',1,0.10594666666666668,0.0008332399947727491,0.12791077761818367,17.26603500465808
'10101011',1,0.011016666666666666,0.00024783507060588135,0.17170002996358602,4.490927443629413
'00011110',1,0.04083,0.0003894440481849321,0.15067403713410052,15.281213257428794
'01101001',1,0.03355666666666667,0.00048030083165542136,0.15690562620816462,11.961758722908245
'01011100',1,0.029953333333333332,0.0004691363222869116,0.1552521140757182,8.836110346364736
'10100110',1,0.023860000000000003,0.00020016659728003275,0.16721489878218385,7.776525896913802
'10110010',1,0.029146666666666668,0.0003147838764754148,0.16511004429780415,12.880202763617831
'11100001',1,0.04111,0.0005568363014986241,0.15067403713410052,15.2022341242553
'10100011',1,0.029546666666666666,0.00047394326899136515,0.1552521140757182,9.00372648482162
'11010001',1,0.012020000000000001,0.0005111425111127684,0.18495346636067433,5.584449258486713
'10010110',1,0.03316333333333333,0.000346634613902817,0.15690562620816462,11.726514287767381
