states,flag,Avg0,SD0,frust0,time
'01100110',1,0.03566333333333333,0.0003399346342395201,0.1814631046651256,10.813147655263327
'01100011',1,0.022896666666666666,0.00022602851344219523,0.17775098517168778,8.629414010121046
'10110110',1,0.04025,0.0005198076567346804,0.18913918679499891,13.388528206501448
'11010100',1,0.18438333333333332,0.0012539094420606618,0.16861644019661284,29.128944838292274
'01100001',1,0.03581666666666666,0.00025302612952464665,0.18168574499640444,11.211741793136172
'10011010',1,0.04341333333333333,0.0005462803513052828,0.17106022771498094,12.784140010046018
'00101011',1,0.1847466666666667,0.0007055179342550744,0.16861644019661284,28.944270096078302
'10011110',1,0.036193333333333334,0.0001302134998974963,0.18168574499640444,11.174343737662497
'01100101',1,0.04397,0.0008440774056131755,0.17106022771498094,12.697582668537585
'10011001',1,0.03445666666666667,0.0008080566536794056,0.1814631046651256,11.024193653303513
'11011000',1,0.050133333333333335,0.00015860503004493735,0.17399534233366531,15.89692872144706
'00011011',1,0.023036666666666667,0.0002422578974747542,0.17229870314638465,6.86146895690059
'10011100',1,0.023446666666666668,0.0004892397730720148,0.17775098517168778,8.78277871714379
'11100100',1,0.023186666666666664,0.0004282003684673279,0.17229870314638465,7.007146826056193
'10101001',1,0.04654666666666666,9.843215373488799e-5,0.17438891991594405,13.165269597015486
'01001001',1,0.04106666666666667,0.0006532142748661354,0.18913918679499891,13.494624390066774
'01010110',1,0.04662666666666667,0.0005033443707399111,0.17438891991594405,13.162776212382312
'00100111',1,0.05027333333333334,0.00024417662095749915,0.17399534233366531,15.949355528599812
'00010111',1,0.016960000000000003,0.00038052595180880955,0.183517764969159,5.160607820046557
'11101000',1,0.01693333333333333,0.0004360682923070141,0.183517764969159,5.250520158618701
