states,flag,Avg0,SD0,frust0,time
'01101001',1,0.07278,0.0004781213235152787,0.15922384973799072,16.277194259406063
'00100111',1,0.034423333333333334,0.00035612107803698295,0.15847006135470887,11.821535650726394
'11010100',1,0.022726666666666662,0.00028110891523077384,0.16147572516974537,9.654691961584035
'00101011',1,0.022983333333333338,0.0004224005471376928,0.16147572516974537,9.576094595811556
'10011100',1,0.10522,0.0010940140157542164,0.14947494983154974,17.90838725322148
'00101101',1,0.02813,0.000517751549168775,0.15380200474577346,8.65077733137891
'10010110',1,0.07237333333333333,0.0003252007926736286,0.15922384973799072,16.24189421995549
'01100101',1,0.0942,0.0007074366873909402,0.14276388629274492,17.84780606849711
'01100011',1,0.10641666666666667,0.0002425329301810836,0.14947494983154974,17.964400790514613
'10101100',1,0.04155,0.0002426245384677028,0.1708044264665391,13.652405008858574
'01010101',1,0.03528,6.164414002969138e-5,0.16206230868631608,12.615856323278608
'11001010',1,0.012936666666666666,0.00047204048790566917,0.16835243178236123,4.950485903731277
'10011010',1,0.09497,0.0006763135367564416,0.14276388629274492,17.809962743276195
'11011000',1,0.034486666666666665,0.0003519785346990463,0.15847006135470887,11.733585965782277
'01010011',1,0.041780000000000005,0.0005844655678480981,0.1708044264665391,13.602196755498516
'10100110',1,0.018879999999999997,0.00018832595855767473,0.15739325094876028,7.145918800564506
'11100010',1,0.018683333333333333,0.00030070288030250436,0.15521664774715985,6.871113612373968
'00011101',1,0.019206666666666664,0.0002583709650010156,0.15521664774715985,6.805029407277797
'10101010',1,0.035256666666666665,0.0008263305768409059,0.16206230868631608,12.31142488361848
'01011001',1,0.019553333333333336,0.0004834827355299832,0.15739325094876028,7.267360802060892
'00110101',1,0.013303333333333334,0.0005504745427558134,0.16835243178236123,5.127111778400147
'01100110',1,0.01358,0.00012027745701779145,0.16795250695785302,4.536903045777769
'10011001',1,0.013443333333333335,0.0001481740718059526,0.16795250695785302,4.587090738481851
'11010010',1,0.027836666666666666,9.741092797468396e-5,0.15380200474577346,8.74043135588336
