states,flag,Avg0,SD0,frust0,time
'00110101',1,0.015183333333333333,0.00023328570942563633,0.1519574659867758,4.966763493928695
'10010110',1,0.011716666666666667,0.00031041191271527523,0.16529357346558923,4.289540172753372
'10110100',1,0.048576666666666664,0.0002041785710815142,0.1475214286727158,11.574288952285222
'10110001',1,0.04497,0.0007118052168020864,0.14367278067143263,11.953579967359317
'11010001',1,0.16554666666666668,0.0005748236444529882,0.1380813938362898,26.494391071642923
'00101110',1,0.16369666666666668,0.000981744479089249,0.1380813938362898,26.611348673938995
'01110100',1,0.10282999999999999,0.0004997999599839899,0.12753751361647978,14.907201652187283
'10101010',1,0.022140000000000003,0.0002857738033247038,0.14168442376966905,6.251488778834264
'10001011',1,0.10096,0.0013652106064633374,0.12753751361647978,14.78311426936511
'11010010',1,0.02487666666666667,0.00011323525167641991,0.15295865859858673,5.8532052056844615
'10101001',1,0.017336666666666667,0.000144299072146089,0.1554856620040473,4.874908344341133
'00010101',1,0.0103,0.00036578682316343775,0.16058636147702723,4.007007681369365
'01101001',1,0.011573333333333333,0.00043052938988593536,0.16529357346558923,4.465940342708113
'01001011',1,0.04769333333333333,0.0010319022348179228,0.1475214286727158,11.611086351995406
'11001010',1,0.015163333333333334,0.00041994708661396356,0.1519574659867758,5.049827963989706
'10010101',1,0.021650000000000003,0.00011860297916438076,0.14513658285391232,6.3061553373733785
'01010101',1,0.022070000000000003,0.0003182242395963367,0.14168442376966905,6.287595566375278
'01010110',1,0.017736666666666664,0.0001268419839362688,0.1554856620040473,4.954982085397699
'01001110',1,0.044533333333333334,0.0006625372106950331,0.14367278067143263,12.007555221090657
'01101010',1,0.02155,0.00035393031329156714,0.14513658285391232,6.256369439002358
'00011101',1,0.0171,0.0001131370849898479,0.15297590428670024,6.030970088224824
'00101101',1,0.024576666666666667,0.0005134415470355139,0.15295865859858673,5.72475854694985
'11101010',1,0.010886666666666668,0.0003380663971602156,0.16058636147702723,4.176950154285282
'11100010',1,0.017333333333333333,0.0002536839678725396,0.15297590428670024,5.9859423679239
