states,flag,Avg0,SD0,frust0,time
'11010100',1,0.17746666666666666,0.001302979491609735,0.16051642026580054,25.960413829703413
'00101011',1,0.17712000000000003,0.0005140038910358472,0.16051642026580054,25.91804055402481
'00110110',1,0.04696333333333333,0.0005701656679324796,0.18214088652289293,15.572459972635839
'00111010',1,0.06642333333333333,0.00018190351532856465,0.16537117888310862,19.711268316101677
'01001011',1,0.03648666666666667,0.0004202644669993206,0.1626973088086289,16.171784000229355
'01011001',1,0.04111,0.00025311394008759323,0.18577026034333924,15.192629873662227
'00111100',1,0.010193333333333334,0.00015151090903151368,0.19324576927409365,3.4891030311387574
'10100110',1,0.04099,0.0004648297179254651,0.18577026034333924,15.464386470125758
'11000101',1,0.06556000000000001,0.0003942080668885415,0.16537117888310862,19.6805186717295
'10110010',1,0.013266666666666668,0.00011813363431112872,0.19146330987900428,4.431908955244917
'01000111',1,0.027120000000000002,0.00011775681155103747,0.188466971129376,15.216019538527226
'01001101',1,0.012883333333333335,0.000282174099134244,0.19146330987900428,4.482605428147785
'01001110',1,0.04918666666666666,7.408703590297602e-5,0.16649642070413137,15.507770724291165
'11000011',1,0.010213333333333333,0.00015173075568988056,0.19324576927409365,3.412477186656901
'00101110',1,0.032826666666666664,0.00029408993333483675,0.1573412404908402,10.97825072363347
'11010001',1,0.032876666666666665,0.00044902363214225364,0.1573412404908402,11.003048119748572
'11001001',1,0.04578666666666666,0.0007417247168293331,0.18214088652289293,15.63655034903483
'10111000',1,0.02729,0.0004982636517614613,0.188466971129376,14.996996468600711
'10110100',1,0.03716333333333333,0.0003026916289265722,0.1626973088086289,16.10513789495774
'10110001',1,0.04907333333333334,0.0002786076492528916,0.16649642070413137,15.677733485315619
